id,cat_id,store_id,state_id,date,sales,pred_naive,pred_ridge,pred_xgb
FOODS_CA_1,FOODS,CA_1,CA,2016-02-29,16,12.0,15.921513,15.802636
FOODS_CA_1,FOODS,CA_1,CA,2016-03-01,13,21.0,16.61255,16.305813
FOODS_CA_1,FOODS,CA_1,CA,2016-03-02,18,13.0,15.649758,15.719347
FOODS_CA_1,FOODS,CA_1,CA,2016-03-03,20,12.0,16.50577,16.591337
FOODS_CA_1,FOODS,CA_1,CA,2016-03-04,10,21.0,17.298908,17.750353
FOODS_CA_1,FOODS,CA_1,CA,2016-03-05,24,14.0,21.42155,22.253437
FOODS_CA_1,FOODS,CA_1,CA,2016-03-06,34,26.0,20.83662,22.25155
FOODS_CA_1,FOODS,CA_1,CA,2016-03-07,17,16.0,19.224247,20.305445
FOODS_CA_1,FOODS,CA_1,CA,2016-03-08,20,13.0,19.08141,18.342274
FOODS_CA_1,FOODS,CA_1,CA,2016-03-09,18,18.0,17.483915,18.504255
FOODS_CA_1,FOODS,CA_1,CA,2016-03-10,21,20.0,19.341473,18.768373
FOODS_CA_1,FOODS,CA_1,CA,2016-03-11,16,10.0,19.564089,17.39699
FOODS_CA_1,FOODS,CA_1,CA,2016-03-12,24,24.0,22.215214,22.839464
FOODS_CA_1,FOODS,CA_1,CA,2016-03-13,40,34.0,23.572815,24.017294
FOODS_CA_1,FOODS,CA_1,CA,2016-03-14,15,17.0,20.915844,19.394142
FOODS_CA_1,FOODS,CA_1,CA,2016-03-15,17,20.0,19.65592,17.14972
FOODS_CA_1,FOODS,CA_1,CA,2016-03-16,16,18.0,18.397928,17.869057
FOODS_CA_1,FOODS,CA_1,CA,2016-03-17,17,21.0,18.621895,16.035805
FOODS_CA_1,FOODS,CA_1,CA,2016-03-18,15,16.0,17.739508,17.985039
FOODS_CA_1,FOODS,CA_1,CA,2016-03-19,23,24.0,22.683283,23.615446
FOODS_CA_1,FOODS,CA_1,CA,2016-03-20,28,40.0,22.258186,24.109825
FOODS_CA_1,FOODS,CA_1,CA,2016-03-21,28,15.0,15.716162,16.589489
FOODS_CA_1,FOODS,CA_1,CA,2016-03-22,15,17.0,18.81297,16.56775
FOODS_CA_1,FOODS,CA_1,CA,2016-03-23,19,16.0,17.141092,16.037806
FOODS_CA_1,FOODS,CA_1,CA,2016-03-24,12,17.0,17.476624,16.313717
FOODS_CA_1,FOODS,CA_1,CA,2016-03-25,26,15.0,18.023516,17.151072
FOODS_CA_1,FOODS,CA_1,CA,2016-03-26,18,23.0,21.261263,23.50604
FOODS_CA_1,FOODS,CA_1,CA,2016-03-27,28,28.0,24.304798,23.095577
FOODS_CA_1,FOODS,CA_1,CA,2016-03-28,22,28.0,18.014153,16.363714
FOODS_CA_1,FOODS,CA_1,CA,2016-03-29,25,15.0,16.975283,15.507912
FOODS_CA_1,FOODS,CA_1,CA,2016-03-30,14,19.0,18.786312,15.732242
FOODS_CA_1,FOODS,CA_1,CA,2016-03-31,23,12.0,18.684381,16.108244
FOODS_CA_1,FOODS,CA_1,CA,2016-04-01,26,26.0,19.184904,22.026255
FOODS_CA_1,FOODS,CA_1,CA,2016-04-02,42,18.0,24.429373,28.102104
FOODS_CA_1,FOODS,CA_1,CA,2016-04-03,26,28.0,29.098639,33.505398
FOODS_CA_1,FOODS,CA_1,CA,2016-04-04,23,22.0,23.634155,27.507187
FOODS_CA_1,FOODS,CA_1,CA,2016-04-05,20,25.0,23.232473,25.426422
FOODS_CA_1,FOODS,CA_1,CA,2016-04-06,28,14.0,22.68973,25.45291
FOODS_CA_1,FOODS,CA_1,CA,2016-04-07,28,23.0,24.0797,25.19311
FOODS_CA_1,FOODS,CA_1,CA,2016-04-08,34,26.0,24.796944,27.474195
FOODS_CA_1,FOODS,CA_1,CA,2016-04-09,36,42.0,28.888922,32.2469
FOODS_CA_1,FOODS,CA_1,CA,2016-04-10,54,26.0,31.474218,35.368404
FOODS_CA_1,FOODS,CA_1,CA,2016-04-11,37,23.0,27.631527,26.114977
FOODS_CA_1,FOODS,CA_1,CA,2016-04-12,22,20.0,29.591902,25.5082
FOODS_CA_1,FOODS,CA_1,CA,2016-04-13,18,28.0,28.734394,25.140524
FOODS_CA_1,FOODS,CA_1,CA,2016-04-14,33,28.0,28.540922,24.540123
FOODS_CA_1,FOODS,CA_1,CA,2016-04-15,17,34.0,28.906815,25.969408
FOODS_CA_1,FOODS,CA_1,CA,2016-04-16,13,36.0,32.011135,30.346567
FOODS_CA_1,FOODS,CA_1,CA,2016-04-17,44,54.0,29.148268,31.223814
FOODS_CA_1,FOODS,CA_1,CA,2016-04-18,25,37.0,25.165096,24.02664
FOODS_CA_1,FOODS,CA_1,CA,2016-04-19,25,22.0,21.41493,18.646862
FOODS_CA_1,FOODS,CA_1,CA,2016-04-20,14,18.0,22.938046,19.148241
FOODS_CA_1,FOODS,CA_1,CA,2016-04-21,22,33.0,21.421755,18.948057
FOODS_CA_1,FOODS,CA_1,CA,2016-04-22,10,17.0,22.787046,23.23374
FOODS_CA_1,FOODS,CA_1,CA,2016-04-23,29,13.0,23.352585,25.823257
FOODS_CA_1,FOODS,CA_1,CA,2016-04-24,31,44.0,28.031263,29.529104
FOODS_CA_2,FOODS,CA_2,CA,2016-02-29,43,18.0,24.503801,23.50211
FOODS_CA_2,FOODS,CA_2,CA,2016-03-01,15,17.0,28.356655,28.72056
FOODS_CA_2,FOODS,CA_2,CA,2016-03-02,15,15.0,26.295332,28.323254
FOODS_CA_2,FOODS,CA_2,CA,2016-03-03,24,20.0,29.713406,28.949247
FOODS_CA_2,FOODS,CA_2,CA,2016-03-04,25,29.0,28.49828,28.107096
FOODS_CA_2,FOODS,CA_2,CA,2016-03-05,26,45.0,31.304317,39.646564
FOODS_CA_2,FOODS,CA_2,CA,2016-03-06,58,49.0,32.545677,36.036083
FOODS_CA_2,FOODS,CA_2,CA,2016-03-07,23,43.0,26.504095,28.7624
FOODS_CA_2,FOODS,CA_2,CA,2016-03-08,25,15.0,23.015835,27.789967
FOODS_CA_2,FOODS,CA_2,CA,2016-03-09,23,15.0,25.979279,28.5444
FOODS_CA_2,FOODS,CA_2,CA,2016-03-10,23,24.0,27.831818,29.742199
FOODS_CA_2,FOODS,CA_2,CA,2016-03-11,30,25.0,25.486132,27.462877
FOODS_CA_2,FOODS,CA_2,CA,2016-03-12,43,26.0,32.68621,35.78934
FOODS_CA_2,FOODS,CA_2,CA,2016-03-13,43,58.0,34.94804,36.333523
FOODS_CA_2,FOODS,CA_2,CA,2016-03-14,19,23.0,29.458586,26.01676
FOODS_CA_2,FOODS,CA_2,CA,2016-03-15,35,25.0,27.858198,24.226946
FOODS_CA_2,FOODS,CA_2,CA,2016-03-16,20,23.0,25.877047,23.819279
FOODS_CA_2,FOODS,CA_2,CA,2016-03-17,16,23.0,27.649813,21.502975
FOODS_CA_2,FOODS,CA_2,CA,2016-03-18,25,30.0,27.68158,25.314157
FOODS_CA_2,FOODS,CA_2,CA,2016-03-19,5,43.0,30.412851,31.687132
FOODS_CA_2,FOODS,CA_2,CA,2016-03-20,4,43.0,33.25753,28.441137
FOODS_CA_2,FOODS,CA_2,CA,2016-03-21,9,19.0,16.52044,16.816418
FOODS_CA_2,FOODS,CA_2,CA,2016-03-22,5,35.0,15.441813,15.939049
FOODS_CA_2,FOODS,CA_2,CA,2016-03-23,16,20.0,11.558317,12.012507
FOODS_CA_2,FOODS,CA_2,CA,2016-03-24,11,16.0,11.825136,10.786864
FOODS_CA_2,FOODS,CA_2,CA,2016-03-25,21,25.0,13.214337,14.199896
FOODS_CA_2,FOODS,CA_2,CA,2016-03-26,44,5.0,18.799725,17.038431
FOODS_CA_2,FOODS,CA_2,CA,2016-03-27,34,4.0,24.360266,23.179146
FOODS_CA_2,FOODS,CA_2,CA,2016-03-28,17,9.0,22.164646,21.926224
FOODS_CA_2,FOODS,CA_2,CA,2016-03-29,31,5.0,19.771769,17.708645
FOODS_CA_2,FOODS,CA_2,CA,2016-03-30,29,16.0,21.364552,19.396784
FOODS_CA_2,FOODS,CA_2,CA,2016-03-31,28,11.0,23.86416,20.134716
FOODS_CA_2,FOODS,CA_2,CA,2016-04-01,31,21.0,27.520908,29.055809
FOODS_CA_2,FOODS,CA_2,CA,2016-04-02,58,44.0,29.643188,35.73828
FOODS_CA_2,FOODS,CA_2,CA,2016-04-03,41,34.0,36.28335,41.823334
FOODS_CA_2,FOODS,CA_2,CA,2016-04-04,20,17.0,29.362713,30.94617
FOODS_CA_2,FOODS,CA_2,CA,2016-04-05,21,31.0,29.691809,30.870996
FOODS_CA_2,FOODS,CA_2,CA,2016-04-06,24,29.0,29.189266,29.266977
FOODS_CA_2,FOODS,CA_2,CA,2016-04-07,18,28.0,28.305387,28.69641
FOODS_CA_2,FOODS,CA_2,CA,2016-04-08,20,31.0,29.069662,31.219315
FOODS_CA_2,FOODS,CA_2,CA,2016-04-09,39,58.0,34.05189,40.10834
FOODS_CA_2,FOODS,CA_2,CA,2016-04-10,49,41.0,31.290972,36.491028
FOODS_CA_2,FOODS,CA_2,CA,2016-04-11,15,20.0,24.46377,23.988838
FOODS_CA_2,FOODS,CA_2,CA,2016-04-12,28,21.0,27.524958,20.832262
FOODS_CA_2,FOODS,CA_2,CA,2016-04-13,20,24.0,25.690155,20.122118
FOODS_CA_2,FOODS,CA_2,CA,2016-04-14,16,18.0,24.498999,19.573156
FOODS_CA_2,FOODS,CA_2,CA,2016-04-15,32,20.0,25.903933,23.896555
FOODS_CA_2,FOODS,CA_2,CA,2016-04-16,28,39.0,28.443224,28.842999
FOODS_CA_2,FOODS,CA_2,CA,2016-04-17,24,49.0,25.651718,28.30586
FOODS_CA_2,FOODS,CA_2,CA,2016-04-18,27,15.0,19.346375,19.823757
FOODS_CA_2,FOODS,CA_2,CA,2016-04-19,19,28.0,19.985802,19.470161
FOODS_CA_2,FOODS,CA_2,CA,2016-04-20,22,20.0,20.940552,18.435488
FOODS_CA_2,FOODS,CA_2,CA,2016-04-21,16,16.0,19.848627,18.824318
FOODS_CA_2,FOODS,CA_2,CA,2016-04-22,17,32.0,21.561249,22.712404
FOODS_CA_2,FOODS,CA_2,CA,2016-04-23,33,28.0,27.43931,26.230656
FOODS_CA_2,FOODS,CA_2,CA,2016-04-24,36,24.0,27.13287,29.392601
FOODS_CA_3,FOODS,CA_3,CA,2016-02-29,43,31.0,30.420591,30.798487
FOODS_CA_3,FOODS,CA_3,CA,2016-03-01,35,27.0,31.281155,35.68239
FOODS_CA_3,FOODS,CA_3,CA,2016-03-02,41,27.0,31.82802,34.804737
FOODS_CA_3,FOODS,CA_3,CA,2016-03-03,42,34.0,34.522472,35.777813
FOODS_CA_3,FOODS,CA_3,CA,2016-03-04,33,47.0,34.73014,40.602577
FOODS_CA_3,FOODS,CA_3,CA,2016-03-05,36,22.0,36.824013,40.15444
FOODS_CA_3,FOODS,CA_3,CA,2016-03-06,51,25.0,38.681465,49.592747
FOODS_CA_3,FOODS,CA_3,CA,2016-03-07,48,43.0,36.801716,37.004585
FOODS_CA_3,FOODS,CA_3,CA,2016-03-08,39,35.0,37.748352,35.49087
FOODS_CA_3,FOODS,CA_3,CA,2016-03-09,48,41.0,39.453377,36.30897
FOODS_CA_3,FOODS,CA_3,CA,2016-03-10,39,42.0,42.401527,38.784504
FOODS_CA_3,FOODS,CA_3,CA,2016-03-11,30,33.0,40.160404,34.781544
FOODS_CA_3,FOODS,CA_3,CA,2016-03-12,46,36.0,41.09577,39.761257
FOODS_CA_3,FOODS,CA_3,CA,2016-03-13,47,51.0,39.879997,46.316547
FOODS_CA_3,FOODS,CA_3,CA,2016-03-14,56,48.0,43.040752,37.821507
FOODS_CA_3,FOODS,CA_3,CA,2016-03-15,40,39.0,39.738834,35.608448
FOODS_CA_3,FOODS,CA_3,CA,2016-03-16,29,48.0,38.82376,36.208607
FOODS_CA_3,FOODS,CA_3,CA,2016-03-17,26,39.0,39.56065,32.321873
FOODS_CA_3,FOODS,CA_3,CA,2016-03-18,32,30.0,35.654625,34.04564
FOODS_CA_3,FOODS,CA_3,CA,2016-03-19,50,46.0,40.552414,42.290466
FOODS_CA_3,FOODS,CA_3,CA,2016-03-20,44,47.0,41.69769,45.461143
FOODS_CA_3,FOODS,CA_3,CA,2016-03-21,36,56.0,36.73912,35.32161
FOODS_CA_3,FOODS,CA_3,CA,2016-03-22,38,40.0,33.055702,31.114498
FOODS_CA_3,FOODS,CA_3,CA,2016-03-23,40,29.0,33.445095,31.840952
FOODS_CA_3,FOODS,CA_3,CA,2016-03-24,30,26.0,34.98007,33.809055
FOODS_CA_3,FOODS,CA_3,CA,2016-03-25,38,32.0,36.71689,36.661186
FOODS_CA_3,FOODS,CA_3,CA,2016-03-26,40,50.0,37.12547,42.427887
FOODS_CA_3,FOODS,CA_3,CA,2016-03-27,86,44.0,36.963547,42.45356
FOODS_CA_3,FOODS,CA_3,CA,2016-03-28,54,36.0,42.710762,44.56654
FOODS_CA_3,FOODS,CA_3,CA,2016-03-29,48,38.0,42.193607,38.041943
FOODS_CA_3,FOODS,CA_3,CA,2016-03-30,42,40.0,43.379787,38.21148
FOODS_CA_3,FOODS,CA_3,CA,2016-03-31,27,30.0,43.51861,39.822212
FOODS_CA_3,FOODS,CA_3,CA,2016-04-01,44,38.0,43.402527,46.579445
FOODS_CA_3,FOODS,CA_3,CA,2016-04-02,57,40.0,48.2978,53.91461
FOODS_CA_3,FOODS,CA_3,CA,2016-04-03,71,86.0,52.13364,59.516003
FOODS_CA_3,FOODS,CA_3,CA,2016-04-04,40,54.0,46.722782,48.37371
FOODS_CA_3,FOODS,CA_3,CA,2016-04-05,34,48.0,43.920555,43.607876
FOODS_CA_3,FOODS,CA_3,CA,2016-04-06,40,42.0,44.030384,44.447243
FOODS_CA_3,FOODS,CA_3,CA,2016-04-07,28,27.0,41.642338,45.009716
FOODS_CA_3,FOODS,CA_3,CA,2016-04-08,33,44.0,40.953476,45.027985
FOODS_CA_3,FOODS,CA_3,CA,2016-04-09,43,57.0,44.826042,51.990063
FOODS_CA_3,FOODS,CA_3,CA,2016-04-10,85,71.0,46.86731,58.723312
FOODS_CA_3,FOODS,CA_3,CA,2016-04-11,40,40.0,44.992977,45.05166
FOODS_CA_3,FOODS,CA_3,CA,2016-04-12,55,34.0,41.94119,39.338184
FOODS_CA_3,FOODS,CA_3,CA,2016-04-13,28,40.0,41.97214,35.444714
FOODS_CA_3,FOODS,CA_3,CA,2016-04-14,30,28.0,39.045677,38.59444
FOODS_CA_3,FOODS,CA_3,CA,2016-04-15,41,33.0,41.440136,39.18638
FOODS_CA_3,FOODS,CA_3,CA,2016-04-16,34,43.0,48.486572,44.563606
FOODS_CA_3,FOODS,CA_3,CA,2016-04-17,41,85.0,47.67115,52.296192
FOODS_CA_3,FOODS,CA_3,CA,2016-04-18,36,40.0,36.23399,35.97238
FOODS_CA_3,FOODS,CA_3,CA,2016-04-19,46,55.0,35.637997,34.60062
FOODS_CA_3,FOODS,CA_3,CA,2016-04-20,38,28.0,35.31129,33.863556
FOODS_CA_3,FOODS,CA_3,CA,2016-04-21,30,30.0,33.783657,33.794506
FOODS_CA_3,FOODS,CA_3,CA,2016-04-22,28,41.0,35.30554,34.778492
FOODS_CA_3,FOODS,CA_3,CA,2016-04-23,40,34.0,37.523144,40.836777
FOODS_CA_3,FOODS,CA_3,CA,2016-04-24,57,41.0,48.681335,50.390854
FOODS_CA_4,FOODS,CA_4,CA,2016-02-29,13,8.0,7.7848716,8.357876
FOODS_CA_4,FOODS,CA_4,CA,2016-03-01,12,14.0,8.772849,9.146044
FOODS_CA_4,FOODS,CA_4,CA,2016-03-02,6,8.0,9.4517,9.230605
FOODS_CA_4,FOODS,CA_4,CA,2016-03-03,12,4.0,9.102433,9.279494
FOODS_CA_4,FOODS,CA_4,CA,2016-03-04,10,5.0,8.744053,10.194596
FOODS_CA_4,FOODS,CA_4,CA,2016-03-05,15,10.0,12.103699,11.539186
FOODS_CA_4,FOODS,CA_4,CA,2016-03-06,15,13.0,13.795388,12.2236185
FOODS_CA_4,FOODS,CA_4,CA,2016-03-07,15,13.0,10.814478,11.389884
FOODS_CA_4,FOODS,CA_4,CA,2016-03-08,16,12.0,11.646792,11.230673
FOODS_CA_4,FOODS,CA_4,CA,2016-03-09,8,6.0,10.986315,11.451981
FOODS_CA_4,FOODS,CA_4,CA,2016-03-10,13,12.0,12.122156,12.187935
FOODS_CA_4,FOODS,CA_4,CA,2016-03-11,10,10.0,11.705714,11.772666
FOODS_CA_4,FOODS,CA_4,CA,2016-03-12,10,15.0,14.165095,14.096764
FOODS_CA_4,FOODS,CA_4,CA,2016-03-13,10,15.0,14.612944,13.818753
FOODS_CA_4,FOODS,CA_4,CA,2016-03-14,10,15.0,10.985231,11.17352
FOODS_CA_4,FOODS,CA_4,CA,2016-03-15,10,16.0,10.132226,9.127633
FOODS_CA_4,FOODS,CA_4,CA,2016-03-16,5,8.0,9.712018,9.023676
FOODS_CA_4,FOODS,CA_4,CA,2016-03-17,6,13.0,9.87653,8.862296
FOODS_CA_4,FOODS,CA_4,CA,2016-03-18,11,10.0,7.8918657,8.602224
FOODS_CA_4,FOODS,CA_4,CA,2016-03-19,13,10.0,10.269552,10.949668
FOODS_CA_4,FOODS,CA_4,CA,2016-03-20,14,10.0,10.829664,10.801324
FOODS_CA_4,FOODS,CA_4,CA,2016-03-21,7,10.0,8.421695,9.44704
FOODS_CA_4,FOODS,CA_4,CA,2016-03-22,8,10.0,9.106264,8.819319
FOODS_CA_4,FOODS,CA_4,CA,2016-03-23,5,5.0,7.2766724,7.8871803
FOODS_CA_4,FOODS,CA_4,CA,2016-03-24,11,6.0,6.9873357,7.9855447
FOODS_CA_4,FOODS,CA_4,CA,2016-03-25,9,11.0,7.4245257,9.573759
FOODS_CA_4,FOODS,CA_4,CA,2016-03-26,12,13.0,10.531009,11.453381
FOODS_CA_4,FOODS,CA_4,CA,2016-03-27,7,14.0,11.33981,10.890438
FOODS_CA_4,FOODS,CA_4,CA,2016-03-28,4,7.0,7.768825,8.694451
FOODS_CA_4,FOODS,CA_4,CA,2016-03-29,6,8.0,7.3325853,7.6178207
FOODS_CA_4,FOODS,CA_4,CA,2016-03-30,11,5.0,5.800369,7.2388883
FOODS_CA_4,FOODS,CA_4,CA,2016-03-31,7,11.0,7.5027156,7.5498257
FOODS_CA_4,FOODS,CA_4,CA,2016-04-01,7,9.0,8.241416,9.616401
FOODS_CA_4,FOODS,CA_4,CA,2016-04-02,4,12.0,11.399228,11.192465
FOODS_CA_4,FOODS,CA_4,CA,2016-04-03,16,7.0,10.601681,10.447003
FOODS_CA_4,FOODS,CA_4,CA,2016-04-04,14,4.0,8.588606,10.20056
FOODS_CA_4,FOODS,CA_4,CA,2016-04-05,14,6.0,9.933096,9.795443
FOODS_CA_4,FOODS,CA_4,CA,2016-04-06,12,11.0,9.323261,9.840053
FOODS_CA_4,FOODS,CA_4,CA,2016-04-07,16,7.0,10.713159,10.177795
FOODS_CA_4,FOODS,CA_4,CA,2016-04-08,11,7.0,10.943109,11.97054
FOODS_CA_4,FOODS,CA_4,CA,2016-04-09,17,4.0,14.031149,13.792854
FOODS_CA_4,FOODS,CA_4,CA,2016-04-10,13,16.0,15.0107355,16.643984
FOODS_CA_4,FOODS,CA_4,CA,2016-04-11,11,14.0,11.859117,11.450287
FOODS_CA_4,FOODS,CA_4,CA,2016-04-12,13,14.0,11.647834,10.406028
FOODS_CA_4,FOODS,CA_4,CA,2016-04-13,10,12.0,11.054948,10.243345
FOODS_CA_4,FOODS,CA_4,CA,2016-04-14,13,16.0,10.649683,9.838002
FOODS_CA_4,FOODS,CA_4,CA,2016-04-15,16,11.0,11.023306,11.018663
FOODS_CA_4,FOODS,CA_4,CA,2016-04-16,16,17.0,14.024393,14.489333
FOODS_CA_4,FOODS,CA_4,CA,2016-04-17,19,13.0,14.935123,15.898178
FOODS_CA_4,FOODS,CA_4,CA,2016-04-18,12,11.0,11.766075,12.139623
FOODS_CA_4,FOODS,CA_4,CA,2016-04-19,16,13.0,11.987495,11.532111
FOODS_CA_4,FOODS,CA_4,CA,2016-04-20,8,10.0,11.647741,11.630437
FOODS_CA_4,FOODS,CA_4,CA,2016-04-21,12,13.0,12.700718,11.94822
FOODS_CA_4,FOODS,CA_4,CA,2016-04-22,13,16.0,11.756721,12.153131
FOODS_CA_4,FOODS,CA_4,CA,2016-04-23,15,16.0,14.848424,15.305648
FOODS_CA_4,FOODS,CA_4,CA,2016-04-24,13,19.0,13.591883,14.861474
FOODS_TX_1,FOODS,TX_1,TX,2016-02-29,15,18.0,18.678547,17.346186
FOODS_TX_1,FOODS,TX_1,TX,2016-03-01,28,17.0,16.155262,17.582733
FOODS_TX_1,FOODS,TX_1,TX,2016-03-02,26,6.0,20.206861,15.077365
FOODS_TX_1,FOODS,TX_1,TX,2016-03-03,25,23.0,21.391579,21.78882
FOODS_TX_1,FOODS,TX_1,TX,2016-03-04,20,25.0,20.08538,17.961193
FOODS_TX_1,FOODS,TX_1,TX,2016-03-05,23,17.0,25.011147,28.617737
FOODS_TX_1,FOODS,TX_1,TX,2016-03-06,37,25.0,26.211058,30.520346
FOODS_TX_1,FOODS,TX_1,TX,2016-03-07,22,15.0,21.27674,26.778568
FOODS_TX_1,FOODS,TX_1,TX,2016-03-08,24,28.0,23.366604,20.466108
FOODS_TX_1,FOODS,TX_1,TX,2016-03-09,27,26.0,21.829493,24.340357
FOODS_TX_1,FOODS,TX_1,TX,2016-03-10,13,25.0,23.006317,20.428947
FOODS_TX_1,FOODS,TX_1,TX,2016-03-11,21,20.0,21.618547,24.812115
FOODS_TX_1,FOODS,TX_1,TX,2016-03-12,24,23.0,24.38311,29.924374
FOODS_TX_1,FOODS,TX_1,TX,2016-03-13,30,37.0,24.81894,31.205252
FOODS_TX_1,FOODS,TX_1,TX,2016-03-14,25,22.0,23.196367,22.437843
FOODS_TX_1,FOODS,TX_1,TX,2016-03-15,32,24.0,20.97552,24.742092
FOODS_TX_1,FOODS,TX_1,TX,2016-03-16,25,27.0,21.6964,21.283598
FOODS_TX_1,FOODS,TX_1,TX,2016-03-17,23,13.0,22.458765,18.469585
FOODS_TX_1,FOODS,TX_1,TX,2016-03-18,27,21.0,22.042542,23.2901
FOODS_TX_1,FOODS,TX_1,TX,2016-03-19,21,24.0,27.694796,27.743526
FOODS_TX_1,FOODS,TX_1,TX,2016-03-20,17,30.0,29.568132,31.417528
FOODS_TX_1,FOODS,TX_1,TX,2016-03-21,12,25.0,21.849773,21.067928
FOODS_TX_1,FOODS,TX_1,TX,2016-03-22,9,32.0,20.517475,19.002924
FOODS_TX_1,FOODS,TX_1,TX,2016-03-23,9,25.0,16.372246,16.295895
FOODS_TX_1,FOODS,TX_1,TX,2016-03-24,9,23.0,16.410606,14.792273
FOODS_TX_1,FOODS,TX_1,TX,2016-03-25,23,27.0,15.705945,16.64235
FOODS_TX_1,FOODS,TX_1,TX,2016-03-26,29,21.0,17.003048,19.27006
FOODS_TX_1,FOODS,TX_1,TX,2016-03-27,36,17.0,19.628536,19.636436
FOODS_TX_1,FOODS,TX_1,TX,2016-03-28,19,12.0,16.994438,17.450659
FOODS_TX_1,FOODS,TX_1,TX,2016-03-29,25,9.0,20.270016,19.052639
FOODS_TX_1,FOODS,TX_1,TX,2016-03-30,11,9.0,20.999462,20.871277
FOODS_TX_1,FOODS,TX_1,TX,2016-03-31,12,9.0,21.033396,19.78303
FOODS_TX_1,FOODS,TX_1,TX,2016-04-01,17,23.0,21.998356,22.876368
FOODS_TX_1,FOODS,TX_1,TX,2016-04-02,21,29.0,23.737055,24.945734
FOODS_TX_1,FOODS,TX_1,TX,2016-04-03,25,36.0,24.816166,27.076916
FOODS_TX_1,FOODS,TX_1,TX,2016-04-04,21,19.0,18.183651,15.555679
FOODS_TX_1,FOODS,TX_1,TX,2016-04-05,27,25.0,18.586641,18.150362
FOODS_TX_1,FOODS,TX_1,TX,2016-04-06,28,11.0,19.286024,19.423752
FOODS_TX_1,FOODS,TX_1,TX,2016-04-07,23,12.0,18.877855,20.140858
FOODS_TX_1,FOODS,TX_1,TX,2016-04-08,17,17.0,22.244509,21.555208
FOODS_TX_1,FOODS,TX_1,TX,2016-04-09,23,21.0,25.325434,29.440449
FOODS_TX_1,FOODS,TX_1,TX,2016-04-10,34,25.0,26.94341,30.33324
FOODS_TX_1,FOODS,TX_1,TX,2016-04-11,22,21.0,23.390427,25.417921
FOODS_TX_1,FOODS,TX_1,TX,2016-04-12,27,27.0,25.110126,24.189007
FOODS_TX_1,FOODS,TX_1,TX,2016-04-13,33,28.0,22.965992,23.758259
FOODS_TX_1,FOODS,TX_1,TX,2016-04-14,15,23.0,23.248594,19.598318
FOODS_TX_1,FOODS,TX_1,TX,2016-04-15,28,17.0,23.559689,25.470505
FOODS_TX_1,FOODS,TX_1,TX,2016-04-16,25,23.0,26.419962,28.505123
FOODS_TX_1,FOODS,TX_1,TX,2016-04-17,22,34.0,25.794767,28.840141
FOODS_TX_1,FOODS,TX_1,TX,2016-04-18,36,22.0,20.791037,21.627398
FOODS_TX_1,FOODS,TX_1,TX,2016-04-19,28,27.0,22.72526,19.872412
FOODS_TX_1,FOODS,TX_1,TX,2016-04-20,34,33.0,22.436392,20.560865
FOODS_TX_1,FOODS,TX_1,TX,2016-04-21,14,15.0,22.370348,19.961782
FOODS_TX_1,FOODS,TX_1,TX,2016-04-22,23,28.0,24.179365,23.618551
FOODS_TX_1,FOODS,TX_1,TX,2016-04-23,22,25.0,27.426704,30.207777
FOODS_TX_1,FOODS,TX_1,TX,2016-04-24,26,22.0,29.028444,31.861935
FOODS_TX_2,FOODS,TX_2,TX,2016-02-29,22,26.0,19.188564,18.708717
FOODS_TX_2,FOODS,TX_2,TX,2016-03-01,18,10.0,18.68417,20.60015
FOODS_TX_2,FOODS,TX_2,TX,2016-03-02,11,20.0,19.72918,17.590849
FOODS_TX_2,FOODS,TX_2,TX,2016-03-03,17,15.0,18.676065,20.337734
FOODS_TX_2,FOODS,TX_2,TX,2016-03-04,22,13.0,19.913046,19.924362
FOODS_TX_2,FOODS,TX_2,TX,2016-03-05,34,25.0,24.907902,30.830976
FOODS_TX_2,FOODS,TX_2,TX,2016-03-06,36,31.0,28.416674,33.339657
FOODS_TX_2,FOODS,TX_2,TX,2016-03-07,22,22.0,21.062763,24.497553
FOODS_TX_2,FOODS,TX_2,TX,2016-03-08,27,18.0,20.791407,19.54177
FOODS_TX_2,FOODS,TX_2,TX,2016-03-09,19,11.0,22.267353,24.333555
FOODS_TX_2,FOODS,TX_2,TX,2016-03-10,13,17.0,25.340334,21.211037
FOODS_TX_2,FOODS,TX_2,TX,2016-03-11,20,22.0,24.226973,26.282787
FOODS_TX_2,FOODS,TX_2,TX,2016-03-12,26,34.0,28.944777,31.560781
FOODS_TX_2,FOODS,TX_2,TX,2016-03-13,20,36.0,27.211077,31.489769
FOODS_TX_2,FOODS,TX_2,TX,2016-03-14,22,22.0,21.651012,19.915602
FOODS_TX_2,FOODS,TX_2,TX,2016-03-15,16,27.0,19.076344,21.113022
FOODS_TX_2,FOODS,TX_2,TX,2016-03-16,25,19.0,17.11314,16.677275
FOODS_TX_2,FOODS,TX_2,TX,2016-03-17,30,13.0,20.121635,16.259838
FOODS_TX_2,FOODS,TX_2,TX,2016-03-18,24,20.0,21.224627,20.896387
FOODS_TX_2,FOODS,TX_2,TX,2016-03-19,12,26.0,25.345623,25.71846
FOODS_TX_2,FOODS,TX_2,TX,2016-03-20,20,20.0,27.075823,27.990719
FOODS_TX_2,FOODS,TX_2,TX,2016-03-21,17,22.0,20.981255,19.395636
FOODS_TX_2,FOODS,TX_2,TX,2016-03-22,12,16.0,18.230099,15.996454
FOODS_TX_2,FOODS,TX_2,TX,2016-03-23,10,25.0,18.786098,16.548857
FOODS_TX_2,FOODS,TX_2,TX,2016-03-24,17,30.0,15.707925,13.685478
FOODS_TX_2,FOODS,TX_2,TX,2016-03-25,29,24.0,14.512782,15.809327
FOODS_TX_2,FOODS,TX_2,TX,2016-03-26,24,12.0,19.888767,21.27838
FOODS_TX_2,FOODS,TX_2,TX,2016-03-27,25,20.0,21.682825,21.377789
FOODS_TX_2,FOODS,TX_2,TX,2016-03-28,13,17.0,18.139545,17.291973
FOODS_TX_2,FOODS,TX_2,TX,2016-03-29,19,12.0,16.584316,14.8618355
FOODS_TX_2,FOODS,TX_2,TX,2016-03-30,15,10.0,16.866533,15.175083
FOODS_TX_2,FOODS,TX_2,TX,2016-03-31,19,17.0,18.69188,15.526064
FOODS_TX_2,FOODS,TX_2,TX,2016-04-01,29,29.0,20.408049,19.884903
FOODS_TX_2,FOODS,TX_2,TX,2016-04-02,38,24.0,23.75446,24.636557
FOODS_TX_2,FOODS,TX_2,TX,2016-04-03,30,25.0,26.380299,31.72022
FOODS_TX_2,FOODS,TX_2,TX,2016-04-04,18,13.0,21.894142,21.766146
FOODS_TX_2,FOODS,TX_2,TX,2016-04-05,18,19.0,22.892895,24.736881
FOODS_TX_2,FOODS,TX_2,TX,2016-04-06,20,15.0,21.38278,23.878687
FOODS_TX_2,FOODS,TX_2,TX,2016-04-07,22,19.0,21.466085,24.05578
FOODS_TX_2,FOODS,TX_2,TX,2016-04-08,16,29.0,23.757103,22.737421
FOODS_TX_2,FOODS,TX_2,TX,2016-04-09,24,38.0,25.454254,27.91196
FOODS_TX_2,FOODS,TX_2,TX,2016-04-10,36,30.0,22.811031,24.319162
FOODS_TX_2,FOODS,TX_2,TX,2016-04-11,27,18.0,20.43793,23.901978
FOODS_TX_2,FOODS,TX_2,TX,2016-04-12,18,18.0,20.943357,22.588238
FOODS_TX_2,FOODS,TX_2,TX,2016-04-13,17,20.0,21.851473,23.676111
FOODS_TX_2,FOODS,TX_2,TX,2016-04-14,21,22.0,22.835327,20.108362
FOODS_TX_2,FOODS,TX_2,TX,2016-04-15,26,16.0,22.615673,23.853344
FOODS_TX_2,FOODS,TX_2,TX,2016-04-16,23,24.0,24.80492,27.768736
FOODS_TX_2,FOODS,TX_2,TX,2016-04-17,26,36.0,25.220568,27.682775
FOODS_TX_2,FOODS,TX_2,TX,2016-04-18,26,27.0,18.898193,18.179224
FOODS_TX_2,FOODS,TX_2,TX,2016-04-19,30,18.0,19.228708,17.21583
FOODS_TX_2,FOODS,TX_2,TX,2016-04-20,14,17.0,20.077171,17.974136
FOODS_TX_2,FOODS,TX_2,TX,2016-04-21,21,21.0,21.032719,17.900312
FOODS_TX_2,FOODS,TX_2,TX,2016-04-22,23,26.0,22.697872,21.093834
FOODS_TX_2,FOODS,TX_2,TX,2016-04-23,12,23.0,24.556719,25.781088
FOODS_TX_2,FOODS,TX_2,TX,2016-04-24,32,26.0,24.29592,26.101168
FOODS_TX_3,FOODS,TX_3,TX,2016-02-29,12,15.0,19.617426,18.073837
FOODS_TX_3,FOODS,TX_3,TX,2016-03-01,22,16.0,18.10409,19.311337
FOODS_TX_3,FOODS,TX_3,TX,2016-03-02,20,18.0,21.65521,17.3403
FOODS_TX_3,FOODS,TX_3,TX,2016-03-03,20,10.0,19.484613,20.707249
FOODS_TX_3,FOODS,TX_3,TX,2016-03-04,25,17.0,21.005709,20.679977
FOODS_TX_3,FOODS,TX_3,TX,2016-03-05,38,28.0,22.971159,27.007608
FOODS_TX_3,FOODS,TX_3,TX,2016-03-06,26,29.0,28.138237,34.331043
FOODS_TX_3,FOODS,TX_3,TX,2016-03-07,19,12.0,21.904943,25.58634
FOODS_TX_3,FOODS,TX_3,TX,2016-03-08,17,22.0,23.246838,20.13586
FOODS_TX_3,FOODS,TX_3,TX,2016-03-09,19,20.0,21.992983,23.081331
FOODS_TX_3,FOODS,TX_3,TX,2016-03-10,21,20.0,23.5211,19.590656
FOODS_TX_3,FOODS,TX_3,TX,2016-03-11,28,25.0,22.440334,25.179186
FOODS_TX_3,FOODS,TX_3,TX,2016-03-12,31,38.0,27.38263,32.54499
FOODS_TX_3,FOODS,TX_3,TX,2016-03-13,11,26.0,25.536692,32.175655
FOODS_TX_3,FOODS,TX_3,TX,2016-03-14,17,19.0,22.354183,21.033152
FOODS_TX_3,FOODS,TX_3,TX,2016-03-15,28,17.0,20.798923,21.87328
FOODS_TX_3,FOODS,TX_3,TX,2016-03-16,23,19.0,20.578928,18.491192
FOODS_TX_3,FOODS,TX_3,TX,2016-03-17,8,21.0,20.809948,17.147146
FOODS_TX_3,FOODS,TX_3,TX,2016-03-18,19,28.0,20.540495,19.601494
FOODS_TX_3,FOODS,TX_3,TX,2016-03-19,28,31.0,23.345428,22.792843
FOODS_TX_3,FOODS,TX_3,TX,2016-03-20,22,11.0,23.786808,24.686228
FOODS_TX_3,FOODS,TX_3,TX,2016-03-21,17,17.0,18.730854,17.745552
FOODS_TX_3,FOODS,TX_3,TX,2016-03-22,22,28.0,18.693462,16.250673
FOODS_TX_3,FOODS,TX_3,TX,2016-03-23,19,23.0,18.39393,16.553068
FOODS_TX_3,FOODS,TX_3,TX,2016-03-24,20,8.0,16.60705,15.051787
FOODS_TX_3,FOODS,TX_3,TX,2016-03-25,8,19.0,19.459698,19.763186
FOODS_TX_3,FOODS,TX_3,TX,2016-03-26,18,28.0,22.907175,23.047195
FOODS_TX_3,FOODS,TX_3,TX,2016-03-27,25,22.0,20.40537,19.246344
FOODS_TX_3,FOODS,TX_3,TX,2016-03-28,20,17.0,15.618198,16.311432
FOODS_TX_3,FOODS,TX_3,TX,2016-03-29,16,22.0,18.319986,15.777127
FOODS_TX_3,FOODS,TX_3,TX,2016-03-30,20,19.0,16.852188,14.993988
FOODS_TX_3,FOODS,TX_3,TX,2016-03-31,14,20.0,15.932217,13.880961
FOODS_TX_3,FOODS,TX_3,TX,2016-04-01,19,8.0,18.059265,19.91472
FOODS_TX_3,FOODS,TX_3,TX,2016-04-02,17,18.0,24.254923,24.633413
FOODS_TX_3,FOODS,TX_3,TX,2016-04-03,29,25.0,21.88354,24.615427
FOODS_TX_3,FOODS,TX_3,TX,2016-04-04,13,20.0,18.252033,17.217457
FOODS_TX_3,FOODS,TX_3,TX,2016-04-05,19,16.0,17.6684,18.43446
FOODS_TX_3,FOODS,TX_3,TX,2016-04-06,13,20.0,18.09393,18.287315
FOODS_TX_3,FOODS,TX_3,TX,2016-04-07,21,14.0,17.759108,18.472239
FOODS_TX_3,FOODS,TX_3,TX,2016-04-08,18,19.0,18.671106,17.4125
FOODS_TX_3,FOODS,TX_3,TX,2016-04-09,29,17.0,22.307919,24.30021
FOODS_TX_3,FOODS,TX_3,TX,2016-04-10,25,29.0,20.973984,21.671242
FOODS_TX_3,FOODS,TX_3,TX,2016-04-11,20,13.0,18.56615,19.821611
FOODS_TX_3,FOODS,TX_3,TX,2016-04-12,32,19.0,20.271933,21.180712
FOODS_TX_3,FOODS,TX_3,TX,2016-04-13,23,13.0,21.553347,22.773073
FOODS_TX_3,FOODS,TX_3,TX,2016-04-14,27,21.0,19.83332,18.401503
FOODS_TX_3,FOODS,TX_3,TX,2016-04-15,23,18.0,22.686047,24.864729
FOODS_TX_3,FOODS,TX_3,TX,2016-04-16,27,29.0,26.70507,29.03928
FOODS_TX_3,FOODS,TX_3,TX,2016-04-17,26,25.0,26.30574,27.099466
FOODS_TX_3,FOODS,TX_3,TX,2016-04-18,23,20.0,21.530245,21.707445
FOODS_TX_3,FOODS,TX_3,TX,2016-04-19,38,32.0,23.525507,18.429993
FOODS_TX_3,FOODS,TX_3,TX,2016-04-20,20,23.0,23.236801,19.588827
FOODS_TX_3,FOODS,TX_3,TX,2016-04-21,19,27.0,23.469828,19.924131
FOODS_TX_3,FOODS,TX_3,TX,2016-04-22,33,23.0,20.655245,22.527534
FOODS_TX_3,FOODS,TX_3,TX,2016-04-23,20,27.0,26.59603,27.124317
FOODS_TX_3,FOODS,TX_3,TX,2016-04-24,39,26.0,26.629538,28.48067
FOODS_WI_1,FOODS,WI_1,WI,2016-02-29,22,17.0,25.138674,24.97116
FOODS_WI_1,FOODS,WI_1,WI,2016-03-01,27,9.0,21.88384,20.820324
FOODS_WI_1,FOODS,WI_1,WI,2016-03-02,22,30.0,26.54561,27.367695
FOODS_WI_1,FOODS,WI_1,WI,2016-03-03,21,15.0,22.967993,26.722637
FOODS_WI_1,FOODS,WI_1,WI,2016-03-04,20,15.0,26.784605,27.830107
FOODS_WI_1,FOODS,WI_1,WI,2016-03-05,28,39.0,31.914412,38.534138
FOODS_WI_1,FOODS,WI_1,WI,2016-03-06,46,42.0,29.399328,35.699837
FOODS_WI_1,FOODS,WI_1,WI,2016-03-07,25,22.0,25.17684,24.463625
FOODS_WI_1,FOODS,WI_1,WI,2016-03-08,17,27.0,24.507235,26.290047
FOODS_WI_1,FOODS,WI_1,WI,2016-03-09,23,22.0,25.082176,27.470083
FOODS_WI_1,FOODS,WI_1,WI,2016-03-10,12,21.0,23.898748,21.281736
FOODS_WI_1,FOODS,WI_1,WI,2016-03-11,17,20.0,24.555206,30.023
FOODS_WI_1,FOODS,WI_1,WI,2016-03-12,26,28.0,27.566916,32.742252
FOODS_WI_1,FOODS,WI_1,WI,2016-03-13,35,46.0,30.736244,29.81459
FOODS_WI_1,FOODS,WI_1,WI,2016-03-14,24,25.0,23.888254,25.433254
FOODS_WI_1,FOODS,WI_1,WI,2016-03-15,20,17.0,21.941011,23.494556
FOODS_WI_1,FOODS,WI_1,WI,2016-03-16,18,23.0,21.522055,20.037237
FOODS_WI_1,FOODS,WI_1,WI,2016-03-17,23,12.0,20.562807,16.973927
FOODS_WI_1,FOODS,WI_1,WI,2016-03-18,28,17.0,23.656609,23.318422
FOODS_WI_1,FOODS,WI_1,WI,2016-03-19,22,26.0,28.177717,30.076351
FOODS_WI_1,FOODS,WI_1,WI,2016-03-20,23,35.0,30.207062,31.04895
FOODS_WI_1,FOODS,WI_1,WI,2016-03-21,22,24.0,20.564657,19.621841
FOODS_WI_1,FOODS,WI_1,WI,2016-03-22,14,20.0,18.393929,17.389927
FOODS_WI_1,FOODS,WI_1,WI,2016-03-23,21,18.0,21.456192,18.978483
FOODS_WI_1,FOODS,WI_1,WI,2016-03-24,21,23.0,17.955275,15.822945
FOODS_WI_1,FOODS,WI_1,WI,2016-03-25,25,28.0,18.322397,20.924421
FOODS_WI_1,FOODS,WI_1,WI,2016-03-26,36,22.0,24.939943,26.376602
FOODS_WI_1,FOODS,WI_1,WI,2016-03-27,32,23.0,27.635809,28.704432
FOODS_WI_1,FOODS,WI_1,WI,2016-03-28,14,22.0,21.841951,21.523853
FOODS_WI_1,FOODS,WI_1,WI,2016-03-29,21,14.0,21.888613,20.151447
FOODS_WI_1,FOODS,WI_1,WI,2016-03-30,14,21.0,21.644835,19.467228
FOODS_WI_1,FOODS,WI_1,WI,2016-03-31,20,21.0,20.978811,18.777111
FOODS_WI_1,FOODS,WI_1,WI,2016-04-01,18,25.0,21.474617,22.15935
FOODS_WI_1,FOODS,WI_1,WI,2016-04-02,31,36.0,24.869627,31.043375
FOODS_WI_1,FOODS,WI_1,WI,2016-04-03,44,32.0,27.304182,29.58192
FOODS_WI_1,FOODS,WI_1,WI,2016-04-04,13,14.0,22.706182,24.192144
FOODS_WI_1,FOODS,WI_1,WI,2016-04-05,22,21.0,20.80681,23.825388
FOODS_WI_1,FOODS,WI_1,WI,2016-04-06,18,14.0,22.174606,26.261383
FOODS_WI_1,FOODS,WI_1,WI,2016-04-07,29,20.0,21.01661,19.882795
FOODS_WI_1,FOODS,WI_1,WI,2016-04-08,28,18.0,23.05916,28.832314
FOODS_WI_1,FOODS,WI_1,WI,2016-04-09,39,31.0,28.96203,36.27436
FOODS_WI_1,FOODS,WI_1,WI,2016-04-10,47,44.0,30.914522,33.136456
FOODS_WI_1,FOODS,WI_1,WI,2016-04-11,17,13.0,25.644333,29.702957
FOODS_WI_1,FOODS,WI_1,WI,2016-04-12,17,22.0,25.961939,26.879974
FOODS_WI_1,FOODS,WI_1,WI,2016-04-13,22,18.0,24.54295,23.089378
FOODS_WI_1,FOODS,WI_1,WI,2016-04-14,23,29.0,26.281216,26.654802
FOODS_WI_1,FOODS,WI_1,WI,2016-04-15,20,28.0,26.287462,27.877966
FOODS_WI_1,FOODS,WI_1,WI,2016-04-16,19,39.0,27.838743,29.301651
FOODS_WI_1,FOODS,WI_1,WI,2016-04-17,41,47.0,26.664066,28.544748
FOODS_WI_1,FOODS,WI_1,WI,2016-04-18,26,17.0,20.772305,20.63486
FOODS_WI_1,FOODS,WI_1,WI,2016-04-19,32,17.0,21.149973,19.203531
FOODS_WI_1,FOODS,WI_1,WI,2016-04-20,22,22.0,23.425531,19.952837
FOODS_WI_1,FOODS,WI_1,WI,2016-04-21,23,23.0,24.305,19.673409
FOODS_WI_1,FOODS,WI_1,WI,2016-04-22,23,20.0,24.854366,24.008389
FOODS_WI_1,FOODS,WI_1,WI,2016-04-23,29,19.0,30.140383,32.541847
FOODS_WI_1,FOODS,WI_1,WI,2016-04-24,26,41.0,31.131435,35.656586
FOODS_WI_2,FOODS,WI_2,WI,2016-02-29,61,34.0,43.8054,42.077698
FOODS_WI_2,FOODS,WI_2,WI,2016-03-01,39,32.0,50.57025,42.990673
FOODS_WI_2,FOODS,WI_2,WI,2016-03-02,55,31.0,49.262314,48.101128
FOODS_WI_2,FOODS,WI_2,WI,2016-03-03,86,36.0,46.411247,51.662613
FOODS_WI_2,FOODS,WI_2,WI,2016-03-04,53,33.0,57.473427,52.187176
FOODS_WI_2,FOODS,WI_2,WI,2016-03-05,128,53.0,71.75102,69.531906
FOODS_WI_2,FOODS,WI_2,WI,2016-03-06,61,80.0,74.48821,99.63649
FOODS_WI_2,FOODS,WI_2,WI,2016-03-07,76,61.0,60.74163,58.054306
FOODS_WI_2,FOODS,WI_2,WI,2016-03-08,79,39.0,71.66211,69.44245
FOODS_WI_2,FOODS,WI_2,WI,2016-03-09,70,55.0,64.04542,71.99671
FOODS_WI_2,FOODS,WI_2,WI,2016-03-10,30,86.0,70.18588,57.46295
FOODS_WI_2,FOODS,WI_2,WI,2016-03-11,62,53.0,79.45477,80.16825
FOODS_WI_2,FOODS,WI_2,WI,2016-03-12,81,128.0,72.732956,87.81109
FOODS_WI_2,FOODS,WI_2,WI,2016-03-13,50,61.0,76.40972,81.16642
FOODS_WI_2,FOODS,WI_2,WI,2016-03-14,37,76.0,60.614864,66.73139
FOODS_WI_2,FOODS,WI_2,WI,2016-03-15,46,79.0,57.57651,63.945965
FOODS_WI_2,FOODS,WI_2,WI,2016-03-16,59,70.0,48.370502,48.814484
FOODS_WI_2,FOODS,WI_2,WI,2016-03-17,31,30.0,49.201492,50.40724
FOODS_WI_2,FOODS,WI_2,WI,2016-03-18,42,62.0,51.605133,49.770996
FOODS_WI_2,FOODS,WI_2,WI,2016-03-19,38,81.0,56.554745,55.003616
FOODS_WI_2,FOODS,WI_2,WI,2016-03-20,43,50.0,47.897587,54.287426
FOODS_WI_2,FOODS,WI_2,WI,2016-03-21,37,37.0,41.585842,44.405254
FOODS_WI_2,FOODS,WI_2,WI,2016-03-22,23,46.0,41.45393,43.312305
FOODS_WI_2,FOODS,WI_2,WI,2016-03-23,35,59.0,38.10467,41.35636
FOODS_WI_2,FOODS,WI_2,WI,2016-03-24,36,31.0,32.645138,31.407932
FOODS_WI_2,FOODS,WI_2,WI,2016-03-25,45,42.0,35.21983,38.831764
FOODS_WI_2,FOODS,WI_2,WI,2016-03-26,60,38.0,42.62851,49.937927
FOODS_WI_2,FOODS,WI_2,WI,2016-03-27,47,43.0,46.92634,49.425327
FOODS_WI_2,FOODS,WI_2,WI,2016-03-28,20,37.0,40.63422,39.960026
FOODS_WI_2,FOODS,WI_2,WI,2016-03-29,21,23.0,36.50003,36.511467
FOODS_WI_2,FOODS,WI_2,WI,2016-03-30,27,35.0,39.672497,39.962208
FOODS_WI_2,FOODS,WI_2,WI,2016-03-31,23,36.0,41.77257,36.499752
FOODS_WI_2,FOODS,WI_2,WI,2016-04-01,52,45.0,36.352898,36.062134
FOODS_WI_2,FOODS,WI_2,WI,2016-04-02,94,60.0,52.175087,52.333008
FOODS_WI_2,FOODS,WI_2,WI,2016-04-03,69,47.0,45.906006,62.94773
FOODS_WI_2,FOODS,WI_2,WI,2016-04-04,43,20.0,47.840446,54.880455
FOODS_WI_2,FOODS,WI_2,WI,2016-04-05,54,21.0,49.73495,59.200737
FOODS_WI_2,FOODS,WI_2,WI,2016-04-06,70,27.0,52.465755,65.002525
FOODS_WI_2,FOODS,WI_2,WI,2016-04-07,41,23.0,50.92254,47.076504
FOODS_WI_2,FOODS,WI_2,WI,2016-04-08,62,52.0,58.466618,66.177025
FOODS_WI_2,FOODS,WI_2,WI,2016-04-09,99,94.0,66.21416,88.43137
FOODS_WI_2,FOODS,WI_2,WI,2016-04-10,45,69.0,60.700344,66.49114
FOODS_WI_2,FOODS,WI_2,WI,2016-04-11,73,43.0,51.51615,62.26123
FOODS_WI_2,FOODS,WI_2,WI,2016-04-12,65,54.0,56.25758,65.12868
FOODS_WI_2,FOODS,WI_2,WI,2016-04-13,31,70.0,59.905983,48.42956
FOODS_WI_2,FOODS,WI_2,WI,2016-04-14,48,41.0,51.178265,60.900654
FOODS_WI_2,FOODS,WI_2,WI,2016-04-15,68,62.0,55.860172,65.19311
FOODS_WI_2,FOODS,WI_2,WI,2016-04-16,58,99.0,61.471306,82.70919
FOODS_WI_2,FOODS,WI_2,WI,2016-04-17,36,45.0,55.59817,56.334457
FOODS_WI_2,FOODS,WI_2,WI,2016-04-18,46,73.0,49.24276,44.30538
FOODS_WI_2,FOODS,WI_2,WI,2016-04-19,36,65.0,44.653683,41.07749
FOODS_WI_2,FOODS,WI_2,WI,2016-04-20,43,31.0,44.543877,39.4491
FOODS_WI_2,FOODS,WI_2,WI,2016-04-21,22,48.0,43.666214,40.403954
FOODS_WI_2,FOODS,WI_2,WI,2016-04-22,22,68.0,44.129616,38.45497
FOODS_WI_2,FOODS,WI_2,WI,2016-04-23,68,58.0,46.65018,50.666245
FOODS_WI_2,FOODS,WI_2,WI,2016-04-24,44,36.0,41.525352,49.64373
FOODS_WI_3,FOODS,WI_3,WI,2016-02-29,20,18.0,23.886927,21.557135
FOODS_WI_3,FOODS,WI_3,WI,2016-03-01,24,12.0,20.942362,20.065655
FOODS_WI_3,FOODS,WI_3,WI,2016-03-02,49,22.0,23.362097,25.740639
FOODS_WI_3,FOODS,WI_3,WI,2016-03-03,29,23.0,23.825209,27.337236
FOODS_WI_3,FOODS,WI_3,WI,2016-03-04,30,17.0,26.314135,26.069462
FOODS_WI_3,FOODS,WI_3,WI,2016-03-05,51,36.0,33.519352,40.88849
FOODS_WI_3,FOODS,WI_3,WI,2016-03-06,47,31.0,34.082314,41.55443
FOODS_WI_3,FOODS,WI_3,WI,2016-03-07,38,20.0,30.129892,30.342209
FOODS_WI_3,FOODS,WI_3,WI,2016-03-08,48,24.0,33.800625,33.502697
FOODS_WI_3,FOODS,WI_3,WI,2016-03-09,31,49.0,36.328236,33.93816
FOODS_WI_3,FOODS,WI_3,WI,2016-03-10,18,29.0,37.260353,31.784552
FOODS_WI_3,FOODS,WI_3,WI,2016-03-11,32,30.0,34.95186,37.826656
FOODS_WI_3,FOODS,WI_3,WI,2016-03-12,28,51.0,39.537144,42.87664
FOODS_WI_3,FOODS,WI_3,WI,2016-03-13,53,47.0,37.24109,37.72394
FOODS_WI_3,FOODS,WI_3,WI,2016-03-14,22,38.0,36.4889,34.885647
FOODS_WI_3,FOODS,WI_3,WI,2016-03-15,37,48.0,30.039047,30.666195
FOODS_WI_3,FOODS,WI_3,WI,2016-03-16,20,31.0,29.565405,26.179438
FOODS_WI_3,FOODS,WI_3,WI,2016-03-17,9,18.0,26.60456,22.13957
FOODS_WI_3,FOODS,WI_3,WI,2016-03-18,23,32.0,27.925144,24.28918
FOODS_WI_3,FOODS,WI_3,WI,2016-03-19,35,28.0,31.073328,28.766544
FOODS_WI_3,FOODS,WI_3,WI,2016-03-20,24,53.0,31.22138,26.429567
FOODS_WI_3,FOODS,WI_3,WI,2016-03-21,23,22.0,23.26744,22.641447
FOODS_WI_3,FOODS,WI_3,WI,2016-03-22,22,37.0,23.151798,19.8957
FOODS_WI_3,FOODS,WI_3,WI,2016-03-23,20,20.0,21.489328,20.665516
FOODS_WI_3,FOODS,WI_3,WI,2016-03-24,18,9.0,20.123508,20.333553
FOODS_WI_3,FOODS,WI_3,WI,2016-03-25,27,23.0,21.203775,23.599691
FOODS_WI_3,FOODS,WI_3,WI,2016-03-26,41,35.0,26.833776,31.229883
FOODS_WI_3,FOODS,WI_3,WI,2016-03-27,28,24.0,28.494923,30.214346
FOODS_WI_3,FOODS,WI_3,WI,2016-03-28,33,23.0,22.068678,23.073845
FOODS_WI_3,FOODS,WI_3,WI,2016-03-29,19,22.0,25.323414,20.899006
FOODS_WI_3,FOODS,WI_3,WI,2016-03-30,26,20.0,27.553717,24.074352
FOODS_WI_3,FOODS,WI_3,WI,2016-03-31,21,18.0,24.10495,21.264408
FOODS_WI_3,FOODS,WI_3,WI,2016-04-01,47,27.0,26.044548,25.629637
FOODS_WI_3,FOODS,WI_3,WI,2016-04-02,47,41.0,36.050064,44.463768
FOODS_WI_3,FOODS,WI_3,WI,2016-04-03,46,28.0,35.32532,45.613697
FOODS_WI_3,FOODS,WI_3,WI,2016-04-04,37,33.0,33.30086,29.595242
FOODS_WI_3,FOODS,WI_3,WI,2016-04-05,40,19.0,35.209385,38.626663
FOODS_WI_3,FOODS,WI_3,WI,2016-04-06,33,26.0,34.51653,35.14279
FOODS_WI_3,FOODS,WI_3,WI,2016-04-07,27,21.0,33.037193,27.927246
FOODS_WI_3,FOODS,WI_3,WI,2016-04-08,40,47.0,36.440437,37.1503
FOODS_WI_3,FOODS,WI_3,WI,2016-04-09,54,47.0,38.625633,44.29831
FOODS_WI_3,FOODS,WI_3,WI,2016-04-10,48,46.0,42.25628,44.614586
FOODS_WI_3,FOODS,WI_3,WI,2016-04-11,31,37.0,35.484097,36.557583
FOODS_WI_3,FOODS,WI_3,WI,2016-04-12,34,40.0,36.19669,36.131313
FOODS_WI_3,FOODS,WI_3,WI,2016-04-13,33,33.0,33.183113,28.950575
FOODS_WI_3,FOODS,WI_3,WI,2016-04-14,31,27.0,31.221874,33.466366
FOODS_WI_3,FOODS,WI_3,WI,2016-04-15,37,40.0,35.822475,37.251575
FOODS_WI_3,FOODS,WI_3,WI,2016-04-16,44,54.0,39.75634,41.735878
FOODS_WI_3,FOODS,WI_3,WI,2016-04-17,52,48.0,36.681503,39.519897
FOODS_WI_3,FOODS,WI_3,WI,2016-04-18,28,31.0,33.67632,31.083145
FOODS_WI_3,FOODS,WI_3,WI,2016-04-19,33,34.0,33.453903,27.952568
FOODS_WI_3,FOODS,WI_3,WI,2016-04-20,22,33.0,32.433437,28.789375
FOODS_WI_3,FOODS,WI_3,WI,2016-04-21,14,31.0,30.394363,27.117485
FOODS_WI_3,FOODS,WI_3,WI,2016-04-22,23,37.0,31.301205,27.847027
FOODS_WI_3,FOODS,WI_3,WI,2016-04-23,32,44.0,35.46718,35.604374
FOODS_WI_3,FOODS,WI_3,WI,2016-04-24,26,52.0,31.397404,34.196033
HOBBIES_CA_1,HOBBIES,CA_1,CA,2016-02-29,1,3.0,2.522657,3.9109428
HOBBIES_CA_1,HOBBIES,CA_1,CA,2016-03-01,1,3.0,3.7705073,4.0624633
HOBBIES_CA_1,HOBBIES,CA_1,CA,2016-03-02,4,3.0,3.768132,4.0377054
HOBBIES_CA_1,HOBBIES,CA_1,CA,2016-03-03,3,7.0,4.3726387,4.258736
HOBBIES_CA_1,HOBBIES,CA_1,CA,2016-03-04,3,7.0,4.0246325,4.763918
HOBBIES_CA_1,HOBBIES,CA_1,CA,2016-03-05,5,8.0,7.352774,5.378411
HOBBIES_CA_1,HOBBIES,CA_1,CA,2016-03-06,4,3.0,4.9440255,4.550247
HOBBIES_CA_1,HOBBIES,CA_1,CA,2016-03-07,3,1.0,2.528958,3.4397933
HOBBIES_CA_1,HOBBIES,CA_1,CA,2016-03-08,0,1.0,3.2238925,3.453225
HOBBIES_CA_1,HOBBIES,CA_1,CA,2016-03-09,3,4.0,2.698331,3.407367
HOBBIES_CA_1,HOBBIES,CA_1,CA,2016-03-10,3,3.0,3.5527465,3.476607
HOBBIES_CA_1,HOBBIES,CA_1,CA,2016-03-11,4,3.0,2.8362937,3.8493273
HOBBIES_CA_1,HOBBIES,CA_1,CA,2016-03-12,9,5.0,5.624579,4.701053
HOBBIES_CA_1,HOBBIES,CA_1,CA,2016-03-13,3,4.0,5.4955993,4.704735
HOBBIES_CA_1,HOBBIES,CA_1,CA,2016-03-14,6,3.0,2.334165,3.6495779
HOBBIES_CA_1,HOBBIES,CA_1,CA,2016-03-15,7,0.0,2.9412906,3.8131719
HOBBIES_CA_1,HOBBIES,CA_1,CA,2016-03-16,2,3.0,4.814616,3.9647052
HOBBIES_CA_1,HOBBIES,CA_1,CA,2016-03-17,5,3.0,4.2910867,3.825936
HOBBIES_CA_1,HOBBIES,CA_1,CA,2016-03-18,8,4.0,4.5039086,4.4628263
HOBBIES_CA_1,HOBBIES,CA_1,CA,2016-03-19,7,9.0,7.6517215,5.474089
HOBBIES_CA_1,HOBBIES,CA_1,CA,2016-03-20,3,3.0,6.2481017,5.052017
HOBBIES_CA_1,HOBBIES,CA_1,CA,2016-03-21,6,6.0,3.3593838,3.9166102
HOBBIES_CA_1,HOBBIES,CA_1,CA,2016-03-22,1,7.0,3.0869076,3.9514198
HOBBIES_CA_1,HOBBIES,CA_1,CA,2016-03-23,1,2.0,2.6341593,3.7130828
HOBBIES_CA_1,HOBBIES,CA_1,CA,2016-03-24,3,5.0,3.1413336,3.7215781
HOBBIES_CA_1,HOBBIES,CA_1,CA,2016-03-25,4,8.0,2.991395,4.1080503
HOBBIES_CA_1,HOBBIES,CA_1,CA,2016-03-26,8,7.0,5.60162,4.8876834
HOBBIES_CA_1,HOBBIES,CA_1,CA,2016-03-27,2,3.0,4.9102983,4.0198236
HOBBIES_CA_1,HOBBIES,CA_1,CA,2016-03-28,2,6.0,1.9284146,3.5893846
HOBBIES_CA_1,HOBBIES,CA_1,CA,2016-03-29,3,1.0,1.5686725,3.3915672
HOBBIES_CA_1,HOBBIES,CA_1,CA,2016-03-30,7,1.0,1.8841995,3.3345954
HOBBIES_CA_1,HOBBIES,CA_1,CA,2016-03-31,1,3.0,2.630592,3.5865102
HOBBIES_CA_1,HOBBIES,CA_1,CA,2016-04-01,6,4.0,3.786584,4.189214
HOBBIES_CA_1,HOBBIES,CA_1,CA,2016-04-02,3,8.0,6.6891665,5.0887117
HOBBIES_CA_1,HOBBIES,CA_1,CA,2016-04-03,3,2.0,5.659607,4.6933136
HOBBIES_CA_1,HOBBIES,CA_1,CA,2016-04-04,2,2.0,3.302326,3.7209895
HOBBIES_CA_1,HOBBIES,CA_1,CA,2016-04-05,6,3.0,2.4522486,3.4806092
HOBBIES_CA_1,HOBBIES,CA_1,CA,2016-04-06,1,7.0,3.28622,3.7834926
HOBBIES_CA_1,HOBBIES,CA_1,CA,2016-04-07,3,1.0,2.7887897,3.6686745
HOBBIES_CA_1,HOBBIES,CA_1,CA,2016-04-08,2,6.0,3.1495821,4.238667
HOBBIES_CA_1,HOBBIES,CA_1,CA,2016-04-09,6,3.0,6.29961,4.904472
HOBBIES_CA_1,HOBBIES,CA_1,CA,2016-04-10,6,3.0,5.2410936,4.6933136
HOBBIES_CA_1,HOBBIES,CA_1,CA,2016-04-11,2,2.0,3.4689,3.5317895
HOBBIES_CA_1,HOBBIES,CA_1,CA,2016-04-12,5,6.0,3.6558237,3.4387379
HOBBIES_CA_1,HOBBIES,CA_1,CA,2016-04-13,5,1.0,2.9845486,3.4628308
HOBBIES_CA_1,HOBBIES,CA_1,CA,2016-04-14,3,3.0,3.3641264,3.4140203
HOBBIES_CA_1,HOBBIES,CA_1,CA,2016-04-15,1,2.0,4.150194,4.1621084
HOBBIES_CA_1,HOBBIES,CA_1,CA,2016-04-16,3,6.0,6.0429325,4.616288
HOBBIES_CA_1,HOBBIES,CA_1,CA,2016-04-17,3,6.0,5.019075,4.0540147
HOBBIES_CA_1,HOBBIES,CA_1,CA,2016-04-18,2,2.0,2.5028355,2.9975996
HOBBIES_CA_1,HOBBIES,CA_1,CA,2016-04-19,3,5.0,1.9797413,2.9232035
HOBBIES_CA_1,HOBBIES,CA_1,CA,2016-04-20,1,5.0,1.322836,2.894936
HOBBIES_CA_1,HOBBIES,CA_1,CA,2016-04-21,5,3.0,1.3400384,2.7740037
HOBBIES_CA_1,HOBBIES,CA_1,CA,2016-04-22,8,1.0,1.6060061,3.3825772
HOBBIES_CA_1,HOBBIES,CA_1,CA,2016-04-23,6,3.0,5.711971,4.7094817
HOBBIES_CA_1,HOBBIES,CA_1,CA,2016-04-24,5,3.0,5.0627604,4.426717
HOBBIES_CA_2,HOBBIES,CA_2,CA,2016-02-29,4,2.0,2.3073618,2.9744446
HOBBIES_CA_2,HOBBIES,CA_2,CA,2016-03-01,2,3.0,3.1644878,3.0648322
HOBBIES_CA_2,HOBBIES,CA_2,CA,2016-03-02,3,4.0,3.5245857,3.135772
HOBBIES_CA_2,HOBBIES,CA_2,CA,2016-03-03,2,3.0,3.7418535,3.1050792
HOBBIES_CA_2,HOBBIES,CA_2,CA,2016-03-04,4,2.0,3.7744439,3.6254408
HOBBIES_CA_2,HOBBIES,CA_2,CA,2016-03-05,6,9.0,5.639992,3.885377
HOBBIES_CA_2,HOBBIES,CA_2,CA,2016-03-06,2,5.0,5.402164,3.8981247
HOBBIES_CA_2,HOBBIES,CA_2,CA,2016-03-07,3,4.0,2.0149846,2.846008
HOBBIES_CA_2,HOBBIES,CA_2,CA,2016-03-08,5,2.0,2.475426,3.0609374
HOBBIES_CA_2,HOBBIES,CA_2,CA,2016-03-09,0,3.0,3.064549,3.3601449
HOBBIES_CA_2,HOBBIES,CA_2,CA,2016-03-10,4,2.0,3.0342734,3.290971
HOBBIES_CA_2,HOBBIES,CA_2,CA,2016-03-11,2,4.0,2.6335285,3.7440197
HOBBIES_CA_2,HOBBIES,CA_2,CA,2016-03-12,8,6.0,5.540419,4.476078
HOBBIES_CA_2,HOBBIES,CA_2,CA,2016-03-13,2,2.0,6.5686955,4.618975
HOBBIES_CA_2,HOBBIES,CA_2,CA,2016-03-14,1,3.0,3.0886865,3.1006718
HOBBIES_CA_2,HOBBIES,CA_2,CA,2016-03-15,7,5.0,2.3756287,2.9316041
HOBBIES_CA_2,HOBBIES,CA_2,CA,2016-03-16,11,0.0,2.4790335,3.1305914
HOBBIES_CA_2,HOBBIES,CA_2,CA,2016-03-17,3,4.0,4.2036257,3.4671404
HOBBIES_CA_2,HOBBIES,CA_2,CA,2016-03-18,6,2.0,3.9192195,4.1553326
HOBBIES_CA_2,HOBBIES,CA_2,CA,2016-03-19,1,8.0,6.723983,5.147391
HOBBIES_CA_2,HOBBIES,CA_2,CA,2016-03-20,2,2.0,5.1983223,4.7050705
HOBBIES_CA_2,HOBBIES,CA_2,CA,2016-03-21,0,1.0,2.4734385,3.5114086
HOBBIES_CA_2,HOBBIES,CA_2,CA,2016-03-22,5,7.0,2.6634197,3.3164055
HOBBIES_CA_2,HOBBIES,CA_2,CA,2016-03-23,1,11.0,2.168373,3.3856578
HOBBIES_CA_2,HOBBIES,CA_2,CA,2016-03-24,1,3.0,1.1298302,3.2138054
HOBBIES_CA_2,HOBBIES,CA_2,CA,2016-03-25,2,6.0,0.58224255,3.557027
HOBBIES_CA_2,HOBBIES,CA_2,CA,2016-03-26,7,1.0,4.2010007,4.2423153
HOBBIES_CA_2,HOBBIES,CA_2,CA,2016-03-27,4,2.0,4.2533216,3.5102623
HOBBIES_CA_2,HOBBIES,CA_2,CA,2016-03-28,4,0.0,1.4766823,3.0255778
HOBBIES_CA_2,HOBBIES,CA_2,CA,2016-03-29,3,5.0,2.0443988,3.176554
HOBBIES_CA_2,HOBBIES,CA_2,CA,2016-03-30,9,1.0,2.2821784,3.3635702
HOBBIES_CA_2,HOBBIES,CA_2,CA,2016-03-31,3,1.0,2.414909,3.3874667
HOBBIES_CA_2,HOBBIES,CA_2,CA,2016-04-01,6,2.0,4.277161,4.26517
HOBBIES_CA_2,HOBBIES,CA_2,CA,2016-04-02,1,7.0,7.0633297,5.262558
HOBBIES_CA_2,HOBBIES,CA_2,CA,2016-04-03,6,4.0,5.8783035,4.810821
HOBBIES_CA_2,HOBBIES,CA_2,CA,2016-04-04,2,4.0,3.5865135,3.6433773
HOBBIES_CA_2,HOBBIES,CA_2,CA,2016-04-05,2,3.0,4.091602,3.5341244
HOBBIES_CA_2,HOBBIES,CA_2,CA,2016-04-06,5,9.0,2.9015994,3.4321272
HOBBIES_CA_2,HOBBIES,CA_2,CA,2016-04-07,2,3.0,3.0944057,3.4953437
HOBBIES_CA_2,HOBBIES,CA_2,CA,2016-04-08,6,6.0,2.6582215,3.9797404
HOBBIES_CA_2,HOBBIES,CA_2,CA,2016-04-09,3,1.0,6.2736635,4.831056
HOBBIES_CA_2,HOBBIES,CA_2,CA,2016-04-10,8,6.0,5.5363226,4.636953
HOBBIES_CA_2,HOBBIES,CA_2,CA,2016-04-11,4,2.0,2.9932992,3.4568996
HOBBIES_CA_2,HOBBIES,CA_2,CA,2016-04-12,3,2.0,4.0192437,3.4175966
HOBBIES_CA_2,HOBBIES,CA_2,CA,2016-04-13,2,5.0,5.1655817,3.5947366
HOBBIES_CA_2,HOBBIES,CA_2,CA,2016-04-14,5,2.0,3.0688112,3.2673414
HOBBIES_CA_2,HOBBIES,CA_2,CA,2016-04-15,2,6.0,4.0357504,4.2495475
HOBBIES_CA_2,HOBBIES,CA_2,CA,2016-04-16,3,3.0,4.7733407,4.28261
HOBBIES_CA_2,HOBBIES,CA_2,CA,2016-04-17,3,8.0,5.266204,4.559388
HOBBIES_CA_2,HOBBIES,CA_2,CA,2016-04-18,0,4.0,1.4794686,3.1883569
HOBBIES_CA_2,HOBBIES,CA_2,CA,2016-04-19,4,3.0,1.8308187,3.1133413
HOBBIES_CA_2,HOBBIES,CA_2,CA,2016-04-20,2,2.0,1.5065577,3.111359
HOBBIES_CA_2,HOBBIES,CA_2,CA,2016-04-21,3,5.0,1.2456996,3.1052284
HOBBIES_CA_2,HOBBIES,CA_2,CA,2016-04-22,4,2.0,1.4276162,3.6229985
HOBBIES_CA_2,HOBBIES,CA_2,CA,2016-04-23,6,3.0,4.633346,4.44716
HOBBIES_CA_2,HOBBIES,CA_2,CA,2016-04-24,1,3.0,4.826532,4.680524
HOBBIES_CA_3,HOBBIES,CA_3,CA,2016-02-29,4,1.0,3.0664134,4.144084
HOBBIES_CA_3,HOBBIES,CA_3,CA,2016-03-01,1,7.0,5.5056357,4.535227
HOBBIES_CA_3,HOBBIES,CA_3,CA,2016-03-02,3,6.0,4.9741764,4.3802447
HOBBIES_CA_3,HOBBIES,CA_3,CA,2016-03-03,0,6.0,3.3103592,4.125338
HOBBIES_CA_3,HOBBIES,CA_3,CA,2016-03-04,8,3.0,2.66053,4.5175815
HOBBIES_CA_3,HOBBIES,CA_3,CA,2016-03-05,7,6.0,5.966321,5.348513
HOBBIES_CA_3,HOBBIES,CA_3,CA,2016-03-06,3,6.0,6.7320104,5.420312
HOBBIES_CA_3,HOBBIES,CA_3,CA,2016-03-07,9,4.0,3.1239407,4.21148
HOBBIES_CA_3,HOBBIES,CA_3,CA,2016-03-08,0,1.0,5.1477947,4.369884
HOBBIES_CA_3,HOBBIES,CA_3,CA,2016-03-09,5,3.0,4.208195,4.0416336
HOBBIES_CA_3,HOBBIES,CA_3,CA,2016-03-10,8,0.0,3.9625528,4.0152736
HOBBIES_CA_3,HOBBIES,CA_3,CA,2016-03-11,4,8.0,4.22083,4.9698267
HOBBIES_CA_3,HOBBIES,CA_3,CA,2016-03-12,7,7.0,6.6231985,5.84069
HOBBIES_CA_3,HOBBIES,CA_3,CA,2016-03-13,3,3.0,7.2643476,5.6334057
HOBBIES_CA_3,HOBBIES,CA_3,CA,2016-03-14,5,9.0,4.749707,4.399041
HOBBIES_CA_3,HOBBIES,CA_3,CA,2016-03-15,3,0.0,4.1665173,4.0793524
HOBBIES_CA_3,HOBBIES,CA_3,CA,2016-03-16,0,5.0,4.2382555,4.124427
HOBBIES_CA_3,HOBBIES,CA_3,CA,2016-03-17,1,8.0,3.6399555,3.817328
HOBBIES_CA_3,HOBBIES,CA_3,CA,2016-03-18,3,4.0,2.6716764,4.5201254
HOBBIES_CA_3,HOBBIES,CA_3,CA,2016-03-19,10,7.0,6.3012347,5.3717647
HOBBIES_CA_3,HOBBIES,CA_3,CA,2016-03-20,12,3.0,4.9175897,5.176591
HOBBIES_CA_3,HOBBIES,CA_3,CA,2016-03-21,6,5.0,3.150287,4.1758456
HOBBIES_CA_3,HOBBIES,CA_3,CA,2016-03-22,0,3.0,3.4923184,4.0422993
HOBBIES_CA_3,HOBBIES,CA_3,CA,2016-03-23,6,0.0,3.3674183,3.8128567
HOBBIES_CA_3,HOBBIES,CA_3,CA,2016-03-24,3,1.0,4.1814346,3.9539087
HOBBIES_CA_3,HOBBIES,CA_3,CA,2016-03-25,10,3.0,3.5749176,4.569828
HOBBIES_CA_3,HOBBIES,CA_3,CA,2016-03-26,8,10.0,7.5900235,5.7528367
HOBBIES_CA_3,HOBBIES,CA_3,CA,2016-03-27,0,12.0,7.509109,4.7468853
HOBBIES_CA_3,HOBBIES,CA_3,CA,2016-03-28,5,6.0,3.2634318,3.9864182
HOBBIES_CA_3,HOBBIES,CA_3,CA,2016-03-29,9,0.0,2.5187006,3.9408362
HOBBIES_CA_3,HOBBIES,CA_3,CA,2016-03-30,4,6.0,3.5832262,4.1872306
HOBBIES_CA_3,HOBBIES,CA_3,CA,2016-03-31,3,3.0,2.9731083,4.126704
HOBBIES_CA_3,HOBBIES,CA_3,CA,2016-04-01,13,10.0,5.533128,5.3126526
HOBBIES_CA_3,HOBBIES,CA_3,CA,2016-04-02,3,8.0,8.659112,6.094435
HOBBIES_CA_3,HOBBIES,CA_3,CA,2016-04-03,3,0.0,7.632564,6.0766997
HOBBIES_CA_3,HOBBIES,CA_3,CA,2016-04-04,3,5.0,5.9030185,4.5437694
HOBBIES_CA_3,HOBBIES,CA_3,CA,2016-04-05,3,9.0,3.819192,4.289239
HOBBIES_CA_3,HOBBIES,CA_3,CA,2016-04-06,4,4.0,4.3876176,4.275265
HOBBIES_CA_3,HOBBIES,CA_3,CA,2016-04-07,6,3.0,4.668645,4.238511
HOBBIES_CA_3,HOBBIES,CA_3,CA,2016-04-08,5,13.0,4.916036,5.006767
HOBBIES_CA_3,HOBBIES,CA_3,CA,2016-04-09,4,3.0,6.590406,5.5849457
HOBBIES_CA_3,HOBBIES,CA_3,CA,2016-04-10,4,3.0,5.4458003,5.2953324
HOBBIES_CA_3,HOBBIES,CA_3,CA,2016-04-11,8,3.0,3.7554924,4.2055583
HOBBIES_CA_3,HOBBIES,CA_3,CA,2016-04-12,3,3.0,4.249541,4.1299863
HOBBIES_CA_3,HOBBIES,CA_3,CA,2016-04-13,3,4.0,3.3322682,4.002739
HOBBIES_CA_3,HOBBIES,CA_3,CA,2016-04-14,7,6.0,3.2522469,4.061143
HOBBIES_CA_3,HOBBIES,CA_3,CA,2016-04-15,5,5.0,4.389268,5.2133718
HOBBIES_CA_3,HOBBIES,CA_3,CA,2016-04-16,5,4.0,7.0885954,6.061759
HOBBIES_CA_3,HOBBIES,CA_3,CA,2016-04-17,8,4.0,7.4775863,5.932121
HOBBIES_CA_3,HOBBIES,CA_3,CA,2016-04-18,8,8.0,4.410516,4.364751
HOBBIES_CA_3,HOBBIES,CA_3,CA,2016-04-19,5,3.0,3.4100404,4.1618805
HOBBIES_CA_3,HOBBIES,CA_3,CA,2016-04-20,4,3.0,4.609504,4.3510222
HOBBIES_CA_3,HOBBIES,CA_3,CA,2016-04-21,4,7.0,4.351869,4.399209
HOBBIES_CA_3,HOBBIES,CA_3,CA,2016-04-22,5,5.0,4.9174414,5.1225314
HOBBIES_CA_3,HOBBIES,CA_3,CA,2016-04-23,6,5.0,7.019265,5.7754507
HOBBIES_CA_3,HOBBIES,CA_3,CA,2016-04-24,11,8.0,5.8164153,5.466812
HOBBIES_CA_4,HOBBIES,CA_4,CA,2016-02-29,0,1.0,0.8566629,2.2055023
HOBBIES_CA_4,HOBBIES,CA_4,CA,2016-03-01,1,1.0,2.5215044,2.3832815
HOBBIES_CA_4,HOBBIES,CA_4,CA,2016-03-02,2,4.0,2.3525822,2.3832815
HOBBIES_CA_4,HOBBIES,CA_4,CA,2016-03-03,1,1.0,1.9672693,2.2897382
HOBBIES_CA_4,HOBBIES,CA_4,CA,2016-03-04,1,2.0,2.522508,2.2297657
HOBBIES_CA_4,HOBBIES,CA_4,CA,2016-03-05,5,2.0,4.166936,2.3077922
HOBBIES_CA_4,HOBBIES,CA_4,CA,2016-03-06,1,7.0,4.3241076,2.5507598
HOBBIES_CA_4,HOBBIES,CA_4,CA,2016-03-07,0,0.0,1.192636,1.8683714
HOBBIES_CA_4,HOBBIES,CA_4,CA,2016-03-08,0,1.0,1.3406258,1.8540525
HOBBIES_CA_4,HOBBIES,CA_4,CA,2016-03-09,4,2.0,1.4696946,1.7621477
HOBBIES_CA_4,HOBBIES,CA_4,CA,2016-03-10,2,1.0,1.145015,1.7524734
HOBBIES_CA_4,HOBBIES,CA_4,CA,2016-03-11,4,1.0,1.3662101,1.9052902
HOBBIES_CA_4,HOBBIES,CA_4,CA,2016-03-12,3,5.0,4.256327,2.3995683
HOBBIES_CA_4,HOBBIES,CA_4,CA,2016-03-13,10,1.0,4.211369,2.4233177
HOBBIES_CA_4,HOBBIES,CA_4,CA,2016-03-14,24,0.0,2.2519507,2.3087804
HOBBIES_CA_4,HOBBIES,CA_4,CA,2016-03-15,1,0.0,5.0411015,4.3795476
HOBBIES_CA_4,HOBBIES,CA_4,CA,2016-03-16,1,4.0,5.0141926,4.0310955
HOBBIES_CA_4,HOBBIES,CA_4,CA,2016-03-17,3,2.0,5.215893,4.395934
HOBBIES_CA_4,HOBBIES,CA_4,CA,2016-03-18,3,4.0,4.53648,4.8871965
HOBBIES_CA_4,HOBBIES,CA_4,CA,2016-03-19,1,3.0,7.2659388,5.333245
HOBBIES_CA_4,HOBBIES,CA_4,CA,2016-03-20,3,10.0,6.51947,4.8926272
HOBBIES_CA_4,HOBBIES,CA_4,CA,2016-03-21,1,24.0,2.8129272,3.3656816
HOBBIES_CA_4,HOBBIES,CA_4,CA,2016-03-22,2,1.0,0.014189215,2.4716444
HOBBIES_CA_4,HOBBIES,CA_4,CA,2016-03-23,2,1.0,0.85484904,2.6300714
HOBBIES_CA_4,HOBBIES,CA_4,CA,2016-03-24,3,3.0,0.2943467,2.5079653
HOBBIES_CA_4,HOBBIES,CA_4,CA,2016-03-25,5,3.0,0.57947713,3.0265243
HOBBIES_CA_4,HOBBIES,CA_4,CA,2016-03-26,2,1.0,3.2561054,3.544546
HOBBIES_CA_4,HOBBIES,CA_4,CA,2016-03-27,0,3.0,5.1420674,3.168204
HOBBIES_CA_4,HOBBIES,CA_4,CA,2016-03-28,4,1.0,2.0095503,2.4708061
HOBBIES_CA_4,HOBBIES,CA_4,CA,2016-03-29,3,2.0,0.7535818,2.6187875
HOBBIES_CA_4,HOBBIES,CA_4,CA,2016-03-30,0,2.0,1.035511,2.7242718
HOBBIES_CA_4,HOBBIES,CA_4,CA,2016-03-31,1,3.0,0.84558016,2.6849136
HOBBIES_CA_4,HOBBIES,CA_4,CA,2016-04-01,1,5.0,1.7591151,3.187964
HOBBIES_CA_4,HOBBIES,CA_4,CA,2016-04-02,6,2.0,4.207314,3.5143783
HOBBIES_CA_4,HOBBIES,CA_4,CA,2016-04-03,2,0.0,4.2036138,3.467445
HOBBIES_CA_4,HOBBIES,CA_4,CA,2016-04-04,6,4.0,1.5707916,2.861015
HOBBIES_CA_4,HOBBIES,CA_4,CA,2016-04-05,2,3.0,1.8814583,2.9373868
HOBBIES_CA_4,HOBBIES,CA_4,CA,2016-04-06,1,0.0,2.4061885,3.1516402
HOBBIES_CA_4,HOBBIES,CA_4,CA,2016-04-07,3,1.0,2.29774,2.9826636
HOBBIES_CA_4,HOBBIES,CA_4,CA,2016-04-08,1,1.0,2.8435073,3.7539108
HOBBIES_CA_4,HOBBIES,CA_4,CA,2016-04-09,4,6.0,4.9253507,3.9479852
HOBBIES_CA_4,HOBBIES,CA_4,CA,2016-04-10,14,2.0,5.7236013,3.7583294
HOBBIES_CA_4,HOBBIES,CA_4,CA,2016-04-11,1,6.0,7.078945,3.3107412
HOBBIES_CA_4,HOBBIES,CA_4,CA,2016-04-12,0,2.0,2.7591903,2.7344728
HOBBIES_CA_4,HOBBIES,CA_4,CA,2016-04-13,3,1.0,2.263017,2.6747687
HOBBIES_CA_4,HOBBIES,CA_4,CA,2016-04-14,0,3.0,2.8075285,2.782733
HOBBIES_CA_4,HOBBIES,CA_4,CA,2016-04-15,7,1.0,2.4396174,3.0600576
HOBBIES_CA_4,HOBBIES,CA_4,CA,2016-04-16,2,4.0,5.5089746,3.6658013
HOBBIES_CA_4,HOBBIES,CA_4,CA,2016-04-17,2,14.0,5.275274,3.6526093
HOBBIES_CA_4,HOBBIES,CA_4,CA,2016-04-18,5,1.0,1.2652348,2.7898552
HOBBIES_CA_4,HOBBIES,CA_4,CA,2016-04-19,4,0.0,1.5317976,2.6562028
HOBBIES_CA_4,HOBBIES,CA_4,CA,2016-04-20,16,3.0,1.8456002,2.7612529
HOBBIES_CA_4,HOBBIES,CA_4,CA,2016-04-21,4,0.0,3.6216092,3.3444688
HOBBIES_CA_4,HOBBIES,CA_4,CA,2016-04-22,2,7.0,4.0573378,3.9187288
HOBBIES_CA_4,HOBBIES,CA_4,CA,2016-04-23,2,2.0,5.7619753,4.0593677
HOBBIES_CA_4,HOBBIES,CA_4,CA,2016-04-24,5,2.0,6.1652384,5.079663
HOBBIES_TX_1,HOBBIES,TX_1,TX,2016-02-29,4,1.0,0.26786137,1.7205254
HOBBIES_TX_1,HOBBIES,TX_1,TX,2016-03-01,2,4.0,2.198127,2.0409775
HOBBIES_TX_1,HOBBIES,TX_1,TX,2016-03-02,4,3.0,1.8768178,1.8533276
HOBBIES_TX_1,HOBBIES,TX_1,TX,2016-03-03,4,2.0,1.9160899,1.9223897
HOBBIES_TX_1,HOBBIES,TX_1,TX,2016-03-04,2,3.0,2.0201266,2.3176033
HOBBIES_TX_1,HOBBIES,TX_1,TX,2016-03-05,3,2.0,4.8162255,3.027045
HOBBIES_TX_1,HOBBIES,TX_1,TX,2016-03-06,1,2.0,4.563832,2.9898937
HOBBIES_TX_1,HOBBIES,TX_1,TX,2016-03-07,2,4.0,1.8896127,2.2694514
HOBBIES_TX_1,HOBBIES,TX_1,TX,2016-03-08,1,2.0,1.6243005,1.9994483
HOBBIES_TX_1,HOBBIES,TX_1,TX,2016-03-09,1,4.0,1.6770782,2.1641445
HOBBIES_TX_1,HOBBIES,TX_1,TX,2016-03-10,7,4.0,1.5166472,2.0860074
HOBBIES_TX_1,HOBBIES,TX_1,TX,2016-03-11,10,2.0,1.9084861,2.6098158
HOBBIES_TX_1,HOBBIES,TX_1,TX,2016-03-12,3,3.0,5.057877,3.6539075
HOBBIES_TX_1,HOBBIES,TX_1,TX,2016-03-13,3,1.0,5.553252,3.7421813
HOBBIES_TX_1,HOBBIES,TX_1,TX,2016-03-14,7,2.0,2.531166,2.781856
HOBBIES_TX_1,HOBBIES,TX_1,TX,2016-03-15,5,1.0,3.3549478,3.0078766
HOBBIES_TX_1,HOBBIES,TX_1,TX,2016-03-16,1,1.0,3.7253368,2.9652147
HOBBIES_TX_1,HOBBIES,TX_1,TX,2016-03-17,2,7.0,3.7098432,2.985484
HOBBIES_TX_1,HOBBIES,TX_1,TX,2016-03-18,5,10.0,3.0078661,3.5798366
HOBBIES_TX_1,HOBBIES,TX_1,TX,2016-03-19,1,3.0,5.455833,3.7542572
HOBBIES_TX_1,HOBBIES,TX_1,TX,2016-03-20,3,3.0,4.9123373,3.5857399
HOBBIES_TX_1,HOBBIES,TX_1,TX,2016-03-21,4,7.0,2.1604087,2.8361192
HOBBIES_TX_1,HOBBIES,TX_1,TX,2016-03-22,3,5.0,2.1641178,2.885139
HOBBIES_TX_1,HOBBIES,TX_1,TX,2016-03-23,4,1.0,1.5756261,2.6116812
HOBBIES_TX_1,HOBBIES,TX_1,TX,2016-03-24,2,2.0,2.3233194,2.9924417
HOBBIES_TX_1,HOBBIES,TX_1,TX,2016-03-25,9,5.0,2.608765,3.5268054
HOBBIES_TX_1,HOBBIES,TX_1,TX,2016-03-26,3,1.0,4.8277516,4.105891
HOBBIES_TX_1,HOBBIES,TX_1,TX,2016-03-27,3,3.0,5.0108876,3.6020854
HOBBIES_TX_1,HOBBIES,TX_1,TX,2016-03-28,3,4.0,2.7697902,3.304066
HOBBIES_TX_1,HOBBIES,TX_1,TX,2016-03-29,4,3.0,2.1251533,3.0978992
HOBBIES_TX_1,HOBBIES,TX_1,TX,2016-03-30,0,4.0,2.1298597,3.187094
HOBBIES_TX_1,HOBBIES,TX_1,TX,2016-03-31,3,2.0,1.9448478,3.0948865
HOBBIES_TX_1,HOBBIES,TX_1,TX,2016-04-01,1,9.0,3.115451,3.7215707
HOBBIES_TX_1,HOBBIES,TX_1,TX,2016-04-02,3,3.0,4.420839,3.5845263
HOBBIES_TX_1,HOBBIES,TX_1,TX,2016-04-03,2,3.0,4.327397,3.6190274
HOBBIES_TX_1,HOBBIES,TX_1,TX,2016-04-04,1,3.0,1.8454976,2.8109007
HOBBIES_TX_1,HOBBIES,TX_1,TX,2016-04-05,1,4.0,1.4735947,2.8053017
HOBBIES_TX_1,HOBBIES,TX_1,TX,2016-04-06,2,0.0,1.2345748,2.7289932
HOBBIES_TX_1,HOBBIES,TX_1,TX,2016-04-07,3,3.0,2.2434423,2.8469517
HOBBIES_TX_1,HOBBIES,TX_1,TX,2016-04-08,3,1.0,3.218096,3.3328588
HOBBIES_TX_1,HOBBIES,TX_1,TX,2016-04-09,5,3.0,4.360348,3.2436213
HOBBIES_TX_1,HOBBIES,TX_1,TX,2016-04-10,4,2.0,4.494036,3.3689573
HOBBIES_TX_1,HOBBIES,TX_1,TX,2016-04-11,1,1.0,2.8785665,2.7807846
HOBBIES_TX_1,HOBBIES,TX_1,TX,2016-04-12,0,1.0,2.6767335,2.7372048
HOBBIES_TX_1,HOBBIES,TX_1,TX,2016-04-13,0,2.0,1.679263,2.581201
HOBBIES_TX_1,HOBBIES,TX_1,TX,2016-04-14,2,3.0,1.7982907,2.5735297
HOBBIES_TX_1,HOBBIES,TX_1,TX,2016-04-15,1,3.0,2.0938854,3.068468
HOBBIES_TX_1,HOBBIES,TX_1,TX,2016-04-16,1,5.0,3.7450306,3.0655973
HOBBIES_TX_1,HOBBIES,TX_1,TX,2016-04-17,5,4.0,3.0049984,2.7333362
HOBBIES_TX_1,HOBBIES,TX_1,TX,2016-04-18,4,1.0,0.6865683,2.1408246
HOBBIES_TX_1,HOBBIES,TX_1,TX,2016-04-19,4,0.0,1.2569847,2.430491
HOBBIES_TX_1,HOBBIES,TX_1,TX,2016-04-20,2,0.0,1.4603763,2.1551116
HOBBIES_TX_1,HOBBIES,TX_1,TX,2016-04-21,1,2.0,1.65504,2.4298868
HOBBIES_TX_1,HOBBIES,TX_1,TX,2016-04-22,2,1.0,2.781061,2.891247
HOBBIES_TX_1,HOBBIES,TX_1,TX,2016-04-23,2,1.0,4.465433,3.012903
HOBBIES_TX_1,HOBBIES,TX_1,TX,2016-04-24,5,5.0,4.45894,3.1453097
HOBBIES_TX_2,HOBBIES,TX_2,TX,2016-02-29,7,6.0,3.379192,3.664772
HOBBIES_TX_2,HOBBIES,TX_2,TX,2016-03-01,6,6.0,4.611043,3.6491213
HOBBIES_TX_2,HOBBIES,TX_2,TX,2016-03-02,2,2.0,4.8518715,3.468717
HOBBIES_TX_2,HOBBIES,TX_2,TX,2016-03-03,5,3.0,4.593558,3.6007361
HOBBIES_TX_2,HOBBIES,TX_2,TX,2016-03-04,1,8.0,4.769067,4.1395545
HOBBIES_TX_2,HOBBIES,TX_2,TX,2016-03-05,5,8.0,6.7228117,4.9870234
HOBBIES_TX_2,HOBBIES,TX_2,TX,2016-03-06,7,6.0,6.644004,4.937207
HOBBIES_TX_2,HOBBIES,TX_2,TX,2016-03-07,4,7.0,4.0882344,3.80771
HOBBIES_TX_2,HOBBIES,TX_2,TX,2016-03-08,2,6.0,4.059768,3.6568158
HOBBIES_TX_2,HOBBIES,TX_2,TX,2016-03-09,2,2.0,2.1080258,3.1302962
HOBBIES_TX_2,HOBBIES,TX_2,TX,2016-03-10,3,5.0,2.9611537,3.2942371
HOBBIES_TX_2,HOBBIES,TX_2,TX,2016-03-11,6,1.0,3.2941043,4.188708
HOBBIES_TX_2,HOBBIES,TX_2,TX,2016-03-12,6,5.0,7.1877384,5.0737295
HOBBIES_TX_2,HOBBIES,TX_2,TX,2016-03-13,2,7.0,6.071983,4.894073
HOBBIES_TX_2,HOBBIES,TX_2,TX,2016-03-14,4,4.0,2.8503904,3.6028583
HOBBIES_TX_2,HOBBIES,TX_2,TX,2016-03-15,2,2.0,3.1936288,3.635418
HOBBIES_TX_2,HOBBIES,TX_2,TX,2016-03-16,3,2.0,2.3850777,3.3194795
HOBBIES_TX_2,HOBBIES,TX_2,TX,2016-03-17,4,3.0,2.6719239,3.3843062
HOBBIES_TX_2,HOBBIES,TX_2,TX,2016-03-18,6,6.0,2.5045054,4.0881186
HOBBIES_TX_2,HOBBIES,TX_2,TX,2016-03-19,5,6.0,5.4192057,4.929258
HOBBIES_TX_2,HOBBIES,TX_2,TX,2016-03-20,2,2.0,5.574754,5.089297
HOBBIES_TX_2,HOBBIES,TX_2,TX,2016-03-21,10,4.0,3.3266406,3.973468
HOBBIES_TX_2,HOBBIES,TX_2,TX,2016-03-22,7,2.0,3.8145182,3.9641922
HOBBIES_TX_2,HOBBIES,TX_2,TX,2016-03-23,4,3.0,3.670473,4.0128875
HOBBIES_TX_2,HOBBIES,TX_2,TX,2016-03-24,5,4.0,3.7777522,4.2346535
HOBBIES_TX_2,HOBBIES,TX_2,TX,2016-03-25,3,6.0,5.01511,5.11368
HOBBIES_TX_2,HOBBIES,TX_2,TX,2016-03-26,4,5.0,7.157472,5.7664304
HOBBIES_TX_2,HOBBIES,TX_2,TX,2016-03-27,4,2.0,6.3811927,4.8110414
HOBBIES_TX_2,HOBBIES,TX_2,TX,2016-03-28,5,10.0,4.0544815,4.073709
HOBBIES_TX_2,HOBBIES,TX_2,TX,2016-03-29,4,7.0,3.101966,3.6955185
HOBBIES_TX_2,HOBBIES,TX_2,TX,2016-03-30,4,4.0,2.1883516,3.4413648
HOBBIES_TX_2,HOBBIES,TX_2,TX,2016-03-31,2,5.0,2.7510507,3.5912585
HOBBIES_TX_2,HOBBIES,TX_2,TX,2016-04-01,6,3.0,3.1109493,4.0562515
HOBBIES_TX_2,HOBBIES,TX_2,TX,2016-04-02,2,4.0,6.3630204,5.0876884
HOBBIES_TX_2,HOBBIES,TX_2,TX,2016-04-03,5,4.0,6.332391,4.7939878
HOBBIES_TX_2,HOBBIES,TX_2,TX,2016-04-04,1,5.0,3.9808333,3.8089807
HOBBIES_TX_2,HOBBIES,TX_2,TX,2016-04-05,1,4.0,3.0989995,3.5687652
HOBBIES_TX_2,HOBBIES,TX_2,TX,2016-04-06,1,4.0,2.5713904,3.405797
HOBBIES_TX_2,HOBBIES,TX_2,TX,2016-04-07,3,2.0,2.4858022,3.51879
HOBBIES_TX_2,HOBBIES,TX_2,TX,2016-04-08,4,6.0,2.874582,3.8268368
HOBBIES_TX_2,HOBBIES,TX_2,TX,2016-04-09,2,2.0,5.2141976,4.4483123
HOBBIES_TX_2,HOBBIES,TX_2,TX,2016-04-10,7,5.0,4.4842067,4.3152976
HOBBIES_TX_2,HOBBIES,TX_2,TX,2016-04-11,6,1.0,2.6401634,3.5705397
HOBBIES_TX_2,HOBBIES,TX_2,TX,2016-04-12,0,1.0,2.826905,3.4597354
HOBBIES_TX_2,HOBBIES,TX_2,TX,2016-04-13,12,1.0,2.6710677,3.3820844
HOBBIES_TX_2,HOBBIES,TX_2,TX,2016-04-14,11,3.0,4.081573,3.5905592
HOBBIES_TX_2,HOBBIES,TX_2,TX,2016-04-15,0,4.0,5.7004414,4.726135
HOBBIES_TX_2,HOBBIES,TX_2,TX,2016-04-16,0,2.0,7.19398,5.221978
HOBBIES_TX_2,HOBBIES,TX_2,TX,2016-04-17,6,7.0,6.6107435,4.939326
HOBBIES_TX_2,HOBBIES,TX_2,TX,2016-04-18,4,6.0,3.684807,3.2687845
HOBBIES_TX_2,HOBBIES,TX_2,TX,2016-04-19,4,0.0,4.2360716,3.4668205
HOBBIES_TX_2,HOBBIES,TX_2,TX,2016-04-20,2,12.0,3.9363127,3.4600878
HOBBIES_TX_2,HOBBIES,TX_2,TX,2016-04-21,3,11.0,3.0398617,3.353761
HOBBIES_TX_2,HOBBIES,TX_2,TX,2016-04-22,4,0.0,2.0717356,3.8170614
HOBBIES_TX_2,HOBBIES,TX_2,TX,2016-04-23,2,0.0,4.8749943,4.624727
HOBBIES_TX_2,HOBBIES,TX_2,TX,2016-04-24,2,6.0,5.1867805,4.6542354
HOBBIES_TX_3,HOBBIES,TX_3,TX,2016-02-29,3,6.0,1.7016903,3.002819
HOBBIES_TX_3,HOBBIES,TX_3,TX,2016-03-01,4,3.0,2.713821,2.885849
HOBBIES_TX_3,HOBBIES,TX_3,TX,2016-03-02,2,4.0,2.5935931,2.7822196
HOBBIES_TX_3,HOBBIES,TX_3,TX,2016-03-03,0,2.0,2.1099322,2.7204695
HOBBIES_TX_3,HOBBIES,TX_3,TX,2016-03-04,2,2.0,1.8259789,2.9749384
HOBBIES_TX_3,HOBBIES,TX_3,TX,2016-03-05,6,3.0,5.3707256,3.5850492
HOBBIES_TX_3,HOBBIES,TX_3,TX,2016-03-06,6,2.0,5.2665725,3.7120163
HOBBIES_TX_3,HOBBIES,TX_3,TX,2016-03-07,3,3.0,2.8990765,3.1078174
HOBBIES_TX_3,HOBBIES,TX_3,TX,2016-03-08,0,4.0,2.7750778,2.8740396
HOBBIES_TX_3,HOBBIES,TX_3,TX,2016-03-09,1,2.0,2.6436787,2.7321653
HOBBIES_TX_3,HOBBIES,TX_3,TX,2016-03-10,2,0.0,2.0758553,2.6250355
HOBBIES_TX_3,HOBBIES,TX_3,TX,2016-03-11,4,2.0,2.1358829,3.3323846
HOBBIES_TX_3,HOBBIES,TX_3,TX,2016-03-12,2,6.0,5.066032,3.7494202
HOBBIES_TX_3,HOBBIES,TX_3,TX,2016-03-13,1,6.0,4.5368304,3.5274184
HOBBIES_TX_3,HOBBIES,TX_3,TX,2016-03-14,4,3.0,1.6209774,2.6545506
HOBBIES_TX_3,HOBBIES,TX_3,TX,2016-03-15,2,0.0,1.44455,2.680509
HOBBIES_TX_3,HOBBIES,TX_3,TX,2016-03-16,7,1.0,1.6230048,2.576595
HOBBIES_TX_3,HOBBIES,TX_3,TX,2016-03-17,3,2.0,2.4176342,2.880678
HOBBIES_TX_3,HOBBIES,TX_3,TX,2016-03-18,2,4.0,2.333272,3.3704166
HOBBIES_TX_3,HOBBIES,TX_3,TX,2016-03-19,0,2.0,5.737562,3.8897343
HOBBIES_TX_3,HOBBIES,TX_3,TX,2016-03-20,2,1.0,5.502746,3.6672447
HOBBIES_TX_3,HOBBIES,TX_3,TX,2016-03-21,6,4.0,2.7261558,2.8378863
HOBBIES_TX_3,HOBBIES,TX_3,TX,2016-03-22,4,2.0,2.2033322,2.7970474
HOBBIES_TX_3,HOBBIES,TX_3,TX,2016-03-23,2,7.0,2.6168993,2.8757029
HOBBIES_TX_3,HOBBIES,TX_3,TX,2016-03-24,3,3.0,1.6020631,2.6402555
HOBBIES_TX_3,HOBBIES,TX_3,TX,2016-03-25,6,2.0,1.8285332,3.1254237
HOBBIES_TX_3,HOBBIES,TX_3,TX,2016-03-26,2,0.0,4.755626,3.600333
HOBBIES_TX_3,HOBBIES,TX_3,TX,2016-03-27,3,2.0,4.6727414,3.1232393
HOBBIES_TX_3,HOBBIES,TX_3,TX,2016-03-28,4,6.0,2.3133643,2.9502068
HOBBIES_TX_3,HOBBIES,TX_3,TX,2016-03-29,2,4.0,2.0162067,2.9091506
HOBBIES_TX_3,HOBBIES,TX_3,TX,2016-03-30,4,2.0,1.7612269,2.8941798
HOBBIES_TX_3,HOBBIES,TX_3,TX,2016-03-31,4,3.0,1.4599022,2.8996162
HOBBIES_TX_3,HOBBIES,TX_3,TX,2016-04-01,3,6.0,2.964269,3.4269867
HOBBIES_TX_3,HOBBIES,TX_3,TX,2016-04-02,3,2.0,5.466864,3.6514912
HOBBIES_TX_3,HOBBIES,TX_3,TX,2016-04-03,1,3.0,5.797743,3.6613705
HOBBIES_TX_3,HOBBIES,TX_3,TX,2016-04-04,6,4.0,2.8430617,2.7908912
HOBBIES_TX_3,HOBBIES,TX_3,TX,2016-04-05,5,2.0,2.5119488,2.8195164
HOBBIES_TX_3,HOBBIES,TX_3,TX,2016-04-06,8,4.0,2.856569,2.884669
HOBBIES_TX_3,HOBBIES,TX_3,TX,2016-04-07,7,4.0,3.559082,3.144857
HOBBIES_TX_3,HOBBIES,TX_3,TX,2016-04-08,3,3.0,4.3929415,4.1340337
HOBBIES_TX_3,HOBBIES,TX_3,TX,2016-04-09,2,3.0,6.271281,4.596078
HOBBIES_TX_3,HOBBIES,TX_3,TX,2016-04-10,5,1.0,5.9784307,4.456115
HOBBIES_TX_3,HOBBIES,TX_3,TX,2016-04-11,6,6.0,4.480922,3.652423
HOBBIES_TX_3,HOBBIES,TX_3,TX,2016-04-12,4,5.0,3.5509944,3.4724865
HOBBIES_TX_3,HOBBIES,TX_3,TX,2016-04-13,6,8.0,4.6895247,3.5710385
HOBBIES_TX_3,HOBBIES,TX_3,TX,2016-04-14,3,7.0,3.9554045,3.454438
HOBBIES_TX_3,HOBBIES,TX_3,TX,2016-04-15,3,3.0,3.3608267,4.0039663
HOBBIES_TX_3,HOBBIES,TX_3,TX,2016-04-16,2,2.0,5.2849975,4.5036755
HOBBIES_TX_3,HOBBIES,TX_3,TX,2016-04-17,3,5.0,5.3366284,4.558733
HOBBIES_TX_3,HOBBIES,TX_3,TX,2016-04-18,2,6.0,3.27365,3.4269543
HOBBIES_TX_3,HOBBIES,TX_3,TX,2016-04-19,2,4.0,2.8721151,3.4237325
HOBBIES_TX_3,HOBBIES,TX_3,TX,2016-04-20,6,6.0,2.5246413,3.3812869
HOBBIES_TX_3,HOBBIES,TX_3,TX,2016-04-21,9,3.0,2.3562837,3.378098
HOBBIES_TX_3,HOBBIES,TX_3,TX,2016-04-22,4,3.0,3.394439,4.125976
HOBBIES_TX_3,HOBBIES,TX_3,TX,2016-04-23,6,2.0,5.174676,4.715422
HOBBIES_TX_3,HOBBIES,TX_3,TX,2016-04-24,3,3.0,5.957779,4.9974775
HOBBIES_WI_1,HOBBIES,WI_1,WI,2016-02-29,3,12.0,4.1764817,4.2866917
HOBBIES_WI_1,HOBBIES,WI_1,WI,2016-03-01,2,2.0,2.6445665,4.3282533
HOBBIES_WI_1,HOBBIES,WI_1,WI,2016-03-02,4,1.0,5.0398784,4.7197104
HOBBIES_WI_1,HOBBIES,WI_1,WI,2016-03-03,4,7.0,5.2163434,4.864835
HOBBIES_WI_1,HOBBIES,WI_1,WI,2016-03-04,6,3.0,3.7764187,5.1245904
HOBBIES_WI_1,HOBBIES,WI_1,WI,2016-03-05,12,14.0,8.312566,6.987592
HOBBIES_WI_1,HOBBIES,WI_1,WI,2016-03-06,11,3.0,7.4322405,6.4003515
HOBBIES_WI_1,HOBBIES,WI_1,WI,2016-03-07,6,3.0,5.5771737,4.9949775
HOBBIES_WI_1,HOBBIES,WI_1,WI,2016-03-08,3,2.0,5.8548603,5.365248
HOBBIES_WI_1,HOBBIES,WI_1,WI,2016-03-09,7,4.0,5.2586,5.2579713
HOBBIES_WI_1,HOBBIES,WI_1,WI,2016-03-10,4,4.0,6.358182,5.0828476
HOBBIES_WI_1,HOBBIES,WI_1,WI,2016-03-11,7,6.0,6.481918,6.5950117
HOBBIES_WI_1,HOBBIES,WI_1,WI,2016-03-12,5,12.0,9.860917,7.8854795
HOBBIES_WI_1,HOBBIES,WI_1,WI,2016-03-13,6,11.0,8.173455,6.3329186
HOBBIES_WI_1,HOBBIES,WI_1,WI,2016-03-14,1,6.0,4.538506,4.976796
HOBBIES_WI_1,HOBBIES,WI_1,WI,2016-03-15,5,3.0,3.661116,4.68799
HOBBIES_WI_1,HOBBIES,WI_1,WI,2016-03-16,4,7.0,4.78105,4.5012946
HOBBIES_WI_1,HOBBIES,WI_1,WI,2016-03-17,3,4.0,4.0992107,4.4385567
HOBBIES_WI_1,HOBBIES,WI_1,WI,2016-03-18,3,7.0,3.8247976,5.6622195
HOBBIES_WI_1,HOBBIES,WI_1,WI,2016-03-19,7,5.0,7.034698,6.626913
HOBBIES_WI_1,HOBBIES,WI_1,WI,2016-03-20,3,6.0,7.147367,6.3725405
HOBBIES_WI_1,HOBBIES,WI_1,WI,2016-03-21,5,1.0,4.394098,4.6724706
HOBBIES_WI_1,HOBBIES,WI_1,WI,2016-03-22,5,5.0,2.939922,4.1108294
HOBBIES_WI_1,HOBBIES,WI_1,WI,2016-03-23,0,4.0,2.9075592,4.1054997
HOBBIES_WI_1,HOBBIES,WI_1,WI,2016-03-24,3,3.0,2.6522415,4.103101
HOBBIES_WI_1,HOBBIES,WI_1,WI,2016-03-25,5,3.0,2.454183,5.118985
HOBBIES_WI_1,HOBBIES,WI_1,WI,2016-03-26,8,7.0,6.735563,5.723078
HOBBIES_WI_1,HOBBIES,WI_1,WI,2016-03-27,7,3.0,5.1001906,4.602628
HOBBIES_WI_1,HOBBIES,WI_1,WI,2016-03-28,2,5.0,2.3412483,4.2782497
HOBBIES_WI_1,HOBBIES,WI_1,WI,2016-03-29,3,5.0,2.5327435,4.163567
HOBBIES_WI_1,HOBBIES,WI_1,WI,2016-03-30,1,0.0,2.5423818,4.052281
HOBBIES_WI_1,HOBBIES,WI_1,WI,2016-03-31,15,3.0,2.3697278,4.008197
HOBBIES_WI_1,HOBBIES,WI_1,WI,2016-04-01,13,5.0,4.424742,5.019182
HOBBIES_WI_1,HOBBIES,WI_1,WI,2016-04-02,8,8.0,9.934821,7.497107
HOBBIES_WI_1,HOBBIES,WI_1,WI,2016-04-03,5,7.0,9.547976,7.152782
HOBBIES_WI_1,HOBBIES,WI_1,WI,2016-04-04,2,2.0,6.147251,4.359477
HOBBIES_WI_1,HOBBIES,WI_1,WI,2016-04-05,4,3.0,5.7381487,4.6005826
HOBBIES_WI_1,HOBBIES,WI_1,WI,2016-04-06,3,1.0,5.877095,4.6497974
HOBBIES_WI_1,HOBBIES,WI_1,WI,2016-04-07,5,15.0,6.022036,4.405336
HOBBIES_WI_1,HOBBIES,WI_1,WI,2016-04-08,8,13.0,5.445423,5.3080707
HOBBIES_WI_1,HOBBIES,WI_1,WI,2016-04-09,11,8.0,7.3322105,6.252956
HOBBIES_WI_1,HOBBIES,WI_1,WI,2016-04-10,6,5.0,7.6079097,5.851086
HOBBIES_WI_1,HOBBIES,WI_1,WI,2016-04-11,5,2.0,4.0991497,4.6135426
HOBBIES_WI_1,HOBBIES,WI_1,WI,2016-04-12,2,4.0,5.135546,4.9408574
HOBBIES_WI_1,HOBBIES,WI_1,WI,2016-04-13,3,3.0,4.566693,4.2391315
HOBBIES_WI_1,HOBBIES,WI_1,WI,2016-04-14,7,5.0,5.5482244,4.975972
HOBBIES_WI_1,HOBBIES,WI_1,WI,2016-04-15,3,8.0,5.6268234,6.0230503
HOBBIES_WI_1,HOBBIES,WI_1,WI,2016-04-16,6,11.0,7.690165,6.4373055
HOBBIES_WI_1,HOBBIES,WI_1,WI,2016-04-17,3,6.0,6.200588,5.885962
HOBBIES_WI_1,HOBBIES,WI_1,WI,2016-04-18,3,5.0,3.365612,4.4291096
HOBBIES_WI_1,HOBBIES,WI_1,WI,2016-04-19,3,2.0,3.3025606,4.1260786
HOBBIES_WI_1,HOBBIES,WI_1,WI,2016-04-20,1,3.0,2.3710024,3.9786415
HOBBIES_WI_1,HOBBIES,WI_1,WI,2016-04-21,0,7.0,2.8519275,4.203545
HOBBIES_WI_1,HOBBIES,WI_1,WI,2016-04-22,8,3.0,2.624287,4.824948
HOBBIES_WI_1,HOBBIES,WI_1,WI,2016-04-23,8,6.0,6.304858,5.938023
HOBBIES_WI_1,HOBBIES,WI_1,WI,2016-04-24,12,3.0,5.9563813,5.411041
HOBBIES_WI_2,HOBBIES,WI_2,WI,2016-02-29,3,0.0,0.103549115,1.6188184
HOBBIES_WI_2,HOBBIES,WI_2,WI,2016-03-01,1,1.0,0.5078507,1.6536797
HOBBIES_WI_2,HOBBIES,WI_2,WI,2016-03-02,0,1.0,1.8842807,1.8199934
HOBBIES_WI_2,HOBBIES,WI_2,WI,2016-03-03,7,3.0,1.4729995,1.8586456
HOBBIES_WI_2,HOBBIES,WI_2,WI,2016-03-04,1,0.0,1.7834072,2.0121288
HOBBIES_WI_2,HOBBIES,WI_2,WI,2016-03-05,1,2.0,4.428585,2.6171942
HOBBIES_WI_2,HOBBIES,WI_2,WI,2016-03-06,7,3.0,4.401852,2.3873348
HOBBIES_WI_2,HOBBIES,WI_2,WI,2016-03-07,3,3.0,2.067978,2.0543916
HOBBIES_WI_2,HOBBIES,WI_2,WI,2016-03-08,1,1.0,2.5491927,2.259527
HOBBIES_WI_2,HOBBIES,WI_2,WI,2016-03-09,0,0.0,2.1626847,2.0507612
HOBBIES_WI_2,HOBBIES,WI_2,WI,2016-03-10,0,7.0,2.2512107,2.0809884
HOBBIES_WI_2,HOBBIES,WI_2,WI,2016-03-11,0,1.0,1.6178,2.1263711
HOBBIES_WI_2,HOBBIES,WI_2,WI,2016-03-12,4,1.0,3.952835,2.5038657
HOBBIES_WI_2,HOBBIES,WI_2,WI,2016-03-13,0,7.0,4.5222216,2.4473307
HOBBIES_WI_2,HOBBIES,WI_2,WI,2016-03-14,7,3.0,1.5866573,1.9669557
HOBBIES_WI_2,HOBBIES,WI_2,WI,2016-03-15,3,1.0,1.0265415,1.8786346
HOBBIES_WI_2,HOBBIES,WI_2,WI,2016-03-16,4,0.0,1.6761796,1.8949572
HOBBIES_WI_2,HOBBIES,WI_2,WI,2016-03-17,0,0.0,3.12988,2.355652
HOBBIES_WI_2,HOBBIES,WI_2,WI,2016-03-18,0,0.0,1.7314814,2.1005483
HOBBIES_WI_2,HOBBIES,WI_2,WI,2016-03-19,1,4.0,4.1126175,2.524076
HOBBIES_WI_2,HOBBIES,WI_2,WI,2016-03-20,3,0.0,4.3499503,2.625842
HOBBIES_WI_2,HOBBIES,WI_2,WI,2016-03-21,0,7.0,1.5476596,2.118721
HOBBIES_WI_2,HOBBIES,WI_2,WI,2016-03-22,3,3.0,0.7195108,1.9365427
HOBBIES_WI_2,HOBBIES,WI_2,WI,2016-03-23,3,4.0,0.46267915,1.8267004
HOBBIES_WI_2,HOBBIES,WI_2,WI,2016-03-24,1,0.0,0.19525361,2.024164
HOBBIES_WI_2,HOBBIES,WI_2,WI,2016-03-25,4,0.0,0.0,2.0790954
HOBBIES_WI_2,HOBBIES,WI_2,WI,2016-03-26,3,1.0,3.3999615,2.817747
HOBBIES_WI_2,HOBBIES,WI_2,WI,2016-03-27,3,3.0,3.332446,2.232187
HOBBIES_WI_2,HOBBIES,WI_2,WI,2016-03-28,1,0.0,1.1036191,2.407893
HOBBIES_WI_2,HOBBIES,WI_2,WI,2016-03-29,3,3.0,0.9290604,2.1391077
HOBBIES_WI_2,HOBBIES,WI_2,WI,2016-03-30,2,3.0,0.63852453,2.141369
HOBBIES_WI_2,HOBBIES,WI_2,WI,2016-03-31,2,1.0,1.4397427,2.2306533
HOBBIES_WI_2,HOBBIES,WI_2,WI,2016-04-01,2,4.0,0.88702106,2.3660247
HOBBIES_WI_2,HOBBIES,WI_2,WI,2016-04-02,2,3.0,4.0563707,2.6876915
HOBBIES_WI_2,HOBBIES,WI_2,WI,2016-04-03,3,3.0,5.1135855,2.8686852
HOBBIES_WI_2,HOBBIES,WI_2,WI,2016-04-04,2,1.0,1.7092754,1.9339288
HOBBIES_WI_2,HOBBIES,WI_2,WI,2016-04-05,0,3.0,1.7863293,1.9877623
HOBBIES_WI_2,HOBBIES,WI_2,WI,2016-04-06,1,2.0,1.1159179,1.9037284
HOBBIES_WI_2,HOBBIES,WI_2,WI,2016-04-07,3,2.0,1.032833,1.9034777
HOBBIES_WI_2,HOBBIES,WI_2,WI,2016-04-08,1,2.0,1.4378947,2.3317146
HOBBIES_WI_2,HOBBIES,WI_2,WI,2016-04-09,7,2.0,4.347626,2.8378084
HOBBIES_WI_2,HOBBIES,WI_2,WI,2016-04-10,3,3.0,4.162516,2.900196
HOBBIES_WI_2,HOBBIES,WI_2,WI,2016-04-11,3,2.0,2.672702,2.445173
HOBBIES_WI_2,HOBBIES,WI_2,WI,2016-04-12,2,0.0,2.3113039,2.429553
HOBBIES_WI_2,HOBBIES,WI_2,WI,2016-04-13,2,1.0,2.5378923,2.3260787
HOBBIES_WI_2,HOBBIES,WI_2,WI,2016-04-14,1,3.0,2.064952,2.3945653
HOBBIES_WI_2,HOBBIES,WI_2,WI,2016-04-15,2,1.0,1.8548597,2.4597673
HOBBIES_WI_2,HOBBIES,WI_2,WI,2016-04-16,4,7.0,4.4746375,3.185413
HOBBIES_WI_2,HOBBIES,WI_2,WI,2016-04-17,2,3.0,4.467526,2.9409904
HOBBIES_WI_2,HOBBIES,WI_2,WI,2016-04-18,1,3.0,1.2262707,2.1792288
HOBBIES_WI_2,HOBBIES,WI_2,WI,2016-04-19,2,2.0,1.2073174,2.1139877
HOBBIES_WI_2,HOBBIES,WI_2,WI,2016-04-20,1,2.0,1.3492235,2.22383
HOBBIES_WI_2,HOBBIES,WI_2,WI,2016-04-21,3,1.0,1.0405105,2.2493448
HOBBIES_WI_2,HOBBIES,WI_2,WI,2016-04-22,3,2.0,1.5653481,2.5047219
HOBBIES_WI_2,HOBBIES,WI_2,WI,2016-04-23,2,4.0,4.3499403,3.038426
HOBBIES_WI_2,HOBBIES,WI_2,WI,2016-04-24,1,2.0,3.7579653,2.8445704
HOBBIES_WI_3,HOBBIES,WI_3,WI,2016-02-29,2,2.0,2.037477,3.4427357
HOBBIES_WI_3,HOBBIES,WI_3,WI,2016-03-01,3,3.0,2.50868,3.3338377
HOBBIES_WI_3,HOBBIES,WI_3,WI,2016-03-02,7,4.0,3.0016437,3.5225804
HOBBIES_WI_3,HOBBIES,WI_3,WI,2016-03-03,3,0.0,4.1260467,3.775286
HOBBIES_WI_3,HOBBIES,WI_3,WI,2016-03-04,4,13.0,4.450204,4.2935143
HOBBIES_WI_3,HOBBIES,WI_3,WI,2016-03-05,6,2.0,5.522393,4.8832517
HOBBIES_WI_3,HOBBIES,WI_3,WI,2016-03-06,6,3.0,5.835138,4.9928923
HOBBIES_WI_3,HOBBIES,WI_3,WI,2016-03-07,6,2.0,3.2562718,3.8963768
HOBBIES_WI_3,HOBBIES,WI_3,WI,2016-03-08,1,3.0,4.1571283,4.2559123
HOBBIES_WI_3,HOBBIES,WI_3,WI,2016-03-09,2,7.0,4.7292485,4.3005214
HOBBIES_WI_3,HOBBIES,WI_3,WI,2016-03-10,9,3.0,3.7170963,3.6749358
HOBBIES_WI_3,HOBBIES,WI_3,WI,2016-03-11,7,4.0,5.462881,5.2359757
HOBBIES_WI_3,HOBBIES,WI_3,WI,2016-03-12,9,6.0,8.027681,6.026316
HOBBIES_WI_3,HOBBIES,WI_3,WI,2016-03-13,5,6.0,6.8777876,5.224107
HOBBIES_WI_3,HOBBIES,WI_3,WI,2016-03-14,2,6.0,4.6831894,4.490359
HOBBIES_WI_3,HOBBIES,WI_3,WI,2016-03-15,4,1.0,4.805879,4.2756987
HOBBIES_WI_3,HOBBIES,WI_3,WI,2016-03-16,4,2.0,4.5553308,3.942608
HOBBIES_WI_3,HOBBIES,WI_3,WI,2016-03-17,6,9.0,4.97874,4.068572
HOBBIES_WI_3,HOBBIES,WI_3,WI,2016-03-18,5,7.0,4.851641,5.070032
HOBBIES_WI_3,HOBBIES,WI_3,WI,2016-03-19,4,9.0,6.516338,5.9731927
HOBBIES_WI_3,HOBBIES,WI_3,WI,2016-03-20,5,5.0,6.213435,5.5186844
HOBBIES_WI_3,HOBBIES,WI_3,WI,2016-03-21,0,2.0,3.232427,4.140827
HOBBIES_WI_3,HOBBIES,WI_3,WI,2016-03-22,3,4.0,2.8036284,3.9154508
HOBBIES_WI_3,HOBBIES,WI_3,WI,2016-03-23,10,4.0,2.7558534,3.8455584
HOBBIES_WI_3,HOBBIES,WI_3,WI,2016-03-24,4,6.0,2.801782,4.1425705
HOBBIES_WI_3,HOBBIES,WI_3,WI,2016-03-25,7,5.0,4.618392,5.590536
HOBBIES_WI_3,HOBBIES,WI_3,WI,2016-03-26,1,4.0,5.7052383,5.9090075
HOBBIES_WI_3,HOBBIES,WI_3,WI,2016-03-27,3,5.0,5.11123,4.846955
HOBBIES_WI_3,HOBBIES,WI_3,WI,2016-03-28,7,0.0,1.7392641,4.041787
HOBBIES_WI_3,HOBBIES,WI_3,WI,2016-03-29,3,3.0,3.1523554,4.158432
HOBBIES_WI_3,HOBBIES,WI_3,WI,2016-03-30,3,10.0,3.6387014,4.220131
HOBBIES_WI_3,HOBBIES,WI_3,WI,2016-03-31,0,4.0,2.298704,3.9474862
HOBBIES_WI_3,HOBBIES,WI_3,WI,2016-04-01,1,7.0,2.3911912,4.5685563
HOBBIES_WI_3,HOBBIES,WI_3,WI,2016-04-02,6,1.0,5.358966,5.4564795
HOBBIES_WI_3,HOBBIES,WI_3,WI,2016-04-03,5,3.0,6.0142612,5.660782
HOBBIES_WI_3,HOBBIES,WI_3,WI,2016-04-04,5,7.0,3.2836788,3.9559145
HOBBIES_WI_3,HOBBIES,WI_3,WI,2016-04-05,2,3.0,2.4461222,3.926954
HOBBIES_WI_3,HOBBIES,WI_3,WI,2016-04-06,5,3.0,3.0316396,4.0676694
HOBBIES_WI_3,HOBBIES,WI_3,WI,2016-04-07,0,0.0,3.9720373,3.9080276
HOBBIES_WI_3,HOBBIES,WI_3,WI,2016-04-08,22,1.0,3.8303072,4.6073976
HOBBIES_WI_3,HOBBIES,WI_3,WI,2016-04-09,2,6.0,8.683779,7.5344048
HOBBIES_WI_3,HOBBIES,WI_3,WI,2016-04-10,2,5.0,7.658157,6.732875
HOBBIES_WI_3,HOBBIES,WI_3,WI,2016-04-11,2,5.0,4.7198586,5.8038
HOBBIES_WI_3,HOBBIES,WI_3,WI,2016-04-12,4,2.0,4.417025,6.2066927
HOBBIES_WI_3,HOBBIES,WI_3,WI,2016-04-13,3,5.0,4.4484525,5.3297887
HOBBIES_WI_3,HOBBIES,WI_3,WI,2016-04-14,6,0.0,4.5079207,6.2171803
HOBBIES_WI_3,HOBBIES,WI_3,WI,2016-04-15,4,22.0,5.0912857,5.3817215
HOBBIES_WI_3,HOBBIES,WI_3,WI,2016-04-16,1,2.0,5.4810843,4.9775805
HOBBIES_WI_3,HOBBIES,WI_3,WI,2016-04-17,10,2.0,5.4250803,4.880946
HOBBIES_WI_3,HOBBIES,WI_3,WI,2016-04-18,1,2.0,2.9584827,3.9300375
HOBBIES_WI_3,HOBBIES,WI_3,WI,2016-04-19,5,4.0,3.113248,3.8505163
HOBBIES_WI_3,HOBBIES,WI_3,WI,2016-04-20,6,3.0,4.511883,3.9940388
HOBBIES_WI_3,HOBBIES,WI_3,WI,2016-04-21,2,6.0,3.3315938,3.8302517
HOBBIES_WI_3,HOBBIES,WI_3,WI,2016-04-22,5,4.0,5.173376,4.488025
HOBBIES_WI_3,HOBBIES,WI_3,WI,2016-04-23,2,1.0,5.1754274,5.021392
HOBBIES_WI_3,HOBBIES,WI_3,WI,2016-04-24,1,10.0,5.461047,5.028499
HOUSEHOLD_CA_1,HOUSEHOLD,CA_1,CA,2016-02-29,12,9.0,11.105732,9.81925
HOUSEHOLD_CA_1,HOUSEHOLD,CA_1,CA,2016-03-01,6,8.0,10.896878,9.687069
HOUSEHOLD_CA_1,HOUSEHOLD,CA_1,CA,2016-03-02,13,11.0,10.902148,9.764362
HOUSEHOLD_CA_1,HOUSEHOLD,CA_1,CA,2016-03-03,10,7.0,11.43,10.059862
HOUSEHOLD_CA_1,HOUSEHOLD,CA_1,CA,2016-03-04,10,9.0,11.077359,10.8808975
HOUSEHOLD_CA_1,HOUSEHOLD,CA_1,CA,2016-03-05,13,21.0,14.013273,14.071946
HOUSEHOLD_CA_1,HOUSEHOLD,CA_1,CA,2016-03-06,13,15.0,12.915969,12.462652
HOUSEHOLD_CA_1,HOUSEHOLD,CA_1,CA,2016-03-07,14,12.0,9.622165,10.379822
HOUSEHOLD_CA_1,HOUSEHOLD,CA_1,CA,2016-03-08,10,6.0,10.090256,10.502096
HOUSEHOLD_CA_1,HOUSEHOLD,CA_1,CA,2016-03-09,17,13.0,10.5555525,10.826429
HOUSEHOLD_CA_1,HOUSEHOLD,CA_1,CA,2016-03-10,11,10.0,11.360072,11.369021
HOUSEHOLD_CA_1,HOUSEHOLD,CA_1,CA,2016-03-11,13,10.0,10.733984,11.371382
HOUSEHOLD_CA_1,HOUSEHOLD,CA_1,CA,2016-03-12,21,13.0,15.340137,16.026358
HOUSEHOLD_CA_1,HOUSEHOLD,CA_1,CA,2016-03-13,17,13.0,15.286479,16.736185
HOUSEHOLD_CA_1,HOUSEHOLD,CA_1,CA,2016-03-14,15,14.0,13.398846,12.58014
HOUSEHOLD_CA_1,HOUSEHOLD,CA_1,CA,2016-03-15,10,10.0,12.522923,11.45104
HOUSEHOLD_CA_1,HOUSEHOLD,CA_1,CA,2016-03-16,7,17.0,13.973841,12.363633
HOUSEHOLD_CA_1,HOUSEHOLD,CA_1,CA,2016-03-17,9,11.0,13.31036,11.055966
HOUSEHOLD_CA_1,HOUSEHOLD,CA_1,CA,2016-03-18,11,13.0,11.527097,11.764471
HOUSEHOLD_CA_1,HOUSEHOLD,CA_1,CA,2016-03-19,23,21.0,14.081595,14.794834
HOUSEHOLD_CA_1,HOUSEHOLD,CA_1,CA,2016-03-20,20,17.0,14.160584,16.301483
HOUSEHOLD_CA_1,HOUSEHOLD,CA_1,CA,2016-03-21,10,15.0,11.2976,11.947761
HOUSEHOLD_CA_1,HOUSEHOLD,CA_1,CA,2016-03-22,11,10.0,10.241725,10.393188
HOUSEHOLD_CA_1,HOUSEHOLD,CA_1,CA,2016-03-23,11,7.0,11.302657,11.113081
HOUSEHOLD_CA_1,HOUSEHOLD,CA_1,CA,2016-03-24,6,9.0,10.573049,10.759179
HOUSEHOLD_CA_1,HOUSEHOLD,CA_1,CA,2016-03-25,14,11.0,10.740591,12.140254
HOUSEHOLD_CA_1,HOUSEHOLD,CA_1,CA,2016-03-26,7,23.0,16.131012,17.75415
HOUSEHOLD_CA_1,HOUSEHOLD,CA_1,CA,2016-03-27,18,20.0,13.523784,14.053965
HOUSEHOLD_CA_1,HOUSEHOLD,CA_1,CA,2016-03-28,12,10.0,9.854495,10.600922
HOUSEHOLD_CA_1,HOUSEHOLD,CA_1,CA,2016-03-29,9,11.0,8.763638,9.404989
HOUSEHOLD_CA_1,HOUSEHOLD,CA_1,CA,2016-03-30,11,11.0,9.447458,9.552343
HOUSEHOLD_CA_1,HOUSEHOLD,CA_1,CA,2016-03-31,17,6.0,9.125526,9.357344
HOUSEHOLD_CA_1,HOUSEHOLD,CA_1,CA,2016-04-01,15,14.0,11.605861,12.190958
HOUSEHOLD_CA_1,HOUSEHOLD,CA_1,CA,2016-04-02,15,7.0,15.560758,16.058945
HOUSEHOLD_CA_1,HOUSEHOLD,CA_1,CA,2016-04-03,14,18.0,16.17723,17.503345
HOUSEHOLD_CA_1,HOUSEHOLD,CA_1,CA,2016-04-04,7,12.0,12.57093,12.760584
HOUSEHOLD_CA_1,HOUSEHOLD,CA_1,CA,2016-04-05,4,9.0,11.537862,10.91052
HOUSEHOLD_CA_1,HOUSEHOLD,CA_1,CA,2016-04-06,15,11.0,12.212144,11.102598
HOUSEHOLD_CA_1,HOUSEHOLD,CA_1,CA,2016-04-07,12,17.0,11.347483,10.83408
HOUSEHOLD_CA_1,HOUSEHOLD,CA_1,CA,2016-04-08,13,15.0,11.638175,12.362251
HOUSEHOLD_CA_1,HOUSEHOLD,CA_1,CA,2016-04-09,15,15.0,14.698377,13.4291725
HOUSEHOLD_CA_1,HOUSEHOLD,CA_1,CA,2016-04-10,16,14.0,14.893414,14.331264
HOUSEHOLD_CA_1,HOUSEHOLD,CA_1,CA,2016-04-11,13,7.0,11.738604,11.2115755
HOUSEHOLD_CA_1,HOUSEHOLD,CA_1,CA,2016-04-12,3,4.0,11.276108,9.962073
HOUSEHOLD_CA_1,HOUSEHOLD,CA_1,CA,2016-04-13,7,15.0,10.833622,9.974162
HOUSEHOLD_CA_1,HOUSEHOLD,CA_1,CA,2016-04-14,9,12.0,10.686828,9.79448
HOUSEHOLD_CA_1,HOUSEHOLD,CA_1,CA,2016-04-15,7,13.0,10.455925,10.638609
HOUSEHOLD_CA_1,HOUSEHOLD,CA_1,CA,2016-04-16,14,15.0,14.082637,14.2912655
HOUSEHOLD_CA_1,HOUSEHOLD,CA_1,CA,2016-04-17,8,16.0,13.369488,13.802428
HOUSEHOLD_CA_1,HOUSEHOLD,CA_1,CA,2016-04-18,6,13.0,7.7642035,8.663937
HOUSEHOLD_CA_1,HOUSEHOLD,CA_1,CA,2016-04-19,2,3.0,6.845624,7.723982
HOUSEHOLD_CA_1,HOUSEHOLD,CA_1,CA,2016-04-20,11,7.0,7.56989,7.619487
HOUSEHOLD_CA_1,HOUSEHOLD,CA_1,CA,2016-04-21,12,9.0,6.9784217,7.8054547
HOUSEHOLD_CA_1,HOUSEHOLD,CA_1,CA,2016-04-22,10,7.0,8.638781,9.081834
HOUSEHOLD_CA_1,HOUSEHOLD,CA_1,CA,2016-04-23,21,14.0,10.391303,11.235478
HOUSEHOLD_CA_1,HOUSEHOLD,CA_1,CA,2016-04-24,14,8.0,12.960327,13.569663
HOUSEHOLD_CA_2,HOUSEHOLD,CA_2,CA,2016-02-29,15,13.0,14.034248,14.401614
HOUSEHOLD_CA_2,HOUSEHOLD,CA_2,CA,2016-03-01,16,10.0,13.251081,13.105765
HOUSEHOLD_CA_2,HOUSEHOLD,CA_2,CA,2016-03-02,9,10.0,14.412392,13.5770645
HOUSEHOLD_CA_2,HOUSEHOLD,CA_2,CA,2016-03-03,14,15.0,13.947424,13.232856
HOUSEHOLD_CA_2,HOUSEHOLD,CA_2,CA,2016-03-04,9,11.0,14.070377,14.512105
HOUSEHOLD_CA_2,HOUSEHOLD,CA_2,CA,2016-03-05,20,20.0,18.927544,18.239283
HOUSEHOLD_CA_2,HOUSEHOLD,CA_2,CA,2016-03-06,23,22.0,17.519327,19.169336
HOUSEHOLD_CA_2,HOUSEHOLD,CA_2,CA,2016-03-07,9,15.0,12.759185,13.503793
HOUSEHOLD_CA_2,HOUSEHOLD,CA_2,CA,2016-03-08,11,16.0,12.250267,13.080733
HOUSEHOLD_CA_2,HOUSEHOLD,CA_2,CA,2016-03-09,4,9.0,12.192404,12.444474
HOUSEHOLD_CA_2,HOUSEHOLD,CA_2,CA,2016-03-10,12,14.0,13.871874,12.128142
HOUSEHOLD_CA_2,HOUSEHOLD,CA_2,CA,2016-03-11,9,9.0,12.962999,12.267588
HOUSEHOLD_CA_2,HOUSEHOLD,CA_2,CA,2016-03-12,36,20.0,16.88434,17.637413
HOUSEHOLD_CA_2,HOUSEHOLD,CA_2,CA,2016-03-13,31,23.0,18.584534,18.408691
HOUSEHOLD_CA_2,HOUSEHOLD,CA_2,CA,2016-03-14,17,9.0,16.871534,15.683544
HOUSEHOLD_CA_2,HOUSEHOLD,CA_2,CA,2016-03-15,21,11.0,16.332287,14.783979
HOUSEHOLD_CA_2,HOUSEHOLD,CA_2,CA,2016-03-16,12,4.0,16.499325,13.427597
HOUSEHOLD_CA_2,HOUSEHOLD,CA_2,CA,2016-03-17,14,12.0,17.779703,13.710501
HOUSEHOLD_CA_2,HOUSEHOLD,CA_2,CA,2016-03-18,14,9.0,16.15181,15.12857
HOUSEHOLD_CA_2,HOUSEHOLD,CA_2,CA,2016-03-19,12,36.0,21.475258,21.38606
HOUSEHOLD_CA_2,HOUSEHOLD,CA_2,CA,2016-03-20,9,31.0,19.61324,21.041779
HOUSEHOLD_CA_2,HOUSEHOLD,CA_2,CA,2016-03-21,14,17.0,11.830169,13.136643
HOUSEHOLD_CA_2,HOUSEHOLD,CA_2,CA,2016-03-22,14,21.0,11.128815,12.15136
HOUSEHOLD_CA_2,HOUSEHOLD,CA_2,CA,2016-03-23,14,12.0,9.746824,10.50624
HOUSEHOLD_CA_2,HOUSEHOLD,CA_2,CA,2016-03-24,8,14.0,11.329409,10.78678
HOUSEHOLD_CA_2,HOUSEHOLD,CA_2,CA,2016-03-25,13,14.0,9.837218,11.596909
HOUSEHOLD_CA_2,HOUSEHOLD,CA_2,CA,2016-03-26,23,12.0,15.734599,15.17291
HOUSEHOLD_CA_2,HOUSEHOLD,CA_2,CA,2016-03-27,16,9.0,17.35268,16.894495
HOUSEHOLD_CA_2,HOUSEHOLD,CA_2,CA,2016-03-28,3,14.0,13.159685,14.1547365
HOUSEHOLD_CA_2,HOUSEHOLD,CA_2,CA,2016-03-29,11,14.0,12.571599,12.083747
HOUSEHOLD_CA_2,HOUSEHOLD,CA_2,CA,2016-03-30,11,14.0,10.455158,11.157754
HOUSEHOLD_CA_2,HOUSEHOLD,CA_2,CA,2016-03-31,13,8.0,11.070709,11.45697
HOUSEHOLD_CA_2,HOUSEHOLD,CA_2,CA,2016-04-01,15,13.0,11.928446,13.026328
HOUSEHOLD_CA_2,HOUSEHOLD,CA_2,CA,2016-04-02,25,23.0,16.182291,17.151346
HOUSEHOLD_CA_2,HOUSEHOLD,CA_2,CA,2016-04-03,11,16.0,16.661102,18.105915
HOUSEHOLD_CA_2,HOUSEHOLD,CA_2,CA,2016-04-04,18,3.0,11.730932,12.741165
HOUSEHOLD_CA_2,HOUSEHOLD,CA_2,CA,2016-04-05,2,11.0,13.60592,13.436581
HOUSEHOLD_CA_2,HOUSEHOLD,CA_2,CA,2016-04-06,8,11.0,11.6581745,12.484616
HOUSEHOLD_CA_2,HOUSEHOLD,CA_2,CA,2016-04-07,7,13.0,12.186897,12.390579
HOUSEHOLD_CA_2,HOUSEHOLD,CA_2,CA,2016-04-08,10,15.0,11.369223,12.909473
HOUSEHOLD_CA_2,HOUSEHOLD,CA_2,CA,2016-04-09,10,25.0,18.214067,16.18088
HOUSEHOLD_CA_2,HOUSEHOLD,CA_2,CA,2016-04-10,18,11.0,15.377959,14.55825
HOUSEHOLD_CA_2,HOUSEHOLD,CA_2,CA,2016-04-11,17,18.0,10.426957,10.634139
HOUSEHOLD_CA_2,HOUSEHOLD,CA_2,CA,2016-04-12,8,2.0,11.469565,10.117799
HOUSEHOLD_CA_2,HOUSEHOLD,CA_2,CA,2016-04-13,3,8.0,10.573101,9.590221
HOUSEHOLD_CA_2,HOUSEHOLD,CA_2,CA,2016-04-14,11,7.0,10.517329,9.986166
HOUSEHOLD_CA_2,HOUSEHOLD,CA_2,CA,2016-04-15,13,10.0,11.03936,10.910793
HOUSEHOLD_CA_2,HOUSEHOLD,CA_2,CA,2016-04-16,12,10.0,14.149449,14.028548
HOUSEHOLD_CA_2,HOUSEHOLD,CA_2,CA,2016-04-17,17,18.0,12.780654,13.840767
HOUSEHOLD_CA_2,HOUSEHOLD,CA_2,CA,2016-04-18,13,17.0,11.416534,11.613859
HOUSEHOLD_CA_2,HOUSEHOLD,CA_2,CA,2016-04-19,19,8.0,9.669042,10.244202
HOUSEHOLD_CA_2,HOUSEHOLD,CA_2,CA,2016-04-20,16,3.0,11.310478,11.000906
HOUSEHOLD_CA_2,HOUSEHOLD,CA_2,CA,2016-04-21,9,11.0,11.514395,11.963961
HOUSEHOLD_CA_2,HOUSEHOLD,CA_2,CA,2016-04-22,15,13.0,12.30797,12.634254
HOUSEHOLD_CA_2,HOUSEHOLD,CA_2,CA,2016-04-23,18,12.0,16.52812,16.442953
HOUSEHOLD_CA_2,HOUSEHOLD,CA_2,CA,2016-04-24,14,17.0,16.651693,17.897158
HOUSEHOLD_CA_3,HOUSEHOLD,CA_3,CA,2016-02-29,19,19.0,16.370052,15.59535
HOUSEHOLD_CA_3,HOUSEHOLD,CA_3,CA,2016-03-01,16,13.0,14.655416,14.112648
HOUSEHOLD_CA_3,HOUSEHOLD,CA_3,CA,2016-03-02,24,14.0,15.574782,14.30366
HOUSEHOLD_CA_3,HOUSEHOLD,CA_3,CA,2016-03-03,16,14.0,16.32246,15.043409
HOUSEHOLD_CA_3,HOUSEHOLD,CA_3,CA,2016-03-04,18,11.0,17.694448,16.812304
HOUSEHOLD_CA_3,HOUSEHOLD,CA_3,CA,2016-03-05,22,23.0,20.713514,21.906029
HOUSEHOLD_CA_3,HOUSEHOLD,CA_3,CA,2016-03-06,21,22.0,19.927303,22.928047
HOUSEHOLD_CA_3,HOUSEHOLD,CA_3,CA,2016-03-07,27,19.0,17.16135,17.267164
HOUSEHOLD_CA_3,HOUSEHOLD,CA_3,CA,2016-03-08,11,16.0,18.914145,16.655676
HOUSEHOLD_CA_3,HOUSEHOLD,CA_3,CA,2016-03-09,20,24.0,18.247807,16.155685
HOUSEHOLD_CA_3,HOUSEHOLD,CA_3,CA,2016-03-10,16,16.0,16.834372,16.407228
HOUSEHOLD_CA_3,HOUSEHOLD,CA_3,CA,2016-03-11,22,18.0,17.036762,16.195301
HOUSEHOLD_CA_3,HOUSEHOLD,CA_3,CA,2016-03-12,20,22.0,23.705309,22.995634
HOUSEHOLD_CA_3,HOUSEHOLD,CA_3,CA,2016-03-13,24,21.0,20.876698,20.907007
HOUSEHOLD_CA_3,HOUSEHOLD,CA_3,CA,2016-03-14,17,27.0,20.380136,17.399792
HOUSEHOLD_CA_3,HOUSEHOLD,CA_3,CA,2016-03-15,15,11.0,17.702362,14.500413
HOUSEHOLD_CA_3,HOUSEHOLD,CA_3,CA,2016-03-16,7,20.0,18.482475,14.86254
HOUSEHOLD_CA_3,HOUSEHOLD,CA_3,CA,2016-03-17,18,16.0,15.783014,13.294023
HOUSEHOLD_CA_3,HOUSEHOLD,CA_3,CA,2016-03-18,20,22.0,15.5180435,15.723105
HOUSEHOLD_CA_3,HOUSEHOLD,CA_3,CA,2016-03-19,29,20.0,19.233036,19.82878
HOUSEHOLD_CA_3,HOUSEHOLD,CA_3,CA,2016-03-20,31,24.0,20.350285,21.443459
HOUSEHOLD_CA_3,HOUSEHOLD,CA_3,CA,2016-03-21,29,17.0,18.353357,15.602243
HOUSEHOLD_CA_3,HOUSEHOLD,CA_3,CA,2016-03-22,14,15.0,17.501017,15.200845
HOUSEHOLD_CA_3,HOUSEHOLD,CA_3,CA,2016-03-23,16,7.0,18.18914,15.495465
HOUSEHOLD_CA_3,HOUSEHOLD,CA_3,CA,2016-03-24,11,18.0,18.694613,16.217165
HOUSEHOLD_CA_3,HOUSEHOLD,CA_3,CA,2016-03-25,22,20.0,17.968878,18.138908
HOUSEHOLD_CA_3,HOUSEHOLD,CA_3,CA,2016-03-26,24,29.0,22.478146,23.75871
HOUSEHOLD_CA_3,HOUSEHOLD,CA_3,CA,2016-03-27,25,31.0,22.491026,22.541185
HOUSEHOLD_CA_3,HOUSEHOLD,CA_3,CA,2016-03-28,18,29.0,17.993412,15.572967
HOUSEHOLD_CA_3,HOUSEHOLD,CA_3,CA,2016-03-29,19,14.0,16.11099,14.20792
HOUSEHOLD_CA_3,HOUSEHOLD,CA_3,CA,2016-03-30,8,16.0,17.301922,14.749767
HOUSEHOLD_CA_3,HOUSEHOLD,CA_3,CA,2016-03-31,20,11.0,16.125813,13.860681
HOUSEHOLD_CA_3,HOUSEHOLD,CA_3,CA,2016-04-01,15,22.0,18.66104,17.1811
HOUSEHOLD_CA_3,HOUSEHOLD,CA_3,CA,2016-04-02,22,24.0,21.525723,22.736738
HOUSEHOLD_CA_3,HOUSEHOLD,CA_3,CA,2016-04-03,29,25.0,21.29077,22.889639
HOUSEHOLD_CA_3,HOUSEHOLD,CA_3,CA,2016-04-04,25,18.0,19.998667,20.33964
HOUSEHOLD_CA_3,HOUSEHOLD,CA_3,CA,2016-04-05,20,19.0,17.117891,17.000942
HOUSEHOLD_CA_3,HOUSEHOLD,CA_3,CA,2016-04-06,12,8.0,18.795893,18.285744
HOUSEHOLD_CA_3,HOUSEHOLD,CA_3,CA,2016-04-07,22,20.0,18.188047,16.74095
HOUSEHOLD_CA_3,HOUSEHOLD,CA_3,CA,2016-04-08,21,15.0,20.202932,19.983854
HOUSEHOLD_CA_3,HOUSEHOLD,CA_3,CA,2016-04-09,13,22.0,23.003115,26.524645
HOUSEHOLD_CA_3,HOUSEHOLD,CA_3,CA,2016-04-10,22,29.0,22.80548,24.410637
HOUSEHOLD_CA_3,HOUSEHOLD,CA_3,CA,2016-04-11,17,25.0,17.865744,16.625553
HOUSEHOLD_CA_3,HOUSEHOLD,CA_3,CA,2016-04-12,17,20.0,16.683804,14.16978
HOUSEHOLD_CA_3,HOUSEHOLD,CA_3,CA,2016-04-13,14,12.0,14.165082,13.0713625
HOUSEHOLD_CA_3,HOUSEHOLD,CA_3,CA,2016-04-14,12,22.0,16.963236,14.425617
HOUSEHOLD_CA_3,HOUSEHOLD,CA_3,CA,2016-04-15,15,21.0,15.756319,14.636323
HOUSEHOLD_CA_3,HOUSEHOLD,CA_3,CA,2016-04-16,29,13.0,19.431837,18.897583
HOUSEHOLD_CA_3,HOUSEHOLD,CA_3,CA,2016-04-17,23,22.0,22.08207,22.78108
HOUSEHOLD_CA_3,HOUSEHOLD,CA_3,CA,2016-04-18,20,17.0,19.001863,16.61069
HOUSEHOLD_CA_3,HOUSEHOLD,CA_3,CA,2016-04-19,14,17.0,16.533333,15.493363
HOUSEHOLD_CA_3,HOUSEHOLD,CA_3,CA,2016-04-20,9,14.0,15.90117,14.525484
HOUSEHOLD_CA_3,HOUSEHOLD,CA_3,CA,2016-04-21,17,12.0,15.350901,14.41832
HOUSEHOLD_CA_3,HOUSEHOLD,CA_3,CA,2016-04-22,25,15.0,17.39749,15.716009
HOUSEHOLD_CA_3,HOUSEHOLD,CA_3,CA,2016-04-23,18,29.0,20.836502,20.777557
HOUSEHOLD_CA_3,HOUSEHOLD,CA_3,CA,2016-04-24,21,23.0,20.385063,21.950264
HOUSEHOLD_CA_4,HOUSEHOLD,CA_4,CA,2016-02-29,7,16.0,6.1678224,5.863614
HOUSEHOLD_CA_4,HOUSEHOLD,CA_4,CA,2016-03-01,2,7.0,5.1086226,5.1558285
HOUSEHOLD_CA_4,HOUSEHOLD,CA_4,CA,2016-03-02,1,6.0,4.6020937,5.041102
HOUSEHOLD_CA_4,HOUSEHOLD,CA_4,CA,2016-03-03,6,0.0,3.7052262,4.748353
HOUSEHOLD_CA_4,HOUSEHOLD,CA_4,CA,2016-03-04,9,7.0,4.6197896,5.681206
HOUSEHOLD_CA_4,HOUSEHOLD,CA_4,CA,2016-03-05,6,3.0,8.330154,6.486941
HOUSEHOLD_CA_4,HOUSEHOLD,CA_4,CA,2016-03-06,8,7.0,7.3542485,6.4488015
HOUSEHOLD_CA_4,HOUSEHOLD,CA_4,CA,2016-03-07,4,7.0,6.278113,5.8276324
HOUSEHOLD_CA_4,HOUSEHOLD,CA_4,CA,2016-03-08,6,2.0,4.764316,5.159362
HOUSEHOLD_CA_4,HOUSEHOLD,CA_4,CA,2016-03-09,12,1.0,5.4157166,5.208856
HOUSEHOLD_CA_4,HOUSEHOLD,CA_4,CA,2016-03-10,3,6.0,6.4212565,6.000637
HOUSEHOLD_CA_4,HOUSEHOLD,CA_4,CA,2016-03-11,8,9.0,6.544761,6.2847557
HOUSEHOLD_CA_4,HOUSEHOLD,CA_4,CA,2016-03-12,8,6.0,8.348464,7.0975995
HOUSEHOLD_CA_4,HOUSEHOLD,CA_4,CA,2016-03-13,6,8.0,9.001089,7.33626
HOUSEHOLD_CA_4,HOUSEHOLD,CA_4,CA,2016-03-14,5,4.0,6.65877,5.6849217
HOUSEHOLD_CA_4,HOUSEHOLD,CA_4,CA,2016-03-15,3,6.0,5.2251115,5.371141
HOUSEHOLD_CA_4,HOUSEHOLD,CA_4,CA,2016-03-16,5,12.0,6.0776978,5.4531193
HOUSEHOLD_CA_4,HOUSEHOLD,CA_4,CA,2016-03-17,4,3.0,4.499971,4.962735
HOUSEHOLD_CA_4,HOUSEHOLD,CA_4,CA,2016-03-18,3,8.0,5.4771447,5.8143525
HOUSEHOLD_CA_4,HOUSEHOLD,CA_4,CA,2016-03-19,5,8.0,6.8964586,6.427805
HOUSEHOLD_CA_4,HOUSEHOLD,CA_4,CA,2016-03-20,8,6.0,6.139523,6.3273764
HOUSEHOLD_CA_4,HOUSEHOLD,CA_4,CA,2016-03-21,5,5.0,5.105758,5.6252017
HOUSEHOLD_CA_4,HOUSEHOLD,CA_4,CA,2016-03-22,3,3.0,3.8000784,5.4377127
HOUSEHOLD_CA_4,HOUSEHOLD,CA_4,CA,2016-03-23,4,5.0,4.057895,5.1204634
HOUSEHOLD_CA_4,HOUSEHOLD,CA_4,CA,2016-03-24,2,4.0,2.2715485,4.764162
HOUSEHOLD_CA_4,HOUSEHOLD,CA_4,CA,2016-03-25,7,3.0,3.5397537,5.595828
HOUSEHOLD_CA_4,HOUSEHOLD,CA_4,CA,2016-03-26,7,5.0,6.024001,6.132788
HOUSEHOLD_CA_4,HOUSEHOLD,CA_4,CA,2016-03-27,7,8.0,7.194396,5.658096
HOUSEHOLD_CA_4,HOUSEHOLD,CA_4,CA,2016-03-28,2,5.0,4.226729,5.094785
HOUSEHOLD_CA_4,HOUSEHOLD,CA_4,CA,2016-03-29,5,3.0,2.977147,4.665101
HOUSEHOLD_CA_4,HOUSEHOLD,CA_4,CA,2016-03-30,3,4.0,3.196302,4.737538
HOUSEHOLD_CA_4,HOUSEHOLD,CA_4,CA,2016-03-31,6,2.0,3.8207488,4.6905875
HOUSEHOLD_CA_4,HOUSEHOLD,CA_4,CA,2016-04-01,2,7.0,5.7725725,5.7617354
HOUSEHOLD_CA_4,HOUSEHOLD,CA_4,CA,2016-04-02,9,7.0,7.34392,6.0075903
HOUSEHOLD_CA_4,HOUSEHOLD,CA_4,CA,2016-04-03,10,7.0,8.129118,6.7407246
HOUSEHOLD_CA_4,HOUSEHOLD,CA_4,CA,2016-04-04,8,2.0,5.0834694,5.292925
HOUSEHOLD_CA_4,HOUSEHOLD,CA_4,CA,2016-04-05,2,5.0,5.885502,5.3377213
HOUSEHOLD_CA_4,HOUSEHOLD,CA_4,CA,2016-04-06,3,3.0,6.619909,5.3603625
HOUSEHOLD_CA_4,HOUSEHOLD,CA_4,CA,2016-04-07,6,6.0,5.0771046,4.9858427
HOUSEHOLD_CA_4,HOUSEHOLD,CA_4,CA,2016-04-08,7,2.0,6.1126156,5.451352
HOUSEHOLD_CA_4,HOUSEHOLD,CA_4,CA,2016-04-09,8,9.0,9.101259,6.656854
HOUSEHOLD_CA_4,HOUSEHOLD,CA_4,CA,2016-04-10,8,10.0,8.753372,6.5728803
HOUSEHOLD_CA_4,HOUSEHOLD,CA_4,CA,2016-04-11,6,8.0,5.4151254,4.906151
HOUSEHOLD_CA_4,HOUSEHOLD,CA_4,CA,2016-04-12,5,2.0,5.032311,4.7382054
HOUSEHOLD_CA_4,HOUSEHOLD,CA_4,CA,2016-04-13,8,3.0,5.4214416,4.892006
HOUSEHOLD_CA_4,HOUSEHOLD,CA_4,CA,2016-04-14,3,6.0,5.9359646,5.0563335
HOUSEHOLD_CA_4,HOUSEHOLD,CA_4,CA,2016-04-15,6,7.0,5.143225,5.642158
HOUSEHOLD_CA_4,HOUSEHOLD,CA_4,CA,2016-04-16,7,8.0,8.262148,6.817713
HOUSEHOLD_CA_4,HOUSEHOLD,CA_4,CA,2016-04-17,8,8.0,8.651362,6.668867
HOUSEHOLD_CA_4,HOUSEHOLD,CA_4,CA,2016-04-18,5,6.0,5.4455395,5.3847585
HOUSEHOLD_CA_4,HOUSEHOLD,CA_4,CA,2016-04-19,11,5.0,4.5275908,4.9870563
HOUSEHOLD_CA_4,HOUSEHOLD,CA_4,CA,2016-04-20,6,8.0,5.393885,5.3906865
HOUSEHOLD_CA_4,HOUSEHOLD,CA_4,CA,2016-04-21,3,3.0,5.042288,5.2492857
HOUSEHOLD_CA_4,HOUSEHOLD,CA_4,CA,2016-04-22,6,6.0,5.774349,6.1549554
HOUSEHOLD_CA_4,HOUSEHOLD,CA_4,CA,2016-04-23,6,7.0,8.0429945,7.519241
HOUSEHOLD_CA_4,HOUSEHOLD,CA_4,CA,2016-04-24,5,8.0,7.8954406,7.4385724
HOUSEHOLD_TX_1,HOUSEHOLD,TX_1,TX,2016-02-29,12,8.0,6.4863234,7.3024797
HOUSEHOLD_TX_1,HOUSEHOLD,TX_1,TX,2016-03-01,10,4.0,7.9808064,8.003564
HOUSEHOLD_TX_1,HOUSEHOLD,TX_1,TX,2016-03-02,8,10.0,7.5034995,7.1588626
HOUSEHOLD_TX_1,HOUSEHOLD,TX_1,TX,2016-03-03,17,6.0,7.4343805,7.7852798
HOUSEHOLD_TX_1,HOUSEHOLD,TX_1,TX,2016-03-04,9,4.0,8.68612,8.871828
HOUSEHOLD_TX_1,HOUSEHOLD,TX_1,TX,2016-03-05,9,8.0,12.78266,11.729007
HOUSEHOLD_TX_1,HOUSEHOLD,TX_1,TX,2016-03-06,8,10.0,12.04063,12.012019
HOUSEHOLD_TX_1,HOUSEHOLD,TX_1,TX,2016-03-07,7,12.0,8.316149,8.773697
HOUSEHOLD_TX_1,HOUSEHOLD,TX_1,TX,2016-03-08,8,10.0,7.839914,7.7954063
HOUSEHOLD_TX_1,HOUSEHOLD,TX_1,TX,2016-03-09,10,8.0,8.622325,8.292554
HOUSEHOLD_TX_1,HOUSEHOLD,TX_1,TX,2016-03-10,11,17.0,9.7541275,8.434434
HOUSEHOLD_TX_1,HOUSEHOLD,TX_1,TX,2016-03-11,4,9.0,7.2559533,8.343525
HOUSEHOLD_TX_1,HOUSEHOLD,TX_1,TX,2016-03-12,3,9.0,10.464984,10.310568
HOUSEHOLD_TX_1,HOUSEHOLD,TX_1,TX,2016-03-13,11,8.0,9.558558,9.57162
HOUSEHOLD_TX_1,HOUSEHOLD,TX_1,TX,2016-03-14,5,7.0,6.9978004,7.77278
HOUSEHOLD_TX_1,HOUSEHOLD,TX_1,TX,2016-03-15,9,8.0,7.227956,7.8070965
HOUSEHOLD_TX_1,HOUSEHOLD,TX_1,TX,2016-03-16,11,10.0,6.524726,7.205203
HOUSEHOLD_TX_1,HOUSEHOLD,TX_1,TX,2016-03-17,10,11.0,7.1453137,6.8454113
HOUSEHOLD_TX_1,HOUSEHOLD,TX_1,TX,2016-03-18,6,4.0,6.7130604,7.7931314
HOUSEHOLD_TX_1,HOUSEHOLD,TX_1,TX,2016-03-19,10,3.0,10.353183,10.332478
HOUSEHOLD_TX_1,HOUSEHOLD,TX_1,TX,2016-03-20,12,11.0,11.444377,10.743319
HOUSEHOLD_TX_1,HOUSEHOLD,TX_1,TX,2016-03-21,3,5.0,7.6819253,7.5884843
HOUSEHOLD_TX_1,HOUSEHOLD,TX_1,TX,2016-03-22,7,9.0,6.900651,7.154552
HOUSEHOLD_TX_1,HOUSEHOLD,TX_1,TX,2016-03-23,12,11.0,7.6063695,7.088984
HOUSEHOLD_TX_1,HOUSEHOLD,TX_1,TX,2016-03-24,5,10.0,7.295473,6.694901
HOUSEHOLD_TX_1,HOUSEHOLD,TX_1,TX,2016-03-25,6,6.0,5.7971563,7.4783
HOUSEHOLD_TX_1,HOUSEHOLD,TX_1,TX,2016-03-26,3,10.0,8.816336,9.342925
HOUSEHOLD_TX_1,HOUSEHOLD,TX_1,TX,2016-03-27,7,12.0,8.98328,8.015222
HOUSEHOLD_TX_1,HOUSEHOLD,TX_1,TX,2016-03-28,12,3.0,5.365852,6.8993907
HOUSEHOLD_TX_1,HOUSEHOLD,TX_1,TX,2016-03-29,5,7.0,6.3064647,7.249114
HOUSEHOLD_TX_1,HOUSEHOLD,TX_1,TX,2016-03-30,4,12.0,5.823701,7.045417
HOUSEHOLD_TX_1,HOUSEHOLD,TX_1,TX,2016-03-31,5,5.0,6.3938737,7.191862
HOUSEHOLD_TX_1,HOUSEHOLD,TX_1,TX,2016-04-01,15,6.0,5.972492,7.173439
HOUSEHOLD_TX_1,HOUSEHOLD,TX_1,TX,2016-04-02,5,3.0,9.680817,9.089216
HOUSEHOLD_TX_1,HOUSEHOLD,TX_1,TX,2016-04-03,5,7.0,9.954805,9.883552
HOUSEHOLD_TX_1,HOUSEHOLD,TX_1,TX,2016-04-04,8,12.0,6.302188,7.413988
HOUSEHOLD_TX_1,HOUSEHOLD,TX_1,TX,2016-04-05,11,5.0,6.3579454,7.065532
HOUSEHOLD_TX_1,HOUSEHOLD,TX_1,TX,2016-04-06,11,4.0,7.75463,7.7804413
HOUSEHOLD_TX_1,HOUSEHOLD,TX_1,TX,2016-04-07,8,5.0,8.138891,7.53858
HOUSEHOLD_TX_1,HOUSEHOLD,TX_1,TX,2016-04-08,5,15.0,7.3836546,7.5649767
HOUSEHOLD_TX_1,HOUSEHOLD,TX_1,TX,2016-04-09,7,5.0,8.434927,8.904368
HOUSEHOLD_TX_1,HOUSEHOLD,TX_1,TX,2016-04-10,21,5.0,10.1255455,9.68457
HOUSEHOLD_TX_1,HOUSEHOLD,TX_1,TX,2016-04-11,9,8.0,8.871531,8.900197
HOUSEHOLD_TX_1,HOUSEHOLD,TX_1,TX,2016-04-12,13,11.0,9.117082,8.50286
HOUSEHOLD_TX_1,HOUSEHOLD,TX_1,TX,2016-04-13,7,11.0,9.615481,8.689773
HOUSEHOLD_TX_1,HOUSEHOLD,TX_1,TX,2016-04-14,3,8.0,9.033742,8.108656
HOUSEHOLD_TX_1,HOUSEHOLD,TX_1,TX,2016-04-15,3,5.0,8.738712,9.211862
HOUSEHOLD_TX_1,HOUSEHOLD,TX_1,TX,2016-04-16,9,7.0,10.77109,10.218843
HOUSEHOLD_TX_1,HOUSEHOLD,TX_1,TX,2016-04-17,11,21.0,10.808885,9.2188635
HOUSEHOLD_TX_1,HOUSEHOLD,TX_1,TX,2016-04-18,3,9.0,5.9195766,7.4533806
HOUSEHOLD_TX_1,HOUSEHOLD,TX_1,TX,2016-04-19,13,13.0,6.540805,6.930828
HOUSEHOLD_TX_1,HOUSEHOLD,TX_1,TX,2016-04-20,10,7.0,6.857503,6.908695
HOUSEHOLD_TX_1,HOUSEHOLD,TX_1,TX,2016-04-21,7,3.0,6.088481,6.908444
HOUSEHOLD_TX_1,HOUSEHOLD,TX_1,TX,2016-04-22,4,3.0,6.5357137,7.5343013
HOUSEHOLD_TX_1,HOUSEHOLD,TX_1,TX,2016-04-23,11,9.0,8.694234,9.366623
HOUSEHOLD_TX_1,HOUSEHOLD,TX_1,TX,2016-04-24,8,11.0,10.589639,9.9440775
HOUSEHOLD_TX_2,HOUSEHOLD,TX_2,TX,2016-02-29,16,6.0,7.4299154,8.059123
HOUSEHOLD_TX_2,HOUSEHOLD,TX_2,TX,2016-03-01,8,6.0,10.228323,9.158939
HOUSEHOLD_TX_2,HOUSEHOLD,TX_2,TX,2016-03-02,8,12.0,9.929285,8.563346
HOUSEHOLD_TX_2,HOUSEHOLD,TX_2,TX,2016-03-03,15,8.0,9.176275,8.528196
HOUSEHOLD_TX_2,HOUSEHOLD,TX_2,TX,2016-03-04,9,16.0,10.233819,9.860598
HOUSEHOLD_TX_2,HOUSEHOLD,TX_2,TX,2016-03-05,11,12.0,13.198385,12.869495
HOUSEHOLD_TX_2,HOUSEHOLD,TX_2,TX,2016-03-06,18,12.0,13.20592,12.218664
HOUSEHOLD_TX_2,HOUSEHOLD,TX_2,TX,2016-03-07,8,16.0,10.3791895,9.726683
HOUSEHOLD_TX_2,HOUSEHOLD,TX_2,TX,2016-03-08,8,8.0,9.799432,8.083975
HOUSEHOLD_TX_2,HOUSEHOLD,TX_2,TX,2016-03-09,7,8.0,9.5311575,8.066526
HOUSEHOLD_TX_2,HOUSEHOLD,TX_2,TX,2016-03-10,13,15.0,10.549104,8.3976755
HOUSEHOLD_TX_2,HOUSEHOLD,TX_2,TX,2016-03-11,5,9.0,9.978714,10.112272
HOUSEHOLD_TX_2,HOUSEHOLD,TX_2,TX,2016-03-12,10,11.0,11.504675,12.010077
HOUSEHOLD_TX_2,HOUSEHOLD,TX_2,TX,2016-03-13,7,18.0,10.790108,11.422914
HOUSEHOLD_TX_2,HOUSEHOLD,TX_2,TX,2016-03-14,9,8.0,8.1868515,8.398723
HOUSEHOLD_TX_2,HOUSEHOLD,TX_2,TX,2016-03-15,11,8.0,6.6789136,8.244583
HOUSEHOLD_TX_2,HOUSEHOLD,TX_2,TX,2016-03-16,10,7.0,7.622757,7.6072655
HOUSEHOLD_TX_2,HOUSEHOLD,TX_2,TX,2016-03-17,3,13.0,7.9616036,7.062598
HOUSEHOLD_TX_2,HOUSEHOLD,TX_2,TX,2016-03-18,9,5.0,6.165677,7.7993155
HOUSEHOLD_TX_2,HOUSEHOLD,TX_2,TX,2016-03-19,11,10.0,11.2398,11.006411
HOUSEHOLD_TX_2,HOUSEHOLD,TX_2,TX,2016-03-20,15,7.0,11.3894,11.669069
HOUSEHOLD_TX_2,HOUSEHOLD,TX_2,TX,2016-03-21,17,9.0,8.04292,9.105027
HOUSEHOLD_TX_2,HOUSEHOLD,TX_2,TX,2016-03-22,7,11.0,8.902592,9.188387
HOUSEHOLD_TX_2,HOUSEHOLD,TX_2,TX,2016-03-23,10,10.0,9.310767,8.942608
HOUSEHOLD_TX_2,HOUSEHOLD,TX_2,TX,2016-03-24,1,3.0,8.89508,8.831488
HOUSEHOLD_TX_2,HOUSEHOLD,TX_2,TX,2016-03-25,9,9.0,9.502512,9.957958
HOUSEHOLD_TX_2,HOUSEHOLD,TX_2,TX,2016-03-26,11,11.0,11.713274,11.65642
HOUSEHOLD_TX_2,HOUSEHOLD,TX_2,TX,2016-03-27,16,15.0,11.444942,10.9541
HOUSEHOLD_TX_2,HOUSEHOLD,TX_2,TX,2016-03-28,11,17.0,9.508244,9.103722
HOUSEHOLD_TX_2,HOUSEHOLD,TX_2,TX,2016-03-29,4,7.0,7.618646,7.5921636
HOUSEHOLD_TX_2,HOUSEHOLD,TX_2,TX,2016-03-30,6,10.0,7.2392054,7.5023994
HOUSEHOLD_TX_2,HOUSEHOLD,TX_2,TX,2016-03-31,10,1.0,7.387183,8.106066
HOUSEHOLD_TX_2,HOUSEHOLD,TX_2,TX,2016-04-01,6,9.0,8.957339,9.163583
HOUSEHOLD_TX_2,HOUSEHOLD,TX_2,TX,2016-04-02,15,11.0,11.48196,11.278054
HOUSEHOLD_TX_2,HOUSEHOLD,TX_2,TX,2016-04-03,9,16.0,13.463813,12.971981
HOUSEHOLD_TX_2,HOUSEHOLD,TX_2,TX,2016-04-04,9,11.0,8.600166,8.404532
HOUSEHOLD_TX_2,HOUSEHOLD,TX_2,TX,2016-04-05,5,4.0,7.6810374,7.8470287
HOUSEHOLD_TX_2,HOUSEHOLD,TX_2,TX,2016-04-06,3,6.0,7.8660116,8.074464
HOUSEHOLD_TX_2,HOUSEHOLD,TX_2,TX,2016-04-07,4,10.0,7.860536,8.155645
HOUSEHOLD_TX_2,HOUSEHOLD,TX_2,TX,2016-04-08,10,6.0,6.5011077,7.635117
HOUSEHOLD_TX_2,HOUSEHOLD,TX_2,TX,2016-04-09,6,15.0,10.442528,10.80434
HOUSEHOLD_TX_2,HOUSEHOLD,TX_2,TX,2016-04-10,7,9.0,9.22649,9.00814
HOUSEHOLD_TX_2,HOUSEHOLD,TX_2,TX,2016-04-11,9,9.0,6.467265,7.4059596
HOUSEHOLD_TX_2,HOUSEHOLD,TX_2,TX,2016-04-12,10,5.0,6.2692065,7.123996
HOUSEHOLD_TX_2,HOUSEHOLD,TX_2,TX,2016-04-13,7,3.0,6.609282,7.27775
HOUSEHOLD_TX_2,HOUSEHOLD,TX_2,TX,2016-04-14,4,4.0,6.3734326,7.2072396
HOUSEHOLD_TX_2,HOUSEHOLD,TX_2,TX,2016-04-15,7,10.0,7.1129622,8.036868
HOUSEHOLD_TX_2,HOUSEHOLD,TX_2,TX,2016-04-16,15,6.0,10.148325,9.282353
HOUSEHOLD_TX_2,HOUSEHOLD,TX_2,TX,2016-04-17,12,7.0,11.202373,10.57431
HOUSEHOLD_TX_2,HOUSEHOLD,TX_2,TX,2016-04-18,7,9.0,8.311377,7.375839
HOUSEHOLD_TX_2,HOUSEHOLD,TX_2,TX,2016-04-19,17,10.0,7.4625187,7.0380425
HOUSEHOLD_TX_2,HOUSEHOLD,TX_2,TX,2016-04-20,8,7.0,8.351249,7.954547
HOUSEHOLD_TX_2,HOUSEHOLD,TX_2,TX,2016-04-21,11,4.0,7.042044,7.830646
HOUSEHOLD_TX_2,HOUSEHOLD,TX_2,TX,2016-04-22,9,7.0,9.684069,8.973038
HOUSEHOLD_TX_2,HOUSEHOLD,TX_2,TX,2016-04-23,10,15.0,12.28885,11.309591
HOUSEHOLD_TX_2,HOUSEHOLD,TX_2,TX,2016-04-24,13,12.0,12.319942,11.168664
HOUSEHOLD_TX_3,HOUSEHOLD,TX_3,TX,2016-02-29,6,9.0,8.352631,8.594246
HOUSEHOLD_TX_3,HOUSEHOLD,TX_3,TX,2016-03-01,10,9.0,9.325411,8.380524
HOUSEHOLD_TX_3,HOUSEHOLD,TX_3,TX,2016-03-02,9,11.0,8.8042,7.703003
HOUSEHOLD_TX_3,HOUSEHOLD,TX_3,TX,2016-03-03,17,7.0,8.817221,8.203916
HOUSEHOLD_TX_3,HOUSEHOLD,TX_3,TX,2016-03-04,9,10.0,10.788921,9.592809
HOUSEHOLD_TX_3,HOUSEHOLD,TX_3,TX,2016-03-05,11,10.0,11.787382,11.619238
HOUSEHOLD_TX_3,HOUSEHOLD,TX_3,TX,2016-03-06,12,14.0,12.398354,11.9743185
HOUSEHOLD_TX_3,HOUSEHOLD,TX_3,TX,2016-03-07,9,6.0,11.146736,9.772609
HOUSEHOLD_TX_3,HOUSEHOLD,TX_3,TX,2016-03-08,8,10.0,10.757484,8.580591
HOUSEHOLD_TX_3,HOUSEHOLD,TX_3,TX,2016-03-09,9,9.0,9.487207,8.302958
HOUSEHOLD_TX_3,HOUSEHOLD,TX_3,TX,2016-03-10,5,17.0,9.516339,8.025637
HOUSEHOLD_TX_3,HOUSEHOLD,TX_3,TX,2016-03-11,2,9.0,7.655148,8.498389
HOUSEHOLD_TX_3,HOUSEHOLD,TX_3,TX,2016-03-12,11,11.0,10.543441,10.811046
HOUSEHOLD_TX_3,HOUSEHOLD,TX_3,TX,2016-03-13,11,12.0,9.9075165,10.736978
HOUSEHOLD_TX_3,HOUSEHOLD,TX_3,TX,2016-03-14,9,9.0,7.396595,8.2551775
HOUSEHOLD_TX_3,HOUSEHOLD,TX_3,TX,2016-03-15,6,8.0,8.44393,8.730172
HOUSEHOLD_TX_3,HOUSEHOLD,TX_3,TX,2016-03-16,6,9.0,7.8160005,7.7637835
HOUSEHOLD_TX_3,HOUSEHOLD,TX_3,TX,2016-03-17,9,5.0,7.419302,6.665676
HOUSEHOLD_TX_3,HOUSEHOLD,TX_3,TX,2016-03-18,13,2.0,7.212964,8.230709
HOUSEHOLD_TX_3,HOUSEHOLD,TX_3,TX,2016-03-19,11,11.0,10.701532,10.878844
HOUSEHOLD_TX_3,HOUSEHOLD,TX_3,TX,2016-03-20,12,11.0,11.050841,10.844474
HOUSEHOLD_TX_3,HOUSEHOLD,TX_3,TX,2016-03-21,8,9.0,8.4381695,8.130138
HOUSEHOLD_TX_3,HOUSEHOLD,TX_3,TX,2016-03-22,9,6.0,8.197175,7.446285
HOUSEHOLD_TX_3,HOUSEHOLD,TX_3,TX,2016-03-23,11,6.0,8.848356,7.8261027
HOUSEHOLD_TX_3,HOUSEHOLD,TX_3,TX,2016-03-24,11,9.0,8.218741,7.5542045
HOUSEHOLD_TX_3,HOUSEHOLD,TX_3,TX,2016-03-25,10,13.0,8.757484,8.967854
HOUSEHOLD_TX_3,HOUSEHOLD,TX_3,TX,2016-03-26,13,11.0,11.563202,11.608491
HOUSEHOLD_TX_3,HOUSEHOLD,TX_3,TX,2016-03-27,9,12.0,12.388652,11.174799
HOUSEHOLD_TX_3,HOUSEHOLD,TX_3,TX,2016-03-28,5,8.0,7.7752795,8.466783
HOUSEHOLD_TX_3,HOUSEHOLD,TX_3,TX,2016-03-29,6,9.0,7.8625107,7.740777
HOUSEHOLD_TX_3,HOUSEHOLD,TX_3,TX,2016-03-30,6,11.0,7.3063283,7.3363557
HOUSEHOLD_TX_3,HOUSEHOLD,TX_3,TX,2016-03-31,6,11.0,8.3789625,7.8076005
HOUSEHOLD_TX_3,HOUSEHOLD,TX_3,TX,2016-04-01,13,10.0,8.012898,8.5724535
HOUSEHOLD_TX_3,HOUSEHOLD,TX_3,TX,2016-04-02,13,13.0,10.909023,10.59633
HOUSEHOLD_TX_3,HOUSEHOLD,TX_3,TX,2016-04-03,16,9.0,11.2137575,10.976071
HOUSEHOLD_TX_3,HOUSEHOLD,TX_3,TX,2016-04-04,5,5.0,8.628251,8.279812
HOUSEHOLD_TX_3,HOUSEHOLD,TX_3,TX,2016-04-05,6,6.0,8.633093,8.032445
HOUSEHOLD_TX_3,HOUSEHOLD,TX_3,TX,2016-04-06,7,6.0,8.955994,8.189867
HOUSEHOLD_TX_3,HOUSEHOLD,TX_3,TX,2016-04-07,9,6.0,8.43626,8.21297
HOUSEHOLD_TX_3,HOUSEHOLD,TX_3,TX,2016-04-08,7,13.0,8.1441345,8.816368
HOUSEHOLD_TX_3,HOUSEHOLD,TX_3,TX,2016-04-09,16,13.0,11.700676,12.421323
HOUSEHOLD_TX_3,HOUSEHOLD,TX_3,TX,2016-04-10,7,16.0,11.664336,11.529475
HOUSEHOLD_TX_3,HOUSEHOLD,TX_3,TX,2016-04-11,10,5.0,7.5116673,8.622929
HOUSEHOLD_TX_3,HOUSEHOLD,TX_3,TX,2016-04-12,7,6.0,7.1860476,7.8844466
HOUSEHOLD_TX_3,HOUSEHOLD,TX_3,TX,2016-04-13,4,7.0,7.5814133,8.040667
HOUSEHOLD_TX_3,HOUSEHOLD,TX_3,TX,2016-04-14,13,9.0,7.9037833,7.639997
HOUSEHOLD_TX_3,HOUSEHOLD,TX_3,TX,2016-04-15,10,7.0,9.622375,9.958628
HOUSEHOLD_TX_3,HOUSEHOLD,TX_3,TX,2016-04-16,12,16.0,11.884065,12.076369
HOUSEHOLD_TX_3,HOUSEHOLD,TX_3,TX,2016-04-17,18,7.0,11.686677,10.981314
HOUSEHOLD_TX_3,HOUSEHOLD,TX_3,TX,2016-04-18,9,10.0,8.575031,8.459023
HOUSEHOLD_TX_3,HOUSEHOLD,TX_3,TX,2016-04-19,12,7.0,9.146004,8.079101
HOUSEHOLD_TX_3,HOUSEHOLD,TX_3,TX,2016-04-20,8,4.0,10.021514,8.386643
HOUSEHOLD_TX_3,HOUSEHOLD,TX_3,TX,2016-04-21,11,13.0,10.3089905,8.72299
HOUSEHOLD_TX_3,HOUSEHOLD,TX_3,TX,2016-04-22,10,10.0,9.9338875,9.312842
HOUSEHOLD_TX_3,HOUSEHOLD,TX_3,TX,2016-04-23,7,12.0,13.484867,12.707104
HOUSEHOLD_TX_3,HOUSEHOLD,TX_3,TX,2016-04-24,15,18.0,11.617323,11.649844
HOUSEHOLD_WI_1,HOUSEHOLD,WI_1,WI,2016-02-29,10,8.0,8.027036,8.486483
HOUSEHOLD_WI_1,HOUSEHOLD,WI_1,WI,2016-03-01,2,8.0,7.592295,7.9587855
HOUSEHOLD_WI_1,HOUSEHOLD,WI_1,WI,2016-03-02,11,6.0,8.007922,8.166605
HOUSEHOLD_WI_1,HOUSEHOLD,WI_1,WI,2016-03-03,5,9.0,9.330314,8.696559
HOUSEHOLD_WI_1,HOUSEHOLD,WI_1,WI,2016-03-04,12,9.0,8.777176,8.518414
HOUSEHOLD_WI_1,HOUSEHOLD,WI_1,WI,2016-03-05,8,16.0,14.107687,13.185531
HOUSEHOLD_WI_1,HOUSEHOLD,WI_1,WI,2016-03-06,17,14.0,11.160546,11.036756
HOUSEHOLD_WI_1,HOUSEHOLD,WI_1,WI,2016-03-07,2,10.0,8.257221,8.259751
HOUSEHOLD_WI_1,HOUSEHOLD,WI_1,WI,2016-03-08,8,2.0,8.314018,8.230545
HOUSEHOLD_WI_1,HOUSEHOLD,WI_1,WI,2016-03-09,7,11.0,8.638644,8.04997
HOUSEHOLD_WI_1,HOUSEHOLD,WI_1,WI,2016-03-10,7,5.0,8.112658,7.5414667
HOUSEHOLD_WI_1,HOUSEHOLD,WI_1,WI,2016-03-11,10,12.0,9.231143,9.227979
HOUSEHOLD_WI_1,HOUSEHOLD,WI_1,WI,2016-03-12,8,8.0,11.693941,13.468511
HOUSEHOLD_WI_1,HOUSEHOLD,WI_1,WI,2016-03-13,14,17.0,10.399912,12.077477
HOUSEHOLD_WI_1,HOUSEHOLD,WI_1,WI,2016-03-14,12,2.0,7.2952538,9.657933
HOUSEHOLD_WI_1,HOUSEHOLD,WI_1,WI,2016-03-15,1,8.0,7.7321386,9.56224
HOUSEHOLD_WI_1,HOUSEHOLD,WI_1,WI,2016-03-16,6,7.0,7.566214,9.164323
HOUSEHOLD_WI_1,HOUSEHOLD,WI_1,WI,2016-03-17,7,7.0,7.6230164,8.668196
HOUSEHOLD_WI_1,HOUSEHOLD,WI_1,WI,2016-03-18,3,10.0,7.832749,9.71441
HOUSEHOLD_WI_1,HOUSEHOLD,WI_1,WI,2016-03-19,12,8.0,10.146623,9.204964
HOUSEHOLD_WI_1,HOUSEHOLD,WI_1,WI,2016-03-20,11,14.0,10.944466,9.91575
HOUSEHOLD_WI_1,HOUSEHOLD,WI_1,WI,2016-03-21,8,12.0,6.1603193,6.9210906
HOUSEHOLD_WI_1,HOUSEHOLD,WI_1,WI,2016-03-22,7,1.0,6.075816,6.625691
HOUSEHOLD_WI_1,HOUSEHOLD,WI_1,WI,2016-03-23,5,6.0,6.1017346,7.0838485
HOUSEHOLD_WI_1,HOUSEHOLD,WI_1,WI,2016-03-24,3,7.0,5.882728,6.818416
HOUSEHOLD_WI_1,HOUSEHOLD,WI_1,WI,2016-03-25,11,3.0,5.9136634,7.282963
HOUSEHOLD_WI_1,HOUSEHOLD,WI_1,WI,2016-03-26,3,12.0,10.433903,9.959798
HOUSEHOLD_WI_1,HOUSEHOLD,WI_1,WI,2016-03-27,5,11.0,9.537991,8.419531
HOUSEHOLD_WI_1,HOUSEHOLD,WI_1,WI,2016-03-28,10,8.0,5.225265,6.8502536
HOUSEHOLD_WI_1,HOUSEHOLD,WI_1,WI,2016-03-29,7,7.0,3.7171092,6.3726273
HOUSEHOLD_WI_1,HOUSEHOLD,WI_1,WI,2016-03-30,7,5.0,5.5177455,6.3892345
HOUSEHOLD_WI_1,HOUSEHOLD,WI_1,WI,2016-03-31,5,3.0,4.659731,6.215284
HOUSEHOLD_WI_1,HOUSEHOLD,WI_1,WI,2016-04-01,2,11.0,6.0512466,7.5036235
HOUSEHOLD_WI_1,HOUSEHOLD,WI_1,WI,2016-04-02,4,3.0,8.433536,8.96335
HOUSEHOLD_WI_1,HOUSEHOLD,WI_1,WI,2016-04-03,10,5.0,9.971474,9.347883
HOUSEHOLD_WI_1,HOUSEHOLD,WI_1,WI,2016-04-04,5,10.0,5.408895,6.533868
HOUSEHOLD_WI_1,HOUSEHOLD,WI_1,WI,2016-04-05,8,7.0,5.7634416,6.4316344
HOUSEHOLD_WI_1,HOUSEHOLD,WI_1,WI,2016-04-06,4,7.0,5.353765,6.380994
HOUSEHOLD_WI_1,HOUSEHOLD,WI_1,WI,2016-04-07,6,5.0,5.052226,5.9793167
HOUSEHOLD_WI_1,HOUSEHOLD,WI_1,WI,2016-04-08,4,2.0,6.213645,7.412059
HOUSEHOLD_WI_1,HOUSEHOLD,WI_1,WI,2016-04-09,9,4.0,8.355979,7.8022985
HOUSEHOLD_WI_1,HOUSEHOLD,WI_1,WI,2016-04-10,5,10.0,9.889206,8.320058
HOUSEHOLD_WI_1,HOUSEHOLD,WI_1,WI,2016-04-11,6,5.0,6.944547,6.254382
HOUSEHOLD_WI_1,HOUSEHOLD,WI_1,WI,2016-04-12,3,8.0,5.10404,5.784764
HOUSEHOLD_WI_1,HOUSEHOLD,WI_1,WI,2016-04-13,2,4.0,5.2845316,5.250217
HOUSEHOLD_WI_1,HOUSEHOLD,WI_1,WI,2016-04-14,8,6.0,5.1746087,5.349851
HOUSEHOLD_WI_1,HOUSEHOLD,WI_1,WI,2016-04-15,13,4.0,4.5547447,6.0703053
HOUSEHOLD_WI_1,HOUSEHOLD,WI_1,WI,2016-04-16,14,9.0,9.262144,8.368503
HOUSEHOLD_WI_1,HOUSEHOLD,WI_1,WI,2016-04-17,10,5.0,10.111616,9.1027565
HOUSEHOLD_WI_1,HOUSEHOLD,WI_1,WI,2016-04-18,7,6.0,7.211982,6.7833877
HOUSEHOLD_WI_1,HOUSEHOLD,WI_1,WI,2016-04-19,6,3.0,7.3905134,6.297105
HOUSEHOLD_WI_1,HOUSEHOLD,WI_1,WI,2016-04-20,5,2.0,6.901328,5.9534492
HOUSEHOLD_WI_1,HOUSEHOLD,WI_1,WI,2016-04-21,17,8.0,7.0601244,6.2462792
HOUSEHOLD_WI_1,HOUSEHOLD,WI_1,WI,2016-04-22,5,13.0,9.19195,9.103661
HOUSEHOLD_WI_1,HOUSEHOLD,WI_1,WI,2016-04-23,17,14.0,9.830192,9.613626
HOUSEHOLD_WI_1,HOUSEHOLD,WI_1,WI,2016-04-24,6,10.0,10.149572,10.090654
HOUSEHOLD_WI_2,HOUSEHOLD,WI_2,WI,2016-02-29,7,7.0,8.700686,10.356592
HOUSEHOLD_WI_2,HOUSEHOLD,WI_2,WI,2016-03-01,9,10.0,9.014675,10.302826
HOUSEHOLD_WI_2,HOUSEHOLD,WI_2,WI,2016-03-02,10,7.0,9.57674,10.937138
HOUSEHOLD_WI_2,HOUSEHOLD,WI_2,WI,2016-03-03,12,17.0,9.648036,10.991632
HOUSEHOLD_WI_2,HOUSEHOLD,WI_2,WI,2016-03-04,15,10.0,9.379128,11.082839
HOUSEHOLD_WI_2,HOUSEHOLD,WI_2,WI,2016-03-05,11,15.0,13.906048,12.145391
HOUSEHOLD_WI_2,HOUSEHOLD,WI_2,WI,2016-03-06,9,11.0,10.969346,11.401303
HOUSEHOLD_WI_2,HOUSEHOLD,WI_2,WI,2016-03-07,17,7.0,9.513897,8.871441
HOUSEHOLD_WI_2,HOUSEHOLD,WI_2,WI,2016-03-08,6,9.0,10.775212,10.274447
HOUSEHOLD_WI_2,HOUSEHOLD,WI_2,WI,2016-03-09,9,10.0,10.358798,9.260993
HOUSEHOLD_WI_2,HOUSEHOLD,WI_2,WI,2016-03-10,6,12.0,12.380743,9.473221
HOUSEHOLD_WI_2,HOUSEHOLD,WI_2,WI,2016-03-11,8,15.0,10.53253,10.316261
HOUSEHOLD_WI_2,HOUSEHOLD,WI_2,WI,2016-03-12,17,11.0,12.703815,13.132264
HOUSEHOLD_WI_2,HOUSEHOLD,WI_2,WI,2016-03-13,11,9.0,11.686155,11.76941
HOUSEHOLD_WI_2,HOUSEHOLD,WI_2,WI,2016-03-14,10,17.0,9.467531,9.529294
HOUSEHOLD_WI_2,HOUSEHOLD,WI_2,WI,2016-03-15,8,6.0,8.363961,8.753662
HOUSEHOLD_WI_2,HOUSEHOLD,WI_2,WI,2016-03-16,12,9.0,8.67323,8.471207
HOUSEHOLD_WI_2,HOUSEHOLD,WI_2,WI,2016-03-17,5,6.0,9.79752,7.979964
HOUSEHOLD_WI_2,HOUSEHOLD,WI_2,WI,2016-03-18,14,8.0,9.31112,9.700825
HOUSEHOLD_WI_2,HOUSEHOLD,WI_2,WI,2016-03-19,6,17.0,12.529079,11.698522
HOUSEHOLD_WI_2,HOUSEHOLD,WI_2,WI,2016-03-20,16,11.0,10.642977,11.103799
HOUSEHOLD_WI_2,HOUSEHOLD,WI_2,WI,2016-03-21,6,10.0,9.32047,8.929797
HOUSEHOLD_WI_2,HOUSEHOLD,WI_2,WI,2016-03-22,7,8.0,8.491642,8.021593
HOUSEHOLD_WI_2,HOUSEHOLD,WI_2,WI,2016-03-23,5,12.0,7.965287,7.7726946
HOUSEHOLD_WI_2,HOUSEHOLD,WI_2,WI,2016-03-24,2,5.0,8.091374,8.049712
HOUSEHOLD_WI_2,HOUSEHOLD,WI_2,WI,2016-03-25,15,14.0,6.935847,8.363625
HOUSEHOLD_WI_2,HOUSEHOLD,WI_2,WI,2016-03-26,21,6.0,11.410246,11.757268
HOUSEHOLD_WI_2,HOUSEHOLD,WI_2,WI,2016-03-27,9,16.0,11.884525,10.818079
HOUSEHOLD_WI_2,HOUSEHOLD,WI_2,WI,2016-03-28,12,6.0,7.596382,8.174845
HOUSEHOLD_WI_2,HOUSEHOLD,WI_2,WI,2016-03-29,10,7.0,8.764721,8.256372
HOUSEHOLD_WI_2,HOUSEHOLD,WI_2,WI,2016-03-30,8,5.0,9.33844,8.284819
HOUSEHOLD_WI_2,HOUSEHOLD,WI_2,WI,2016-03-31,13,2.0,9.529802,8.42947
HOUSEHOLD_WI_2,HOUSEHOLD,WI_2,WI,2016-04-01,12,15.0,12.0983715,10.624621
HOUSEHOLD_WI_2,HOUSEHOLD,WI_2,WI,2016-04-02,3,21.0,13.411489,12.424837
HOUSEHOLD_WI_2,HOUSEHOLD,WI_2,WI,2016-04-03,12,9.0,11.998263,11.892882
HOUSEHOLD_WI_2,HOUSEHOLD,WI_2,WI,2016-04-04,11,12.0,10.310634,8.940545
HOUSEHOLD_WI_2,HOUSEHOLD,WI_2,WI,2016-04-05,7,10.0,8.590815,8.519536
HOUSEHOLD_WI_2,HOUSEHOLD,WI_2,WI,2016-04-06,9,8.0,8.383141,8.057081
HOUSEHOLD_WI_2,HOUSEHOLD,WI_2,WI,2016-04-07,9,13.0,7.9653125,7.5807886
HOUSEHOLD_WI_2,HOUSEHOLD,WI_2,WI,2016-04-08,10,12.0,8.8810425,9.481035
HOUSEHOLD_WI_2,HOUSEHOLD,WI_2,WI,2016-04-09,23,3.0,13.04603,12.137577
HOUSEHOLD_WI_2,HOUSEHOLD,WI_2,WI,2016-04-10,4,12.0,13.253458,13.001706
HOUSEHOLD_WI_2,HOUSEHOLD,WI_2,WI,2016-04-11,11,11.0,10.053389,9.573237
HOUSEHOLD_WI_2,HOUSEHOLD,WI_2,WI,2016-04-12,2,7.0,9.589234,9.142655
HOUSEHOLD_WI_2,HOUSEHOLD,WI_2,WI,2016-04-13,7,9.0,9.529981,8.495965
HOUSEHOLD_WI_2,HOUSEHOLD,WI_2,WI,2016-04-14,2,9.0,8.645346,8.886584
HOUSEHOLD_WI_2,HOUSEHOLD,WI_2,WI,2016-04-15,3,10.0,9.2826,9.862113
HOUSEHOLD_WI_2,HOUSEHOLD,WI_2,WI,2016-04-16,5,23.0,8.948454,9.79168
HOUSEHOLD_WI_2,HOUSEHOLD,WI_2,WI,2016-04-17,8,4.0,9.051497,8.981176
HOUSEHOLD_WI_2,HOUSEHOLD,WI_2,WI,2016-04-18,8,11.0,5.2748003,6.7978444
HOUSEHOLD_WI_2,HOUSEHOLD,WI_2,WI,2016-04-19,7,2.0,4.657114,6.015049
HOUSEHOLD_WI_2,HOUSEHOLD,WI_2,WI,2016-04-20,10,7.0,5.0902457,6.3164597
HOUSEHOLD_WI_2,HOUSEHOLD,WI_2,WI,2016-04-21,5,2.0,4.897007,6.5173984
HOUSEHOLD_WI_2,HOUSEHOLD,WI_2,WI,2016-04-22,4,3.0,7.3108015,8.094707
HOUSEHOLD_WI_2,HOUSEHOLD,WI_2,WI,2016-04-23,9,5.0,11.731054,9.836237
HOUSEHOLD_WI_2,HOUSEHOLD,WI_2,WI,2016-04-24,10,8.0,8.766575,8.817416
HOUSEHOLD_WI_3,HOUSEHOLD,WI_3,WI,2016-02-29,8,4.0,7.043652,7.071118
HOUSEHOLD_WI_3,HOUSEHOLD,WI_3,WI,2016-03-01,9,10.0,6.9157834,6.8481827
HOUSEHOLD_WI_3,HOUSEHOLD,WI_3,WI,2016-03-02,10,6.0,7.35741,7.321201
HOUSEHOLD_WI_3,HOUSEHOLD,WI_3,WI,2016-03-03,8,4.0,7.3931484,7.3974805
HOUSEHOLD_WI_3,HOUSEHOLD,WI_3,WI,2016-03-04,14,5.0,7.778968,8.091221
HOUSEHOLD_WI_3,HOUSEHOLD,WI_3,WI,2016-03-05,3,15.0,12.927019,11.202967
HOUSEHOLD_WI_3,HOUSEHOLD,WI_3,WI,2016-03-06,14,13.0,10.950176,10.255271
HOUSEHOLD_WI_3,HOUSEHOLD,WI_3,WI,2016-03-07,6,8.0,7.904476,7.819515
HOUSEHOLD_WI_3,HOUSEHOLD,WI_3,WI,2016-03-08,9,9.0,8.565433,7.810064
HOUSEHOLD_WI_3,HOUSEHOLD,WI_3,WI,2016-03-09,8,10.0,7.496771,7.7967935
HOUSEHOLD_WI_3,HOUSEHOLD,WI_3,WI,2016-03-10,11,8.0,7.903141,7.208986
HOUSEHOLD_WI_3,HOUSEHOLD,WI_3,WI,2016-03-11,5,14.0,8.573989,8.398798
HOUSEHOLD_WI_3,HOUSEHOLD,WI_3,WI,2016-03-12,20,3.0,11.273009,12.548547
HOUSEHOLD_WI_3,HOUSEHOLD,WI_3,WI,2016-03-13,6,14.0,13.495952,13.532446
HOUSEHOLD_WI_3,HOUSEHOLD,WI_3,WI,2016-03-14,6,6.0,8.79193,10.156865
HOUSEHOLD_WI_3,HOUSEHOLD,WI_3,WI,2016-03-15,2,9.0,8.549322,9.7301855
HOUSEHOLD_WI_3,HOUSEHOLD,WI_3,WI,2016-03-16,4,8.0,7.535033,9.19252
HOUSEHOLD_WI_3,HOUSEHOLD,WI_3,WI,2016-03-17,9,11.0,6.6933923,8.679762
HOUSEHOLD_WI_3,HOUSEHOLD,WI_3,WI,2016-03-18,9,5.0,7.3879814,9.690698
HOUSEHOLD_WI_3,HOUSEHOLD,WI_3,WI,2016-03-19,8,20.0,10.172803,9.219282
HOUSEHOLD_WI_3,HOUSEHOLD,WI_3,WI,2016-03-20,4,6.0,7.975308,8.301533
HOUSEHOLD_WI_3,HOUSEHOLD,WI_3,WI,2016-03-21,4,6.0,4.6575804,6.4389224
HOUSEHOLD_WI_3,HOUSEHOLD,WI_3,WI,2016-03-22,10,2.0,5.5822973,6.287073
HOUSEHOLD_WI_3,HOUSEHOLD,WI_3,WI,2016-03-23,6,4.0,5.5477686,6.355837
HOUSEHOLD_WI_3,HOUSEHOLD,WI_3,WI,2016-03-24,5,9.0,5.1403947,6.198843
HOUSEHOLD_WI_3,HOUSEHOLD,WI_3,WI,2016-03-25,7,9.0,4.5250854,6.7618537
HOUSEHOLD_WI_3,HOUSEHOLD,WI_3,WI,2016-03-26,17,8.0,9.699824,9.344586
HOUSEHOLD_WI_3,HOUSEHOLD,WI_3,WI,2016-03-27,10,4.0,9.22401,8.89358
HOUSEHOLD_WI_3,HOUSEHOLD,WI_3,WI,2016-03-28,5,4.0,6.3138113,7.8369846
HOUSEHOLD_WI_3,HOUSEHOLD,WI_3,WI,2016-03-29,4,10.0,6.636194,7.3228784
HOUSEHOLD_WI_3,HOUSEHOLD,WI_3,WI,2016-03-30,4,6.0,6.147941,7.4828124
HOUSEHOLD_WI_3,HOUSEHOLD,WI_3,WI,2016-03-31,8,5.0,5.9439025,7.0610375
HOUSEHOLD_WI_3,HOUSEHOLD,WI_3,WI,2016-04-01,10,7.0,7.6300163,8.763923
HOUSEHOLD_WI_3,HOUSEHOLD,WI_3,WI,2016-04-02,8,17.0,9.571461,9.803323
HOUSEHOLD_WI_3,HOUSEHOLD,WI_3,WI,2016-04-03,12,10.0,9.991763,9.438828
HOUSEHOLD_WI_3,HOUSEHOLD,WI_3,WI,2016-04-04,2,5.0,6.3523555,7.18029
HOUSEHOLD_WI_3,HOUSEHOLD,WI_3,WI,2016-04-05,8,4.0,6.965893,7.141341
HOUSEHOLD_WI_3,HOUSEHOLD,WI_3,WI,2016-04-06,2,4.0,6.9259615,7.203244
HOUSEHOLD_WI_3,HOUSEHOLD,WI_3,WI,2016-04-07,4,8.0,7.2088795,6.7327743
HOUSEHOLD_WI_3,HOUSEHOLD,WI_3,WI,2016-04-08,4,10.0,5.9246025,6.9817758
HOUSEHOLD_WI_3,HOUSEHOLD,WI_3,WI,2016-04-09,7,8.0,11.295593,9.661908
HOUSEHOLD_WI_3,HOUSEHOLD,WI_3,WI,2016-04-10,1,12.0,8.311056,7.7415843
HOUSEHOLD_WI_3,HOUSEHOLD,WI_3,WI,2016-04-11,2,2.0,4.2542286,5.493112
HOUSEHOLD_WI_3,HOUSEHOLD,WI_3,WI,2016-04-12,2,8.0,3.5596242,5.1346073
HOUSEHOLD_WI_3,HOUSEHOLD,WI_3,WI,2016-04-13,9,2.0,2.9957852,4.7588234
HOUSEHOLD_WI_3,HOUSEHOLD,WI_3,WI,2016-04-14,5,4.0,5.089536,5.682771
HOUSEHOLD_WI_3,HOUSEHOLD,WI_3,WI,2016-04-15,2,4.0,5.361647,6.33625
HOUSEHOLD_WI_3,HOUSEHOLD,WI_3,WI,2016-04-16,7,7.0,6.9541464,7.119514
HOUSEHOLD_WI_3,HOUSEHOLD,WI_3,WI,2016-04-17,13,1.0,6.5693746,6.8739705
HOUSEHOLD_WI_3,HOUSEHOLD,WI_3,WI,2016-04-18,6,2.0,4.56538,5.725706
HOUSEHOLD_WI_3,HOUSEHOLD,WI_3,WI,2016-04-19,4,2.0,6.3934035,5.7787786
HOUSEHOLD_WI_3,HOUSEHOLD,WI_3,WI,2016-04-20,2,9.0,5.456128,5.6234384
HOUSEHOLD_WI_3,HOUSEHOLD,WI_3,WI,2016-04-21,9,5.0,4.5109897,5.156312
HOUSEHOLD_WI_3,HOUSEHOLD,WI_3,WI,2016-04-22,3,2.0,5.399877,6.0939765
HOUSEHOLD_WI_3,HOUSEHOLD,WI_3,WI,2016-04-23,7,7.0,9.700587,8.036179
HOUSEHOLD_WI_3,HOUSEHOLD,WI_3,WI,2016-04-24,13,13.0,8.002938,7.598939
