id,cat_id,store_id,state_id,date,sales,pred_naive,pred_ridge,pred_xgb,pred_xgb_adj,pred_qxgb
FOODS_CA_1,FOODS,CA_1,CA,2016-02-29,16,12.0,15.921513,15.802636,24.001835,19.888021
FOODS_CA_1,FOODS,CA_1,CA,2016-03-01,13,21.0,16.61255,16.305813,24.505013,23.280317
FOODS_CA_1,FOODS,CA_1,CA,2016-03-02,18,13.0,15.649758,15.719347,23.918545,22.23166
FOODS_CA_1,FOODS,CA_1,CA,2016-03-03,20,12.0,16.50577,16.591337,24.790535,23.05272
FOODS_CA_1,FOODS,CA_1,CA,2016-03-04,10,21.0,17.298908,17.750353,25.949553,23.900179
FOODS_CA_1,FOODS,CA_1,CA,2016-03-05,24,14.0,21.42155,22.253437,30.452635,29.28307
FOODS_CA_1,FOODS,CA_1,CA,2016-03-06,34,26.0,20.83662,22.25155,30.450748,31.236868
FOODS_CA_1,FOODS,CA_1,CA,2016-03-07,17,16.0,19.224247,20.305445,28.504644,28.377525
FOODS_CA_1,FOODS,CA_1,CA,2016-03-08,20,13.0,19.08141,18.342274,26.541473,27.70135
FOODS_CA_1,FOODS,CA_1,CA,2016-03-09,18,18.0,17.483915,18.504255,26.703453,24.428122
FOODS_CA_1,FOODS,CA_1,CA,2016-03-10,21,20.0,19.341473,18.768373,26.967571,25.474447
FOODS_CA_1,FOODS,CA_1,CA,2016-03-11,16,10.0,19.564089,17.39699,25.59619,24.100363
FOODS_CA_1,FOODS,CA_1,CA,2016-03-12,24,24.0,22.215214,22.839464,31.038662,32.515434
FOODS_CA_1,FOODS,CA_1,CA,2016-03-13,40,34.0,23.572815,24.017294,32.21649,33.530777
FOODS_CA_1,FOODS,CA_1,CA,2016-03-14,15,17.0,20.915844,19.394142,27.59334,25.210773
FOODS_CA_1,FOODS,CA_1,CA,2016-03-15,17,20.0,19.65592,17.14972,25.348919,22.86469
FOODS_CA_1,FOODS,CA_1,CA,2016-03-16,16,18.0,18.397928,17.869057,26.068256,22.566061
FOODS_CA_1,FOODS,CA_1,CA,2016-03-17,17,21.0,18.621895,16.035805,24.235004,21.559612
FOODS_CA_1,FOODS,CA_1,CA,2016-03-18,15,16.0,17.739508,17.985039,26.184238,24.701275
FOODS_CA_1,FOODS,CA_1,CA,2016-03-19,23,24.0,22.683283,23.615446,31.814644,32.37499
FOODS_CA_1,FOODS,CA_1,CA,2016-03-20,28,40.0,22.258186,24.109825,32.309025,33.4199
FOODS_CA_1,FOODS,CA_1,CA,2016-03-21,28,15.0,15.716162,16.589489,24.788687,22.58577
FOODS_CA_1,FOODS,CA_1,CA,2016-03-22,15,17.0,18.81297,16.56775,24.766949,21.353682
FOODS_CA_1,FOODS,CA_1,CA,2016-03-23,19,16.0,17.141092,16.037806,24.237005,21.337175
FOODS_CA_1,FOODS,CA_1,CA,2016-03-24,12,17.0,17.476624,16.313717,24.512917,20.521992
FOODS_CA_1,FOODS,CA_1,CA,2016-03-25,26,15.0,18.023516,17.151072,25.350271,24.246933
FOODS_CA_1,FOODS,CA_1,CA,2016-03-26,18,23.0,21.261263,23.50604,31.705238,32.115917
FOODS_CA_1,FOODS,CA_1,CA,2016-03-27,28,28.0,24.304798,23.095577,31.294775,29.14913
FOODS_CA_1,FOODS,CA_1,CA,2016-03-28,22,28.0,18.014153,16.363714,24.562912,21.246386
FOODS_CA_1,FOODS,CA_1,CA,2016-03-29,25,15.0,16.975283,15.507912,23.707111,20.480263
FOODS_CA_1,FOODS,CA_1,CA,2016-03-30,14,19.0,18.786312,15.732242,23.93144,22.10829
FOODS_CA_1,FOODS,CA_1,CA,2016-03-31,23,12.0,18.684381,16.108244,24.307442,21.610023
FOODS_CA_1,FOODS,CA_1,CA,2016-04-01,26,26.0,19.184904,22.026255,30.225454,27.69879
FOODS_CA_1,FOODS,CA_1,CA,2016-04-02,42,18.0,24.429373,28.102104,36.301304,36.160484
FOODS_CA_1,FOODS,CA_1,CA,2016-04-03,26,28.0,29.098639,33.505398,41.704597,42.370304
FOODS_CA_1,FOODS,CA_1,CA,2016-04-04,23,22.0,23.634155,27.507187,35.706387,35.094654
FOODS_CA_1,FOODS,CA_1,CA,2016-04-05,20,25.0,23.232473,25.426422,33.62562,33.326847
FOODS_CA_1,FOODS,CA_1,CA,2016-04-06,28,14.0,22.68973,25.45291,33.652107,34.03111
FOODS_CA_1,FOODS,CA_1,CA,2016-04-07,28,23.0,24.0797,25.19311,33.392307,32.863186
FOODS_CA_1,FOODS,CA_1,CA,2016-04-08,34,26.0,24.796944,27.474195,35.673393,33.544437
FOODS_CA_1,FOODS,CA_1,CA,2016-04-09,36,42.0,28.888922,32.2469,40.4461,43.393658
FOODS_CA_1,FOODS,CA_1,CA,2016-04-10,54,26.0,31.474218,35.368404,43.567604,45.19782
FOODS_CA_1,FOODS,CA_1,CA,2016-04-11,37,23.0,27.631527,26.114977,34.314175,33.481163
FOODS_CA_1,FOODS,CA_1,CA,2016-04-12,22,20.0,29.591902,25.5082,33.707397,29.271645
FOODS_CA_1,FOODS,CA_1,CA,2016-04-13,18,28.0,28.734394,25.140524,33.33972,29.550032
FOODS_CA_1,FOODS,CA_1,CA,2016-04-14,33,28.0,28.540922,24.540123,32.739323,31.004372
FOODS_CA_1,FOODS,CA_1,CA,2016-04-15,17,34.0,28.906815,25.969408,34.168606,31.561884
FOODS_CA_1,FOODS,CA_1,CA,2016-04-16,13,36.0,32.011135,30.346567,38.545765,41.016037
FOODS_CA_1,FOODS,CA_1,CA,2016-04-17,44,54.0,29.148268,31.223814,39.42301,36.78537
FOODS_CA_1,FOODS,CA_1,CA,2016-04-18,25,37.0,25.165096,24.02664,32.225838,30.08124
FOODS_CA_1,FOODS,CA_1,CA,2016-04-19,25,22.0,21.41493,18.646862,26.84606,25.36638
FOODS_CA_1,FOODS,CA_1,CA,2016-04-20,14,18.0,22.938046,19.148241,27.347439,26.11765
FOODS_CA_1,FOODS,CA_1,CA,2016-04-21,22,33.0,21.421755,18.948057,27.147255,24.837833
FOODS_CA_1,FOODS,CA_1,CA,2016-04-22,10,17.0,22.787046,23.23374,31.43294,28.22745
FOODS_CA_1,FOODS,CA_1,CA,2016-04-23,29,13.0,23.352585,25.823257,34.022457,33.0153
FOODS_CA_1,FOODS,CA_1,CA,2016-04-24,31,44.0,28.031263,29.529104,37.728302,36.8907
FOODS_CA_2,FOODS,CA_2,CA,2016-02-29,43,18.0,24.503801,23.50211,31.70131,29.840052
FOODS_CA_2,FOODS,CA_2,CA,2016-03-01,15,17.0,28.356655,28.72056,36.919758,37.80426
FOODS_CA_2,FOODS,CA_2,CA,2016-03-02,15,15.0,26.295332,28.323254,36.522453,36.955883
FOODS_CA_2,FOODS,CA_2,CA,2016-03-03,24,20.0,29.713406,28.949247,37.148445,38.137405
FOODS_CA_2,FOODS,CA_2,CA,2016-03-04,25,29.0,28.49828,28.107096,36.306293,37.14148
FOODS_CA_2,FOODS,CA_2,CA,2016-03-05,26,45.0,31.304317,39.646564,47.845764,47.66697
FOODS_CA_2,FOODS,CA_2,CA,2016-03-06,58,49.0,32.545677,36.036083,44.235283,45.053627
FOODS_CA_2,FOODS,CA_2,CA,2016-03-07,23,43.0,26.504095,28.7624,36.961597,41.822845
FOODS_CA_2,FOODS,CA_2,CA,2016-03-08,25,15.0,23.015835,27.789967,35.989166,35.119446
FOODS_CA_2,FOODS,CA_2,CA,2016-03-09,23,15.0,25.979279,28.5444,36.7436,37.69805
FOODS_CA_2,FOODS,CA_2,CA,2016-03-10,23,24.0,27.831818,29.742199,37.9414,36.51806
FOODS_CA_2,FOODS,CA_2,CA,2016-03-11,30,25.0,25.486132,27.462877,35.662075,31.264088
FOODS_CA_2,FOODS,CA_2,CA,2016-03-12,43,26.0,32.68621,35.78934,43.988537,44.287735
FOODS_CA_2,FOODS,CA_2,CA,2016-03-13,43,58.0,34.94804,36.333523,44.532722,45.91152
FOODS_CA_2,FOODS,CA_2,CA,2016-03-14,19,23.0,29.458586,26.01676,34.215958,34.21643
FOODS_CA_2,FOODS,CA_2,CA,2016-03-15,35,25.0,27.858198,24.226946,32.426144,30.02936
FOODS_CA_2,FOODS,CA_2,CA,2016-03-16,20,23.0,25.877047,23.819279,32.01848,30.298605
FOODS_CA_2,FOODS,CA_2,CA,2016-03-17,16,23.0,27.649813,21.502975,29.702173,29.134008
FOODS_CA_2,FOODS,CA_2,CA,2016-03-18,25,30.0,27.68158,25.314157,33.513355,32.811863
FOODS_CA_2,FOODS,CA_2,CA,2016-03-19,5,43.0,30.412851,31.687132,39.88633,38.415524
FOODS_CA_2,FOODS,CA_2,CA,2016-03-20,4,43.0,33.25753,28.441137,36.640335,38.71155
FOODS_CA_2,FOODS,CA_2,CA,2016-03-21,9,19.0,16.52044,16.816418,25.015617,21.930674
FOODS_CA_2,FOODS,CA_2,CA,2016-03-22,5,35.0,15.441813,15.939049,24.138248,20.945017
FOODS_CA_2,FOODS,CA_2,CA,2016-03-23,16,20.0,11.558317,12.012507,20.211706,17.631838
FOODS_CA_2,FOODS,CA_2,CA,2016-03-24,11,16.0,11.825136,10.786864,18.986063,16.369442
FOODS_CA_2,FOODS,CA_2,CA,2016-03-25,21,25.0,13.214337,14.199896,22.399096,22.009138
FOODS_CA_2,FOODS,CA_2,CA,2016-03-26,44,5.0,18.799725,17.038431,25.237629,23.302126
FOODS_CA_2,FOODS,CA_2,CA,2016-03-27,34,4.0,24.360266,23.179146,31.378345,35.482914
FOODS_CA_2,FOODS,CA_2,CA,2016-03-28,17,9.0,22.164646,21.926224,30.125423,29.896576
FOODS_CA_2,FOODS,CA_2,CA,2016-03-29,31,5.0,19.771769,17.708645,25.907845,24.234468
FOODS_CA_2,FOODS,CA_2,CA,2016-03-30,29,16.0,21.364552,19.396784,27.595984,25.2944
FOODS_CA_2,FOODS,CA_2,CA,2016-03-31,28,11.0,23.86416,20.134716,28.333914,26.263031
FOODS_CA_2,FOODS,CA_2,CA,2016-04-01,31,21.0,27.520908,29.055809,37.25501,35.492073
FOODS_CA_2,FOODS,CA_2,CA,2016-04-02,58,44.0,29.643188,35.73828,43.937477,43.10858
FOODS_CA_2,FOODS,CA_2,CA,2016-04-03,41,34.0,36.28335,41.823334,50.022533,50.25745
FOODS_CA_2,FOODS,CA_2,CA,2016-04-04,20,17.0,29.362713,30.94617,39.14537,43.579212
FOODS_CA_2,FOODS,CA_2,CA,2016-04-05,21,31.0,29.691809,30.870996,39.070194,39.20912
FOODS_CA_2,FOODS,CA_2,CA,2016-04-06,24,29.0,29.189266,29.266977,37.466175,38.054653
FOODS_CA_2,FOODS,CA_2,CA,2016-04-07,18,28.0,28.305387,28.69641,36.895607,37.69296
FOODS_CA_2,FOODS,CA_2,CA,2016-04-08,20,31.0,29.069662,31.219315,39.418514,38.065742
FOODS_CA_2,FOODS,CA_2,CA,2016-04-09,39,58.0,34.05189,40.10834,48.307537,44.49549
FOODS_CA_2,FOODS,CA_2,CA,2016-04-10,49,41.0,31.290972,36.491028,44.690228,44.776794
FOODS_CA_2,FOODS,CA_2,CA,2016-04-11,15,20.0,24.46377,23.988838,32.188038,31.377043
FOODS_CA_2,FOODS,CA_2,CA,2016-04-12,28,21.0,27.524958,20.832262,29.03146,29.154774
FOODS_CA_2,FOODS,CA_2,CA,2016-04-13,20,24.0,25.690155,20.122118,28.321316,27.162516
FOODS_CA_2,FOODS,CA_2,CA,2016-04-14,16,18.0,24.498999,19.573156,27.772354,26.895737
FOODS_CA_2,FOODS,CA_2,CA,2016-04-15,32,20.0,25.903933,23.896555,32.095753,29.94314
FOODS_CA_2,FOODS,CA_2,CA,2016-04-16,28,39.0,28.443224,28.842999,37.0422,39.450054
FOODS_CA_2,FOODS,CA_2,CA,2016-04-17,24,49.0,25.651718,28.30586,36.50506,36.37996
FOODS_CA_2,FOODS,CA_2,CA,2016-04-18,27,15.0,19.346375,19.823757,28.022955,26.120773
FOODS_CA_2,FOODS,CA_2,CA,2016-04-19,19,28.0,19.985802,19.470161,27.66936,25.785273
FOODS_CA_2,FOODS,CA_2,CA,2016-04-20,22,20.0,20.940552,18.435488,26.634687,24.931284
FOODS_CA_2,FOODS,CA_2,CA,2016-04-21,16,16.0,19.848627,18.824318,27.023516,26.189497
FOODS_CA_2,FOODS,CA_2,CA,2016-04-22,17,32.0,21.561249,22.712404,30.911602,28.894833
FOODS_CA_2,FOODS,CA_2,CA,2016-04-23,33,28.0,27.43931,26.230656,34.429855,33.076725
FOODS_CA_2,FOODS,CA_2,CA,2016-04-24,36,24.0,27.13287,29.392601,37.5918,36.24684
FOODS_CA_3,FOODS,CA_3,CA,2016-02-29,43,31.0,30.420591,30.798487,38.997684,35.656803
FOODS_CA_3,FOODS,CA_3,CA,2016-03-01,35,27.0,31.281155,35.68239,43.881588,40.085037
FOODS_CA_3,FOODS,CA_3,CA,2016-03-02,41,27.0,31.82802,34.804737,43.003937,40.069916
FOODS_CA_3,FOODS,CA_3,CA,2016-03-03,42,34.0,34.522472,35.777813,43.977013,42.90932
FOODS_CA_3,FOODS,CA_3,CA,2016-03-04,33,47.0,34.73014,40.602577,48.801777,47.200047
FOODS_CA_3,FOODS,CA_3,CA,2016-03-05,36,22.0,36.824013,40.15444,48.353638,46.510975
FOODS_CA_3,FOODS,CA_3,CA,2016-03-06,51,25.0,38.681465,49.592747,57.791946,56.617462
FOODS_CA_3,FOODS,CA_3,CA,2016-03-07,48,43.0,36.801716,37.004585,45.203785,47.258926
FOODS_CA_3,FOODS,CA_3,CA,2016-03-08,39,35.0,37.748352,35.49087,43.690067,44.48081
FOODS_CA_3,FOODS,CA_3,CA,2016-03-09,48,41.0,39.453377,36.30897,44.508167,45.781597
FOODS_CA_3,FOODS,CA_3,CA,2016-03-10,39,42.0,42.401527,38.784504,46.983704,49.06264
FOODS_CA_3,FOODS,CA_3,CA,2016-03-11,30,33.0,40.160404,34.781544,42.980743,44.29405
FOODS_CA_3,FOODS,CA_3,CA,2016-03-12,46,36.0,41.09577,39.761257,47.960457,52.39458
FOODS_CA_3,FOODS,CA_3,CA,2016-03-13,47,51.0,39.879997,46.316547,54.515747,56.29632
FOODS_CA_3,FOODS,CA_3,CA,2016-03-14,56,48.0,43.040752,37.821507,46.020706,45.441875
FOODS_CA_3,FOODS,CA_3,CA,2016-03-15,40,39.0,39.738834,35.608448,43.807648,42.014877
FOODS_CA_3,FOODS,CA_3,CA,2016-03-16,29,48.0,38.82376,36.208607,44.407806,42.340214
FOODS_CA_3,FOODS,CA_3,CA,2016-03-17,26,39.0,39.56065,32.321873,40.521072,39.34858
FOODS_CA_3,FOODS,CA_3,CA,2016-03-18,32,30.0,35.654625,34.04564,42.24484,41.148865
FOODS_CA_3,FOODS,CA_3,CA,2016-03-19,50,46.0,40.552414,42.290466,50.489666,55.070595
FOODS_CA_3,FOODS,CA_3,CA,2016-03-20,44,47.0,41.69769,45.461143,53.660343,53.849087
FOODS_CA_3,FOODS,CA_3,CA,2016-03-21,36,56.0,36.73912,35.32161,43.52081,42.1622
FOODS_CA_3,FOODS,CA_3,CA,2016-03-22,38,40.0,33.055702,31.114498,39.313698,40.008408
FOODS_CA_3,FOODS,CA_3,CA,2016-03-23,40,29.0,33.445095,31.840952,40.04015,39.781948
FOODS_CA_3,FOODS,CA_3,CA,2016-03-24,30,26.0,34.98007,33.809055,42.008255,39.356037
FOODS_CA_3,FOODS,CA_3,CA,2016-03-25,38,32.0,36.71689,36.661186,44.860386,41.18351
FOODS_CA_3,FOODS,CA_3,CA,2016-03-26,40,50.0,37.12547,42.427887,50.627087,52.32775
FOODS_CA_3,FOODS,CA_3,CA,2016-03-27,86,44.0,36.963547,42.45356,50.65276,53.54086
FOODS_CA_3,FOODS,CA_3,CA,2016-03-28,54,36.0,42.710762,44.56654,52.76574,50.621742
FOODS_CA_3,FOODS,CA_3,CA,2016-03-29,48,38.0,42.193607,38.041943,46.241142,47.145493
FOODS_CA_3,FOODS,CA_3,CA,2016-03-30,42,40.0,43.379787,38.21148,46.41068,46.04613
FOODS_CA_3,FOODS,CA_3,CA,2016-03-31,27,30.0,43.51861,39.822212,48.02141,46.833397
FOODS_CA_3,FOODS,CA_3,CA,2016-04-01,44,38.0,43.402527,46.579445,54.778645,58.765434
FOODS_CA_3,FOODS,CA_3,CA,2016-04-02,57,40.0,48.2978,53.91461,62.113808,62.641174
FOODS_CA_3,FOODS,CA_3,CA,2016-04-03,71,86.0,52.13364,59.516003,67.7152,76.04807
FOODS_CA_3,FOODS,CA_3,CA,2016-04-04,40,54.0,46.722782,48.37371,56.57291,64.77182
FOODS_CA_3,FOODS,CA_3,CA,2016-04-05,34,48.0,43.920555,43.607876,51.807076,57.190025
FOODS_CA_3,FOODS,CA_3,CA,2016-04-06,40,42.0,44.030384,44.447243,52.646442,53.121563
FOODS_CA_3,FOODS,CA_3,CA,2016-04-07,28,27.0,41.642338,45.009716,53.208916,53.232002
FOODS_CA_3,FOODS,CA_3,CA,2016-04-08,33,44.0,40.953476,45.027985,53.227184,56.95029
FOODS_CA_3,FOODS,CA_3,CA,2016-04-09,43,57.0,44.826042,51.990063,60.189262,63.613644
FOODS_CA_3,FOODS,CA_3,CA,2016-04-10,85,71.0,46.86731,58.723312,66.92251,76.76893
FOODS_CA_3,FOODS,CA_3,CA,2016-04-11,40,40.0,44.992977,45.05166,53.25086,48.36106
FOODS_CA_3,FOODS,CA_3,CA,2016-04-12,55,34.0,41.94119,39.338184,47.537384,44.764156
FOODS_CA_3,FOODS,CA_3,CA,2016-04-13,28,40.0,41.97214,35.444714,43.643913,44.580345
FOODS_CA_3,FOODS,CA_3,CA,2016-04-14,30,28.0,39.045677,38.59444,46.79364,42.56451
FOODS_CA_3,FOODS,CA_3,CA,2016-04-15,41,33.0,41.440136,39.18638,47.38558,48.31534
FOODS_CA_3,FOODS,CA_3,CA,2016-04-16,34,43.0,48.486572,44.563606,52.762806,54.839375
FOODS_CA_3,FOODS,CA_3,CA,2016-04-17,41,85.0,47.67115,52.296192,60.49539,52.29843
FOODS_CA_3,FOODS,CA_3,CA,2016-04-18,36,40.0,36.23399,35.97238,44.171577,41.396595
FOODS_CA_3,FOODS,CA_3,CA,2016-04-19,46,55.0,35.637997,34.60062,42.79982,38.4497
FOODS_CA_3,FOODS,CA_3,CA,2016-04-20,38,28.0,35.31129,33.863556,42.062756,39.87394
FOODS_CA_3,FOODS,CA_3,CA,2016-04-21,30,30.0,33.783657,33.794506,41.993706,41.342464
FOODS_CA_3,FOODS,CA_3,CA,2016-04-22,28,41.0,35.30554,34.778492,42.97769,44.271748
FOODS_CA_3,FOODS,CA_3,CA,2016-04-23,40,34.0,37.523144,40.836777,49.035976,53.594486
FOODS_CA_3,FOODS,CA_3,CA,2016-04-24,57,41.0,48.681335,50.390854,58.590054,63.5852
FOODS_CA_4,FOODS,CA_4,CA,2016-02-29,13,8.0,7.7848716,8.357876,16.557076,10.432338
FOODS_CA_4,FOODS,CA_4,CA,2016-03-01,12,14.0,8.772849,9.146044,17.345243,12.2102
FOODS_CA_4,FOODS,CA_4,CA,2016-03-02,6,8.0,9.4517,9.230605,17.429804,11.956177
FOODS_CA_4,FOODS,CA_4,CA,2016-03-03,12,4.0,9.102433,9.279494,17.478693,11.306259
FOODS_CA_4,FOODS,CA_4,CA,2016-03-04,10,5.0,8.744053,10.194596,18.393795,13.499592
FOODS_CA_4,FOODS,CA_4,CA,2016-03-05,15,10.0,12.103699,11.539186,19.738384,15.463852
FOODS_CA_4,FOODS,CA_4,CA,2016-03-06,15,13.0,13.795388,12.2236185,20.422817,15.997251
FOODS_CA_4,FOODS,CA_4,CA,2016-03-07,15,13.0,10.814478,11.389884,19.589083,15.903477
FOODS_CA_4,FOODS,CA_4,CA,2016-03-08,16,12.0,11.646792,11.230673,19.429873,14.821376
FOODS_CA_4,FOODS,CA_4,CA,2016-03-09,8,6.0,10.986315,11.451981,19.65118,15.805123
FOODS_CA_4,FOODS,CA_4,CA,2016-03-10,13,12.0,12.122156,12.187935,20.387135,17.143389
FOODS_CA_4,FOODS,CA_4,CA,2016-03-11,10,10.0,11.705714,11.772666,19.971865,16.199015
FOODS_CA_4,FOODS,CA_4,CA,2016-03-12,10,15.0,14.165095,14.096764,22.295963,18.414564
FOODS_CA_4,FOODS,CA_4,CA,2016-03-13,10,15.0,14.612944,13.818753,22.017952,20.148054
FOODS_CA_4,FOODS,CA_4,CA,2016-03-14,10,15.0,10.985231,11.17352,19.372719,14.192856
FOODS_CA_4,FOODS,CA_4,CA,2016-03-15,10,16.0,10.132226,9.127633,17.326832,12.793282
FOODS_CA_4,FOODS,CA_4,CA,2016-03-16,5,8.0,9.712018,9.023676,17.222874,13.38591
FOODS_CA_4,FOODS,CA_4,CA,2016-03-17,6,13.0,9.87653,8.862296,17.061495,11.739669
FOODS_CA_4,FOODS,CA_4,CA,2016-03-18,11,10.0,7.8918657,8.602224,16.801422,11.134475
FOODS_CA_4,FOODS,CA_4,CA,2016-03-19,13,10.0,10.269552,10.949668,19.148867,13.152775
FOODS_CA_4,FOODS,CA_4,CA,2016-03-20,14,10.0,10.829664,10.801324,19.000523,14.542146
FOODS_CA_4,FOODS,CA_4,CA,2016-03-21,7,10.0,8.421695,9.44704,17.646238,13.118824
FOODS_CA_4,FOODS,CA_4,CA,2016-03-22,8,10.0,9.106264,8.819319,17.018518,12.038043
FOODS_CA_4,FOODS,CA_4,CA,2016-03-23,5,5.0,7.2766724,7.8871803,16.086378,10.90359
FOODS_CA_4,FOODS,CA_4,CA,2016-03-24,11,6.0,6.9873357,7.9855447,16.184744,9.467185
FOODS_CA_4,FOODS,CA_4,CA,2016-03-25,9,11.0,7.4245257,9.573759,17.772957,13.972423
FOODS_CA_4,FOODS,CA_4,CA,2016-03-26,12,13.0,10.531009,11.453381,19.65258,14.582854
FOODS_CA_4,FOODS,CA_4,CA,2016-03-27,7,14.0,11.33981,10.890438,19.089636,14.296199
FOODS_CA_4,FOODS,CA_4,CA,2016-03-28,4,7.0,7.768825,8.694451,16.89365,10.551836
FOODS_CA_4,FOODS,CA_4,CA,2016-03-29,6,8.0,7.3325853,7.6178207,15.817019,9.759996
FOODS_CA_4,FOODS,CA_4,CA,2016-03-30,11,5.0,5.800369,7.2388883,15.4380865,9.936553
FOODS_CA_4,FOODS,CA_4,CA,2016-03-31,7,11.0,7.5027156,7.5498257,15.749024,10.267779
FOODS_CA_4,FOODS,CA_4,CA,2016-04-01,7,9.0,8.241416,9.616401,17.8156,12.347395
FOODS_CA_4,FOODS,CA_4,CA,2016-04-02,4,12.0,11.399228,11.192465,19.391665,14.098968
FOODS_CA_4,FOODS,CA_4,CA,2016-04-03,16,7.0,10.601681,10.447003,18.646202,12.854615
FOODS_CA_4,FOODS,CA_4,CA,2016-04-04,14,4.0,8.588606,10.20056,18.39976,13.070415
FOODS_CA_4,FOODS,CA_4,CA,2016-04-05,14,6.0,9.933096,9.795443,17.994642,13.627945
FOODS_CA_4,FOODS,CA_4,CA,2016-04-06,12,11.0,9.323261,9.840053,18.039251,13.530056
FOODS_CA_4,FOODS,CA_4,CA,2016-04-07,16,7.0,10.713159,10.177795,18.376993,13.116405
FOODS_CA_4,FOODS,CA_4,CA,2016-04-08,11,7.0,10.943109,11.97054,20.169739,14.719863
FOODS_CA_4,FOODS,CA_4,CA,2016-04-09,17,4.0,14.031149,13.792854,21.992052,18.299782
FOODS_CA_4,FOODS,CA_4,CA,2016-04-10,13,16.0,15.0107355,16.643984,24.843184,22.316017
FOODS_CA_4,FOODS,CA_4,CA,2016-04-11,11,14.0,11.859117,11.450287,19.649487,17.048063
FOODS_CA_4,FOODS,CA_4,CA,2016-04-12,13,14.0,11.647834,10.406028,18.605227,14.047995
FOODS_CA_4,FOODS,CA_4,CA,2016-04-13,10,12.0,11.054948,10.243345,18.442543,14.45524
FOODS_CA_4,FOODS,CA_4,CA,2016-04-14,13,16.0,10.649683,9.838002,18.0372,14.097393
FOODS_CA_4,FOODS,CA_4,CA,2016-04-15,16,11.0,11.023306,11.018663,19.217861,14.379678
FOODS_CA_4,FOODS,CA_4,CA,2016-04-16,16,17.0,14.024393,14.489333,22.688532,18.089647
FOODS_CA_4,FOODS,CA_4,CA,2016-04-17,19,13.0,14.935123,15.898178,24.097376,19.961517
FOODS_CA_4,FOODS,CA_4,CA,2016-04-18,12,11.0,11.766075,12.139623,20.338821,17.271317
FOODS_CA_4,FOODS,CA_4,CA,2016-04-19,16,13.0,11.987495,11.532111,19.73131,15.906049
FOODS_CA_4,FOODS,CA_4,CA,2016-04-20,8,10.0,11.647741,11.630437,19.829636,16.002441
FOODS_CA_4,FOODS,CA_4,CA,2016-04-21,12,13.0,12.700718,11.94822,20.147419,16.01021
FOODS_CA_4,FOODS,CA_4,CA,2016-04-22,13,16.0,11.756721,12.153131,20.35233,17.587566
FOODS_CA_4,FOODS,CA_4,CA,2016-04-23,15,16.0,14.848424,15.305648,23.504847,19.906273
FOODS_CA_4,FOODS,CA_4,CA,2016-04-24,13,19.0,13.591883,14.861474,23.060673,18.138187
FOODS_TX_1,FOODS,TX_1,TX,2016-02-29,15,18.0,18.678547,17.346186,25.545385,24.72122
FOODS_TX_1,FOODS,TX_1,TX,2016-03-01,28,17.0,16.155262,17.582733,25.78193,25.943707
FOODS_TX_1,FOODS,TX_1,TX,2016-03-02,26,6.0,20.206861,15.077365,23.276564,28.720818
FOODS_TX_1,FOODS,TX_1,TX,2016-03-03,25,23.0,21.391579,21.78882,29.988018,30.131065
FOODS_TX_1,FOODS,TX_1,TX,2016-03-04,20,25.0,20.08538,17.961193,26.16039,26.673243
FOODS_TX_1,FOODS,TX_1,TX,2016-03-05,23,17.0,25.011147,28.617737,36.816936,36.231033
FOODS_TX_1,FOODS,TX_1,TX,2016-03-06,37,25.0,26.211058,30.520346,38.719543,38.166607
FOODS_TX_1,FOODS,TX_1,TX,2016-03-07,22,15.0,21.27674,26.778568,34.977768,38.574543
FOODS_TX_1,FOODS,TX_1,TX,2016-03-08,24,28.0,23.366604,20.466108,28.665306,25.789347
FOODS_TX_1,FOODS,TX_1,TX,2016-03-09,27,26.0,21.829493,24.340357,32.539555,30.822746
FOODS_TX_1,FOODS,TX_1,TX,2016-03-10,13,25.0,23.006317,20.428947,28.628145,24.749292
FOODS_TX_1,FOODS,TX_1,TX,2016-03-11,21,20.0,21.618547,24.812115,33.011314,32.594357
FOODS_TX_1,FOODS,TX_1,TX,2016-03-12,24,23.0,24.38311,29.924374,38.123573,41.193405
FOODS_TX_1,FOODS,TX_1,TX,2016-03-13,30,37.0,24.81894,31.205252,39.40445,40.058975
FOODS_TX_1,FOODS,TX_1,TX,2016-03-14,25,22.0,23.196367,22.437843,30.637041,29.503935
FOODS_TX_1,FOODS,TX_1,TX,2016-03-15,32,24.0,20.97552,24.742092,32.94129,31.765842
FOODS_TX_1,FOODS,TX_1,TX,2016-03-16,25,27.0,21.6964,21.283598,29.482796,24.493958
FOODS_TX_1,FOODS,TX_1,TX,2016-03-17,23,13.0,22.458765,18.469585,26.668783,24.184889
FOODS_TX_1,FOODS,TX_1,TX,2016-03-18,27,21.0,22.042542,23.2901,31.489298,30.714043
FOODS_TX_1,FOODS,TX_1,TX,2016-03-19,21,24.0,27.694796,27.743526,35.942726,34.867073
FOODS_TX_1,FOODS,TX_1,TX,2016-03-20,17,30.0,29.568132,31.417528,39.616726,38.671745
FOODS_TX_1,FOODS,TX_1,TX,2016-03-21,12,25.0,21.849773,21.067928,29.267126,26.386633
FOODS_TX_1,FOODS,TX_1,TX,2016-03-22,9,32.0,20.517475,19.002924,27.202122,22.225882
FOODS_TX_1,FOODS,TX_1,TX,2016-03-23,9,25.0,16.372246,16.295895,24.495094,20.64902
FOODS_TX_1,FOODS,TX_1,TX,2016-03-24,9,23.0,16.410606,14.792273,22.991472,19.091131
FOODS_TX_1,FOODS,TX_1,TX,2016-03-25,23,27.0,15.705945,16.64235,24.841549,23.055775
FOODS_TX_1,FOODS,TX_1,TX,2016-03-26,29,21.0,17.003048,19.27006,27.46926,27.660896
FOODS_TX_1,FOODS,TX_1,TX,2016-03-27,36,17.0,19.628536,19.636436,27.835634,27.553602
FOODS_TX_1,FOODS,TX_1,TX,2016-03-28,19,12.0,16.994438,17.450659,25.649858,23.82553
FOODS_TX_1,FOODS,TX_1,TX,2016-03-29,25,9.0,20.270016,19.052639,27.251837,26.310163
FOODS_TX_1,FOODS,TX_1,TX,2016-03-30,11,9.0,20.999462,20.871277,29.070477,26.168427
FOODS_TX_1,FOODS,TX_1,TX,2016-03-31,12,9.0,21.033396,19.78303,27.98223,25.274164
FOODS_TX_1,FOODS,TX_1,TX,2016-04-01,17,23.0,21.998356,22.876368,31.075567,31.435818
FOODS_TX_1,FOODS,TX_1,TX,2016-04-02,21,29.0,23.737055,24.945734,33.14493,33.361485
FOODS_TX_1,FOODS,TX_1,TX,2016-04-03,25,36.0,24.816166,27.076916,35.276115,40.607044
FOODS_TX_1,FOODS,TX_1,TX,2016-04-04,21,19.0,18.183651,15.555679,23.754877,23.945917
FOODS_TX_1,FOODS,TX_1,TX,2016-04-05,27,25.0,18.586641,18.150362,26.34956,26.531164
FOODS_TX_1,FOODS,TX_1,TX,2016-04-06,28,11.0,19.286024,19.423752,27.622952,29.847267
FOODS_TX_1,FOODS,TX_1,TX,2016-04-07,23,12.0,18.877855,20.140858,28.340057,28.627123
FOODS_TX_1,FOODS,TX_1,TX,2016-04-08,17,17.0,22.244509,21.555208,29.754406,28.957932
FOODS_TX_1,FOODS,TX_1,TX,2016-04-09,23,21.0,25.325434,29.440449,37.63965,38.51623
FOODS_TX_1,FOODS,TX_1,TX,2016-04-10,34,25.0,26.94341,30.33324,38.53244,34.99205
FOODS_TX_1,FOODS,TX_1,TX,2016-04-11,22,21.0,23.390427,25.417921,33.61712,34.789352
FOODS_TX_1,FOODS,TX_1,TX,2016-04-12,27,27.0,25.110126,24.189007,32.388206,32.499195
FOODS_TX_1,FOODS,TX_1,TX,2016-04-13,33,28.0,22.965992,23.758259,31.957458,31.354414
FOODS_TX_1,FOODS,TX_1,TX,2016-04-14,15,23.0,23.248594,19.598318,27.797516,25.155514
FOODS_TX_1,FOODS,TX_1,TX,2016-04-15,28,17.0,23.559689,25.470505,33.669704,33.19474
FOODS_TX_1,FOODS,TX_1,TX,2016-04-16,25,23.0,26.419962,28.505123,36.704323,34.406284
FOODS_TX_1,FOODS,TX_1,TX,2016-04-17,22,34.0,25.794767,28.840141,37.03934,30.78073
FOODS_TX_1,FOODS,TX_1,TX,2016-04-18,36,22.0,20.791037,21.627398,29.826597,25.416645
FOODS_TX_1,FOODS,TX_1,TX,2016-04-19,28,27.0,22.72526,19.872412,28.071611,23.854393
FOODS_TX_1,FOODS,TX_1,TX,2016-04-20,34,33.0,22.436392,20.560865,28.760063,21.814405
FOODS_TX_1,FOODS,TX_1,TX,2016-04-21,14,15.0,22.370348,19.961782,28.16098,24.15914
FOODS_TX_1,FOODS,TX_1,TX,2016-04-22,23,28.0,24.179365,23.618551,31.817749,27.288448
FOODS_TX_1,FOODS,TX_1,TX,2016-04-23,22,25.0,27.426704,30.207777,38.406975,36.04032
FOODS_TX_1,FOODS,TX_1,TX,2016-04-24,26,22.0,29.028444,31.861935,40.061134,39.212135
FOODS_TX_2,FOODS,TX_2,TX,2016-02-29,22,26.0,19.188564,18.708717,26.907915,22.675472
FOODS_TX_2,FOODS,TX_2,TX,2016-03-01,18,10.0,18.68417,20.60015,28.799349,29.463732
FOODS_TX_2,FOODS,TX_2,TX,2016-03-02,11,20.0,19.72918,17.590849,25.790047,22.146265
FOODS_TX_2,FOODS,TX_2,TX,2016-03-03,17,15.0,18.676065,20.337734,28.536932,29.355213
FOODS_TX_2,FOODS,TX_2,TX,2016-03-04,22,13.0,19.913046,19.924362,28.12356,26.808697
FOODS_TX_2,FOODS,TX_2,TX,2016-03-05,34,25.0,24.907902,30.830976,39.030174,38.82596
FOODS_TX_2,FOODS,TX_2,TX,2016-03-06,36,31.0,28.416674,33.339657,41.538857,41.424515
FOODS_TX_2,FOODS,TX_2,TX,2016-03-07,22,22.0,21.062763,24.497553,32.69675,32.771854
FOODS_TX_2,FOODS,TX_2,TX,2016-03-08,27,18.0,20.791407,19.54177,27.740969,24.083607
FOODS_TX_2,FOODS,TX_2,TX,2016-03-09,19,11.0,22.267353,24.333555,32.532753,36.78513
FOODS_TX_2,FOODS,TX_2,TX,2016-03-10,13,17.0,25.340334,21.211037,29.410236,27.45049
FOODS_TX_2,FOODS,TX_2,TX,2016-03-11,20,22.0,24.226973,26.282787,34.481987,35.11598
FOODS_TX_2,FOODS,TX_2,TX,2016-03-12,26,34.0,28.944777,31.560781,39.75998,42.158833
FOODS_TX_2,FOODS,TX_2,TX,2016-03-13,20,36.0,27.211077,31.489769,39.68897,41.90152
FOODS_TX_2,FOODS,TX_2,TX,2016-03-14,22,22.0,21.651012,19.915602,28.114801,25.573183
FOODS_TX_2,FOODS,TX_2,TX,2016-03-15,16,27.0,19.076344,21.113022,29.312222,26.828585
FOODS_TX_2,FOODS,TX_2,TX,2016-03-16,25,19.0,17.11314,16.677275,24.876474,21.120153
FOODS_TX_2,FOODS,TX_2,TX,2016-03-17,30,13.0,20.121635,16.259838,24.459036,21.851812
FOODS_TX_2,FOODS,TX_2,TX,2016-03-18,24,20.0,21.224627,20.896387,29.095585,27.310781
FOODS_TX_2,FOODS,TX_2,TX,2016-03-19,12,26.0,25.345623,25.71846,33.91766,33.502625
FOODS_TX_2,FOODS,TX_2,TX,2016-03-20,20,20.0,27.075823,27.990719,36.18992,33.58545
FOODS_TX_2,FOODS,TX_2,TX,2016-03-21,17,22.0,20.981255,19.395636,27.594835,24.795195
FOODS_TX_2,FOODS,TX_2,TX,2016-03-22,12,16.0,18.230099,15.996454,24.195652,20.957142
FOODS_TX_2,FOODS,TX_2,TX,2016-03-23,10,25.0,18.786098,16.548857,24.748056,21.279238
FOODS_TX_2,FOODS,TX_2,TX,2016-03-24,17,30.0,15.707925,13.685478,21.884676,18.924513
FOODS_TX_2,FOODS,TX_2,TX,2016-03-25,29,24.0,14.512782,15.809327,24.008526,22.471096
FOODS_TX_2,FOODS,TX_2,TX,2016-03-26,24,12.0,19.888767,21.27838,29.47758,27.493738
FOODS_TX_2,FOODS,TX_2,TX,2016-03-27,25,20.0,21.682825,21.377789,29.576988,26.731112
FOODS_TX_2,FOODS,TX_2,TX,2016-03-28,13,17.0,18.139545,17.291973,25.49117,22.505863
FOODS_TX_2,FOODS,TX_2,TX,2016-03-29,19,12.0,16.584316,14.8618355,23.061033,20.432161
FOODS_TX_2,FOODS,TX_2,TX,2016-03-30,15,10.0,16.866533,15.175083,23.37428,20.5456
FOODS_TX_2,FOODS,TX_2,TX,2016-03-31,19,17.0,18.69188,15.526064,23.725262,21.627329
FOODS_TX_2,FOODS,TX_2,TX,2016-04-01,29,29.0,20.408049,19.884903,28.0841,27.634546
FOODS_TX_2,FOODS,TX_2,TX,2016-04-02,38,24.0,23.75446,24.636557,32.835754,29.065842
FOODS_TX_2,FOODS,TX_2,TX,2016-04-03,30,25.0,26.380299,31.72022,39.91942,40.98439
FOODS_TX_2,FOODS,TX_2,TX,2016-04-04,18,13.0,21.894142,21.766146,29.965345,28.003075
FOODS_TX_2,FOODS,TX_2,TX,2016-04-05,18,19.0,22.892895,24.736881,32.93608,34.268906
FOODS_TX_2,FOODS,TX_2,TX,2016-04-06,20,15.0,21.38278,23.878687,32.077885,32.095013
FOODS_TX_2,FOODS,TX_2,TX,2016-04-07,22,19.0,21.466085,24.05578,32.25498,31.665998
FOODS_TX_2,FOODS,TX_2,TX,2016-04-08,16,29.0,23.757103,22.737421,30.936619,28.16506
FOODS_TX_2,FOODS,TX_2,TX,2016-04-09,24,38.0,25.454254,27.91196,36.11116,41.0514
FOODS_TX_2,FOODS,TX_2,TX,2016-04-10,36,30.0,22.811031,24.319162,32.51836,30.578575
FOODS_TX_2,FOODS,TX_2,TX,2016-04-11,27,18.0,20.43793,23.901978,32.101177,31.791779
FOODS_TX_2,FOODS,TX_2,TX,2016-04-12,18,18.0,20.943357,22.588238,30.787437,31.439667
FOODS_TX_2,FOODS,TX_2,TX,2016-04-13,17,20.0,21.851473,23.676111,31.875309,32.246845
FOODS_TX_2,FOODS,TX_2,TX,2016-04-14,21,22.0,22.835327,20.108362,28.30756,26.273949
FOODS_TX_2,FOODS,TX_2,TX,2016-04-15,26,16.0,22.615673,23.853344,32.052544,32.547375
FOODS_TX_2,FOODS,TX_2,TX,2016-04-16,23,24.0,24.80492,27.768736,35.967934,38.39421
FOODS_TX_2,FOODS,TX_2,TX,2016-04-17,26,36.0,25.220568,27.682775,35.881973,35.504173
FOODS_TX_2,FOODS,TX_2,TX,2016-04-18,26,27.0,18.898193,18.179224,26.378422,21.52224
FOODS_TX_2,FOODS,TX_2,TX,2016-04-19,30,18.0,19.228708,17.21583,25.41503,21.284357
FOODS_TX_2,FOODS,TX_2,TX,2016-04-20,14,17.0,20.077171,17.974136,26.173334,23.911896
FOODS_TX_2,FOODS,TX_2,TX,2016-04-21,21,21.0,21.032719,17.900312,26.09951,22.998531
FOODS_TX_2,FOODS,TX_2,TX,2016-04-22,23,26.0,22.697872,21.093834,29.293032,26.250973
FOODS_TX_2,FOODS,TX_2,TX,2016-04-23,12,23.0,24.556719,25.781088,33.980286,33.048897
FOODS_TX_2,FOODS,TX_2,TX,2016-04-24,32,26.0,24.29592,26.101168,34.300365,32.7432
FOODS_TX_3,FOODS,TX_3,TX,2016-02-29,12,15.0,19.617426,18.073837,26.273035,21.738588
FOODS_TX_3,FOODS,TX_3,TX,2016-03-01,22,16.0,18.10409,19.311337,27.510536,27.43511
FOODS_TX_3,FOODS,TX_3,TX,2016-03-02,20,18.0,21.65521,17.3403,25.5395,22.795238
FOODS_TX_3,FOODS,TX_3,TX,2016-03-03,20,10.0,19.484613,20.707249,28.906448,29.380423
FOODS_TX_3,FOODS,TX_3,TX,2016-03-04,25,17.0,21.005709,20.679977,28.879175,25.895868
FOODS_TX_3,FOODS,TX_3,TX,2016-03-05,38,28.0,22.971159,27.007608,35.206806,38.383865
FOODS_TX_3,FOODS,TX_3,TX,2016-03-06,26,29.0,28.138237,34.331043,42.530243,41.94972
FOODS_TX_3,FOODS,TX_3,TX,2016-03-07,19,12.0,21.904943,25.58634,33.785538,35.179256
FOODS_TX_3,FOODS,TX_3,TX,2016-03-08,17,22.0,23.246838,20.13586,28.335058,26.871958
FOODS_TX_3,FOODS,TX_3,TX,2016-03-09,19,20.0,21.992983,23.081331,31.280529,32.828247
FOODS_TX_3,FOODS,TX_3,TX,2016-03-10,21,20.0,23.5211,19.590656,27.789854,26.70259
FOODS_TX_3,FOODS,TX_3,TX,2016-03-11,28,25.0,22.440334,25.179186,33.378384,34.395958
FOODS_TX_3,FOODS,TX_3,TX,2016-03-12,31,38.0,27.38263,32.54499,40.74419,41.432556
FOODS_TX_3,FOODS,TX_3,TX,2016-03-13,11,26.0,25.536692,32.175655,40.374855,40.111828
FOODS_TX_3,FOODS,TX_3,TX,2016-03-14,17,19.0,22.354183,21.033152,29.232351,26.23573
FOODS_TX_3,FOODS,TX_3,TX,2016-03-15,28,17.0,20.798923,21.87328,30.07248,30.415953
FOODS_TX_3,FOODS,TX_3,TX,2016-03-16,23,19.0,20.578928,18.491192,26.690392,23.048517
FOODS_TX_3,FOODS,TX_3,TX,2016-03-17,8,21.0,20.809948,17.147146,25.346344,21.888187
FOODS_TX_3,FOODS,TX_3,TX,2016-03-18,19,28.0,20.540495,19.601494,27.800694,24.579353
FOODS_TX_3,FOODS,TX_3,TX,2016-03-19,28,31.0,23.345428,22.792843,30.992043,30.583805
FOODS_TX_3,FOODS,TX_3,TX,2016-03-20,22,11.0,23.786808,24.686228,32.885426,30.564936
FOODS_TX_3,FOODS,TX_3,TX,2016-03-21,17,17.0,18.730854,17.745552,25.94475,21.39107
FOODS_TX_3,FOODS,TX_3,TX,2016-03-22,22,28.0,18.693462,16.250673,24.449871,19.89441
FOODS_TX_3,FOODS,TX_3,TX,2016-03-23,19,23.0,18.39393,16.553068,24.752266,20.566978
FOODS_TX_3,FOODS,TX_3,TX,2016-03-24,20,8.0,16.60705,15.051787,23.250986,20.131445
FOODS_TX_3,FOODS,TX_3,TX,2016-03-25,8,19.0,19.459698,19.763186,27.962385,23.682718
FOODS_TX_3,FOODS,TX_3,TX,2016-03-26,18,28.0,22.907175,23.047195,31.246393,29.40497
FOODS_TX_3,FOODS,TX_3,TX,2016-03-27,25,22.0,20.40537,19.246344,27.445543,25.958681
FOODS_TX_3,FOODS,TX_3,TX,2016-03-28,20,17.0,15.618198,16.311432,24.510632,21.177887
FOODS_TX_3,FOODS,TX_3,TX,2016-03-29,16,22.0,18.319986,15.777127,23.976326,21.045198
FOODS_TX_3,FOODS,TX_3,TX,2016-03-30,20,19.0,16.852188,14.993988,23.193186,19.991823
FOODS_TX_3,FOODS,TX_3,TX,2016-03-31,14,20.0,15.932217,13.880961,22.08016,20.069845
FOODS_TX_3,FOODS,TX_3,TX,2016-04-01,19,8.0,18.059265,19.91472,28.113918,28.566067
FOODS_TX_3,FOODS,TX_3,TX,2016-04-02,17,18.0,24.254923,24.633413,32.83261,29.961433
FOODS_TX_3,FOODS,TX_3,TX,2016-04-03,29,25.0,21.88354,24.615427,32.814625,35.09136
FOODS_TX_3,FOODS,TX_3,TX,2016-04-04,13,20.0,18.252033,17.217457,25.416656,22.807165
FOODS_TX_3,FOODS,TX_3,TX,2016-04-05,19,16.0,17.6684,18.43446,26.63366,27.182043
FOODS_TX_3,FOODS,TX_3,TX,2016-04-06,13,20.0,18.09393,18.287315,26.486513,26.515545
FOODS_TX_3,FOODS,TX_3,TX,2016-04-07,21,14.0,17.759108,18.472239,26.671438,25.926723
FOODS_TX_3,FOODS,TX_3,TX,2016-04-08,18,19.0,18.671106,17.4125,25.611698,23.765884
FOODS_TX_3,FOODS,TX_3,TX,2016-04-09,29,17.0,22.307919,24.30021,32.49941,33.830322
FOODS_TX_3,FOODS,TX_3,TX,2016-04-10,25,29.0,20.973984,21.671242,29.870441,29.19649
FOODS_TX_3,FOODS,TX_3,TX,2016-04-11,20,13.0,18.56615,19.821611,28.02081,29.336205
FOODS_TX_3,FOODS,TX_3,TX,2016-04-12,32,19.0,20.271933,21.180712,29.379911,28.777693
FOODS_TX_3,FOODS,TX_3,TX,2016-04-13,23,13.0,21.553347,22.773073,30.972271,31.015461
FOODS_TX_3,FOODS,TX_3,TX,2016-04-14,27,21.0,19.83332,18.401503,26.600702,23.838884
FOODS_TX_3,FOODS,TX_3,TX,2016-04-15,23,18.0,22.686047,24.864729,33.063927,31.799109
FOODS_TX_3,FOODS,TX_3,TX,2016-04-16,27,29.0,26.70507,29.03928,37.23848,36.838764
FOODS_TX_3,FOODS,TX_3,TX,2016-04-17,26,25.0,26.30574,27.099466,35.298664,35.73469
FOODS_TX_3,FOODS,TX_3,TX,2016-04-18,23,20.0,21.530245,21.707445,29.906643,26.456337
FOODS_TX_3,FOODS,TX_3,TX,2016-04-19,38,32.0,23.525507,18.429993,26.629192,25.138798
FOODS_TX_3,FOODS,TX_3,TX,2016-04-20,20,23.0,23.236801,19.588827,27.788025,25.019743
FOODS_TX_3,FOODS,TX_3,TX,2016-04-21,19,27.0,23.469828,19.924131,28.12333,25.507877
FOODS_TX_3,FOODS,TX_3,TX,2016-04-22,33,23.0,20.655245,22.527534,30.726732,28.01226
FOODS_TX_3,FOODS,TX_3,TX,2016-04-23,20,27.0,26.59603,27.124317,35.323517,34.828228
FOODS_TX_3,FOODS,TX_3,TX,2016-04-24,39,26.0,26.629538,28.48067,36.679867,35.27907
FOODS_WI_1,FOODS,WI_1,WI,2016-02-29,22,17.0,25.138674,24.97116,33.170357,33.695915
FOODS_WI_1,FOODS,WI_1,WI,2016-03-01,27,9.0,21.88384,20.820324,29.019522,29.93647
FOODS_WI_1,FOODS,WI_1,WI,2016-03-02,22,30.0,26.54561,27.367695,35.566895,33.174923
FOODS_WI_1,FOODS,WI_1,WI,2016-03-03,21,15.0,22.967993,26.722637,34.921837,32.6853
FOODS_WI_1,FOODS,WI_1,WI,2016-03-04,20,15.0,26.784605,27.830107,36.029305,32.738194
FOODS_WI_1,FOODS,WI_1,WI,2016-03-05,28,39.0,31.914412,38.534138,46.733337,44.101536
FOODS_WI_1,FOODS,WI_1,WI,2016-03-06,46,42.0,29.399328,35.699837,43.899036,44.788155
FOODS_WI_1,FOODS,WI_1,WI,2016-03-07,25,22.0,25.17684,24.463625,32.662823,29.836937
FOODS_WI_1,FOODS,WI_1,WI,2016-03-08,17,27.0,24.507235,26.290047,34.489246,33.258812
FOODS_WI_1,FOODS,WI_1,WI,2016-03-09,23,22.0,25.082176,27.470083,35.66928,34.906376
FOODS_WI_1,FOODS,WI_1,WI,2016-03-10,12,21.0,23.898748,21.281736,29.480934,27.222012
FOODS_WI_1,FOODS,WI_1,WI,2016-03-11,17,20.0,24.555206,30.023,38.2222,37.700455
FOODS_WI_1,FOODS,WI_1,WI,2016-03-12,26,28.0,27.566916,32.742252,40.941452,45.009468
FOODS_WI_1,FOODS,WI_1,WI,2016-03-13,35,46.0,30.736244,29.81459,38.01379,36.942574
FOODS_WI_1,FOODS,WI_1,WI,2016-03-14,24,25.0,23.888254,25.433254,33.632454,37.157307
FOODS_WI_1,FOODS,WI_1,WI,2016-03-15,20,17.0,21.941011,23.494556,31.693754,32.48631
FOODS_WI_1,FOODS,WI_1,WI,2016-03-16,18,23.0,21.522055,20.037237,28.236435,23.831518
FOODS_WI_1,FOODS,WI_1,WI,2016-03-17,23,12.0,20.562807,16.973927,25.173126,23.298492
FOODS_WI_1,FOODS,WI_1,WI,2016-03-18,28,17.0,23.656609,23.318422,31.51762,30.238691
FOODS_WI_1,FOODS,WI_1,WI,2016-03-19,22,26.0,28.177717,30.076351,38.27555,38.143566
FOODS_WI_1,FOODS,WI_1,WI,2016-03-20,23,35.0,30.207062,31.04895,39.24815,40.784973
FOODS_WI_1,FOODS,WI_1,WI,2016-03-21,22,24.0,20.564657,19.621841,27.82104,25.340282
FOODS_WI_1,FOODS,WI_1,WI,2016-03-22,14,20.0,18.393929,17.389927,25.589127,20.91918
FOODS_WI_1,FOODS,WI_1,WI,2016-03-23,21,18.0,21.456192,18.978483,27.177681,21.861292
FOODS_WI_1,FOODS,WI_1,WI,2016-03-24,21,23.0,17.955275,15.822945,24.022144,21.613647
FOODS_WI_1,FOODS,WI_1,WI,2016-03-25,25,28.0,18.322397,20.924421,29.12362,25.368624
FOODS_WI_1,FOODS,WI_1,WI,2016-03-26,36,22.0,24.939943,26.376602,34.5758,31.43217
FOODS_WI_1,FOODS,WI_1,WI,2016-03-27,32,23.0,27.635809,28.704432,36.90363,37.103596
FOODS_WI_1,FOODS,WI_1,WI,2016-03-28,14,22.0,21.841951,21.523853,29.723051,30.226664
FOODS_WI_1,FOODS,WI_1,WI,2016-03-29,21,14.0,21.888613,20.151447,28.350645,27.695906
FOODS_WI_1,FOODS,WI_1,WI,2016-03-30,14,21.0,21.644835,19.467228,27.666426,26.667017
FOODS_WI_1,FOODS,WI_1,WI,2016-03-31,20,21.0,20.978811,18.777111,26.976309,25.00236
FOODS_WI_1,FOODS,WI_1,WI,2016-04-01,18,25.0,21.474617,22.15935,30.35855,28.558912
FOODS_WI_1,FOODS,WI_1,WI,2016-04-02,31,36.0,24.869627,31.043375,39.242573,40.77384
FOODS_WI_1,FOODS,WI_1,WI,2016-04-03,44,32.0,27.304182,29.58192,37.78112,40.10116
FOODS_WI_1,FOODS,WI_1,WI,2016-04-04,13,14.0,22.706182,24.192144,32.391342,30.39959
FOODS_WI_1,FOODS,WI_1,WI,2016-04-05,22,21.0,20.80681,23.825388,32.024586,33.841362
FOODS_WI_1,FOODS,WI_1,WI,2016-04-06,18,14.0,22.174606,26.261383,34.460583,35.12204
FOODS_WI_1,FOODS,WI_1,WI,2016-04-07,29,20.0,21.01661,19.882795,28.081993,25.570168
FOODS_WI_1,FOODS,WI_1,WI,2016-04-08,28,18.0,23.05916,28.832314,37.031513,35.237663
FOODS_WI_1,FOODS,WI_1,WI,2016-04-09,39,31.0,28.96203,36.27436,44.47356,46.77015
FOODS_WI_1,FOODS,WI_1,WI,2016-04-10,47,44.0,30.914522,33.136456,41.335655,39.01474
FOODS_WI_1,FOODS,WI_1,WI,2016-04-11,17,13.0,25.644333,29.702957,37.902157,41.85881
FOODS_WI_1,FOODS,WI_1,WI,2016-04-12,17,22.0,25.961939,26.879974,35.079174,35.88901
FOODS_WI_1,FOODS,WI_1,WI,2016-04-13,22,18.0,24.54295,23.089378,31.288576,27.316671
FOODS_WI_1,FOODS,WI_1,WI,2016-04-14,23,29.0,26.281216,26.654802,34.854,36.798782
FOODS_WI_1,FOODS,WI_1,WI,2016-04-15,20,28.0,26.287462,27.877966,36.077164,37.30174
FOODS_WI_1,FOODS,WI_1,WI,2016-04-16,19,39.0,27.838743,29.301651,37.50085,35.90174
FOODS_WI_1,FOODS,WI_1,WI,2016-04-17,41,47.0,26.664066,28.544748,36.743946,36.234856
FOODS_WI_1,FOODS,WI_1,WI,2016-04-18,26,17.0,20.772305,20.63486,28.834059,27.592075
FOODS_WI_1,FOODS,WI_1,WI,2016-04-19,32,17.0,21.149973,19.203531,27.402729,25.339472
FOODS_WI_1,FOODS,WI_1,WI,2016-04-20,22,22.0,23.425531,19.952837,28.152035,25.319246
FOODS_WI_1,FOODS,WI_1,WI,2016-04-21,23,23.0,24.305,19.673409,27.872608,24.456167
FOODS_WI_1,FOODS,WI_1,WI,2016-04-22,23,20.0,24.854366,24.008389,32.20759,28.698809
FOODS_WI_1,FOODS,WI_1,WI,2016-04-23,29,19.0,30.140383,32.541847,40.741047,39.820908
FOODS_WI_1,FOODS,WI_1,WI,2016-04-24,26,41.0,31.131435,35.656586,43.855785,43.692562
FOODS_WI_2,FOODS,WI_2,WI,2016-02-29,61,34.0,43.8054,42.077698,50.276897,47.287697
FOODS_WI_2,FOODS,WI_2,WI,2016-03-01,39,32.0,50.57025,42.990673,51.189873,57.73523
FOODS_WI_2,FOODS,WI_2,WI,2016-03-02,55,31.0,49.262314,48.101128,56.300327,68.545784
FOODS_WI_2,FOODS,WI_2,WI,2016-03-03,86,36.0,46.411247,51.662613,59.861813,70.09783
FOODS_WI_2,FOODS,WI_2,WI,2016-03-04,53,33.0,57.473427,52.187176,60.386375,58.216568
FOODS_WI_2,FOODS,WI_2,WI,2016-03-05,128,53.0,71.75102,69.531906,77.7311,101.66213
FOODS_WI_2,FOODS,WI_2,WI,2016-03-06,61,80.0,74.48821,99.63649,107.835686,127.0046
FOODS_WI_2,FOODS,WI_2,WI,2016-03-07,76,61.0,60.74163,58.054306,66.2535,72.049194
FOODS_WI_2,FOODS,WI_2,WI,2016-03-08,79,39.0,71.66211,69.44245,77.64165,85.5341
FOODS_WI_2,FOODS,WI_2,WI,2016-03-09,70,55.0,64.04542,71.99671,80.19591,80.86847
FOODS_WI_2,FOODS,WI_2,WI,2016-03-10,30,86.0,70.18588,57.46295,65.66215,70.38118
FOODS_WI_2,FOODS,WI_2,WI,2016-03-11,62,53.0,79.45477,80.16825,88.36745,96.74684
FOODS_WI_2,FOODS,WI_2,WI,2016-03-12,81,128.0,72.732956,87.81109,96.01029,109.59469
FOODS_WI_2,FOODS,WI_2,WI,2016-03-13,50,61.0,76.40972,81.16642,89.365616,106.43838
FOODS_WI_2,FOODS,WI_2,WI,2016-03-14,37,76.0,60.614864,66.73139,74.93059,84.642586
FOODS_WI_2,FOODS,WI_2,WI,2016-03-15,46,79.0,57.57651,63.945965,72.145164,85.37065
FOODS_WI_2,FOODS,WI_2,WI,2016-03-16,59,70.0,48.370502,48.814484,57.013683,57.347767
FOODS_WI_2,FOODS,WI_2,WI,2016-03-17,31,30.0,49.201492,50.40724,58.606438,55.36102
FOODS_WI_2,FOODS,WI_2,WI,2016-03-18,42,62.0,51.605133,49.770996,57.970196,56.631042
FOODS_WI_2,FOODS,WI_2,WI,2016-03-19,38,81.0,56.554745,55.003616,63.202816,77.57234
FOODS_WI_2,FOODS,WI_2,WI,2016-03-20,43,50.0,47.897587,54.287426,62.486626,66.879425
FOODS_WI_2,FOODS,WI_2,WI,2016-03-21,37,37.0,41.585842,44.405254,52.604454,50.130802
FOODS_WI_2,FOODS,WI_2,WI,2016-03-22,23,46.0,41.45393,43.312305,51.511505,53.631634
FOODS_WI_2,FOODS,WI_2,WI,2016-03-23,35,59.0,38.10467,41.35636,49.555557,47.638454
FOODS_WI_2,FOODS,WI_2,WI,2016-03-24,36,31.0,32.645138,31.407932,39.607132,45.0801
FOODS_WI_2,FOODS,WI_2,WI,2016-03-25,45,42.0,35.21983,38.831764,47.030964,48.43512
FOODS_WI_2,FOODS,WI_2,WI,2016-03-26,60,38.0,42.62851,49.937927,58.137127,58.15196
FOODS_WI_2,FOODS,WI_2,WI,2016-03-27,47,43.0,46.92634,49.425327,57.624527,64.83155
FOODS_WI_2,FOODS,WI_2,WI,2016-03-28,20,37.0,40.63422,39.960026,48.159225,51.808975
FOODS_WI_2,FOODS,WI_2,WI,2016-03-29,21,23.0,36.50003,36.511467,44.710667,47.729126
FOODS_WI_2,FOODS,WI_2,WI,2016-03-30,27,35.0,39.672497,39.962208,48.161407,47.582302
FOODS_WI_2,FOODS,WI_2,WI,2016-03-31,23,36.0,41.77257,36.499752,44.69895,53.81076
FOODS_WI_2,FOODS,WI_2,WI,2016-04-01,52,45.0,36.352898,36.062134,44.261333,46.262695
FOODS_WI_2,FOODS,WI_2,WI,2016-04-02,94,60.0,52.175087,52.333008,60.532207,73.37044
FOODS_WI_2,FOODS,WI_2,WI,2016-04-03,69,47.0,45.906006,62.94773,71.14693,65.10402
FOODS_WI_2,FOODS,WI_2,WI,2016-04-04,43,20.0,47.840446,54.880455,63.079655,55.759636
FOODS_WI_2,FOODS,WI_2,WI,2016-04-05,54,21.0,49.73495,59.200737,67.39993,63.021446
FOODS_WI_2,FOODS,WI_2,WI,2016-04-06,70,27.0,52.465755,65.002525,73.20172,71.474495
FOODS_WI_2,FOODS,WI_2,WI,2016-04-07,41,23.0,50.92254,47.076504,55.275703,53.594643
FOODS_WI_2,FOODS,WI_2,WI,2016-04-08,62,52.0,58.466618,66.177025,74.37622,71.12791
FOODS_WI_2,FOODS,WI_2,WI,2016-04-09,99,94.0,66.21416,88.43137,96.63057,106.56696
FOODS_WI_2,FOODS,WI_2,WI,2016-04-10,45,69.0,60.700344,66.49114,74.69034,75.358604
FOODS_WI_2,FOODS,WI_2,WI,2016-04-11,73,43.0,51.51615,62.26123,70.46043,71.2142
FOODS_WI_2,FOODS,WI_2,WI,2016-04-12,65,54.0,56.25758,65.12868,73.32788,77.869804
FOODS_WI_2,FOODS,WI_2,WI,2016-04-13,31,70.0,59.905983,48.42956,56.628757,61.7468
FOODS_WI_2,FOODS,WI_2,WI,2016-04-14,48,41.0,51.178265,60.900654,69.09985,70.18122
FOODS_WI_2,FOODS,WI_2,WI,2016-04-15,68,62.0,55.860172,65.19311,73.39231,79.82859
FOODS_WI_2,FOODS,WI_2,WI,2016-04-16,58,99.0,61.471306,82.70919,90.90839,87.96578
FOODS_WI_2,FOODS,WI_2,WI,2016-04-17,36,45.0,55.59817,56.334457,64.53365,71.80097
FOODS_WI_2,FOODS,WI_2,WI,2016-04-18,46,73.0,49.24276,44.30538,52.504578,50.901794
FOODS_WI_2,FOODS,WI_2,WI,2016-04-19,36,65.0,44.653683,41.07749,49.276688,54.149864
FOODS_WI_2,FOODS,WI_2,WI,2016-04-20,43,31.0,44.543877,39.4491,47.6483,50.19446
FOODS_WI_2,FOODS,WI_2,WI,2016-04-21,22,48.0,43.666214,40.403954,48.603153,53.178974
FOODS_WI_2,FOODS,WI_2,WI,2016-04-22,22,68.0,44.129616,38.45497,46.654167,50.26082
FOODS_WI_2,FOODS,WI_2,WI,2016-04-23,68,58.0,46.65018,50.666245,58.865444,63.735916
FOODS_WI_2,FOODS,WI_2,WI,2016-04-24,44,36.0,41.525352,49.64373,57.84293,60.744804
FOODS_WI_3,FOODS,WI_3,WI,2016-02-29,20,18.0,23.886927,21.557135,29.756334,31.6711
FOODS_WI_3,FOODS,WI_3,WI,2016-03-01,24,12.0,20.942362,20.065655,28.264854,27.166452
FOODS_WI_3,FOODS,WI_3,WI,2016-03-02,49,22.0,23.362097,25.740639,33.93984,34.28955
FOODS_WI_3,FOODS,WI_3,WI,2016-03-03,29,23.0,23.825209,27.337236,35.536434,34.883686
FOODS_WI_3,FOODS,WI_3,WI,2016-03-04,30,17.0,26.314135,26.069462,34.26866,30.54177
FOODS_WI_3,FOODS,WI_3,WI,2016-03-05,51,36.0,33.519352,40.88849,49.08769,47.13468
FOODS_WI_3,FOODS,WI_3,WI,2016-03-06,47,31.0,34.082314,41.55443,49.753628,55.70504
FOODS_WI_3,FOODS,WI_3,WI,2016-03-07,38,20.0,30.129892,30.342209,38.54141,37.851757
FOODS_WI_3,FOODS,WI_3,WI,2016-03-08,48,24.0,33.800625,33.502697,41.701897,41.538425
FOODS_WI_3,FOODS,WI_3,WI,2016-03-09,31,49.0,36.328236,33.93816,42.13736,46.36888
FOODS_WI_3,FOODS,WI_3,WI,2016-03-10,18,29.0,37.260353,31.784552,39.98375,36.93023
FOODS_WI_3,FOODS,WI_3,WI,2016-03-11,32,30.0,34.95186,37.826656,46.025856,44.88914
FOODS_WI_3,FOODS,WI_3,WI,2016-03-12,28,51.0,39.537144,42.87664,51.07584,54.465305
FOODS_WI_3,FOODS,WI_3,WI,2016-03-13,53,47.0,37.24109,37.72394,45.923138,49.64211
FOODS_WI_3,FOODS,WI_3,WI,2016-03-14,22,38.0,36.4889,34.885647,43.084846,45.38603
FOODS_WI_3,FOODS,WI_3,WI,2016-03-15,37,48.0,30.039047,30.666195,38.865395,45.952606
FOODS_WI_3,FOODS,WI_3,WI,2016-03-16,20,31.0,29.565405,26.179438,34.378635,31.989716
FOODS_WI_3,FOODS,WI_3,WI,2016-03-17,9,18.0,26.60456,22.13957,30.338768,29.567541
FOODS_WI_3,FOODS,WI_3,WI,2016-03-18,23,32.0,27.925144,24.28918,32.48838,31.969265
FOODS_WI_3,FOODS,WI_3,WI,2016-03-19,35,28.0,31.073328,28.766544,36.965744,38.81257
FOODS_WI_3,FOODS,WI_3,WI,2016-03-20,24,53.0,31.22138,26.429567,34.628765,38.18907
FOODS_WI_3,FOODS,WI_3,WI,2016-03-21,23,22.0,23.26744,22.641447,30.840645,30.834753
FOODS_WI_3,FOODS,WI_3,WI,2016-03-22,22,37.0,23.151798,19.8957,28.094898,27.294775
FOODS_WI_3,FOODS,WI_3,WI,2016-03-23,20,20.0,21.489328,20.665516,28.864716,22.981298
FOODS_WI_3,FOODS,WI_3,WI,2016-03-24,18,9.0,20.123508,20.333553,28.532751,23.231966
FOODS_WI_3,FOODS,WI_3,WI,2016-03-25,27,23.0,21.203775,23.599691,31.79889,30.206593
FOODS_WI_3,FOODS,WI_3,WI,2016-03-26,41,35.0,26.833776,31.229883,39.42908,38.765545
FOODS_WI_3,FOODS,WI_3,WI,2016-03-27,28,24.0,28.494923,30.214346,38.413544,39.378834
FOODS_WI_3,FOODS,WI_3,WI,2016-03-28,33,23.0,22.068678,23.073845,31.273045,31.557575
FOODS_WI_3,FOODS,WI_3,WI,2016-03-29,19,22.0,25.323414,20.899006,29.098206,30.11644
FOODS_WI_3,FOODS,WI_3,WI,2016-03-30,26,20.0,27.553717,24.074352,32.273552,31.620646
FOODS_WI_3,FOODS,WI_3,WI,2016-03-31,21,18.0,24.10495,21.264408,29.463606,29.384386
FOODS_WI_3,FOODS,WI_3,WI,2016-04-01,47,27.0,26.044548,25.629637,33.828835,33.703453
FOODS_WI_3,FOODS,WI_3,WI,2016-04-02,47,41.0,36.050064,44.463768,52.662968,47.32511
FOODS_WI_3,FOODS,WI_3,WI,2016-04-03,46,28.0,35.32532,45.613697,53.812897,52.064228
FOODS_WI_3,FOODS,WI_3,WI,2016-04-04,37,33.0,33.30086,29.595242,37.79444,37.58336
FOODS_WI_3,FOODS,WI_3,WI,2016-04-05,40,19.0,35.209385,38.626663,46.825863,42.019386
FOODS_WI_3,FOODS,WI_3,WI,2016-04-06,33,26.0,34.51653,35.14279,43.341988,43.198074
FOODS_WI_3,FOODS,WI_3,WI,2016-04-07,27,21.0,33.037193,27.927246,36.126446,36.37622
FOODS_WI_3,FOODS,WI_3,WI,2016-04-08,40,47.0,36.440437,37.1503,45.3495,45.821156
FOODS_WI_3,FOODS,WI_3,WI,2016-04-09,54,47.0,38.625633,44.29831,52.49751,56.094887
FOODS_WI_3,FOODS,WI_3,WI,2016-04-10,48,46.0,42.25628,44.614586,52.813786,55.537117
FOODS_WI_3,FOODS,WI_3,WI,2016-04-11,31,37.0,35.484097,36.557583,44.756783,47.636375
FOODS_WI_3,FOODS,WI_3,WI,2016-04-12,34,40.0,36.19669,36.131313,44.330513,43.986546
FOODS_WI_3,FOODS,WI_3,WI,2016-04-13,33,33.0,33.183113,28.950575,37.149773,36.610825
FOODS_WI_3,FOODS,WI_3,WI,2016-04-14,31,27.0,31.221874,33.466366,41.665565,41.586376
FOODS_WI_3,FOODS,WI_3,WI,2016-04-15,37,40.0,35.822475,37.251575,45.450775,46.53556
FOODS_WI_3,FOODS,WI_3,WI,2016-04-16,44,54.0,39.75634,41.735878,49.935078,52.66864
FOODS_WI_3,FOODS,WI_3,WI,2016-04-17,52,48.0,36.681503,39.519897,47.719097,54.879852
FOODS_WI_3,FOODS,WI_3,WI,2016-04-18,28,31.0,33.67632,31.083145,39.282345,42.017387
FOODS_WI_3,FOODS,WI_3,WI,2016-04-19,33,34.0,33.453903,27.952568,36.151768,39.403606
FOODS_WI_3,FOODS,WI_3,WI,2016-04-20,22,33.0,32.433437,28.789375,36.988575,37.17051
FOODS_WI_3,FOODS,WI_3,WI,2016-04-21,14,31.0,30.394363,27.117485,35.316685,34.8258
FOODS_WI_3,FOODS,WI_3,WI,2016-04-22,23,37.0,31.301205,27.847027,36.046227,37.07006
FOODS_WI_3,FOODS,WI_3,WI,2016-04-23,32,44.0,35.46718,35.604374,43.803574,46.07478
FOODS_WI_3,FOODS,WI_3,WI,2016-04-24,26,52.0,31.397404,34.196033,42.395233,45.12102
HOBBIES_CA_1,HOBBIES,CA_1,CA,2016-02-29,1,3.0,2.522657,3.9109428,3.9109428,3.6219969
HOBBIES_CA_1,HOBBIES,CA_1,CA,2016-03-01,1,3.0,3.7705073,4.0624633,4.0624633,3.6363144
HOBBIES_CA_1,HOBBIES,CA_1,CA,2016-03-02,4,3.0,3.768132,4.0377054,4.0377054,3.515007
HOBBIES_CA_1,HOBBIES,CA_1,CA,2016-03-03,3,7.0,4.3726387,4.258736,4.258736,3.7655327
HOBBIES_CA_1,HOBBIES,CA_1,CA,2016-03-04,3,7.0,4.0246325,4.763918,4.763918,4.485952
HOBBIES_CA_1,HOBBIES,CA_1,CA,2016-03-05,5,8.0,7.352774,5.378411,5.378411,5.269047
HOBBIES_CA_1,HOBBIES,CA_1,CA,2016-03-06,4,3.0,4.9440255,4.550247,4.550247,3.712614
HOBBIES_CA_1,HOBBIES,CA_1,CA,2016-03-07,3,1.0,2.528958,3.4397933,3.4397933,2.961308
HOBBIES_CA_1,HOBBIES,CA_1,CA,2016-03-08,0,1.0,3.2238925,3.453225,3.453225,3.0750675
HOBBIES_CA_1,HOBBIES,CA_1,CA,2016-03-09,3,4.0,2.698331,3.407367,3.407367,3.0484667
HOBBIES_CA_1,HOBBIES,CA_1,CA,2016-03-10,3,3.0,3.5527465,3.476607,3.476607,3.0705595
HOBBIES_CA_1,HOBBIES,CA_1,CA,2016-03-11,4,3.0,2.8362937,3.8493273,3.8493273,3.5576549
HOBBIES_CA_1,HOBBIES,CA_1,CA,2016-03-12,9,5.0,5.624579,4.701053,4.701053,4.2547116
HOBBIES_CA_1,HOBBIES,CA_1,CA,2016-03-13,3,4.0,5.4955993,4.704735,4.704735,4.0480824
HOBBIES_CA_1,HOBBIES,CA_1,CA,2016-03-14,6,3.0,2.334165,3.6495779,3.6495779,3.2945936
HOBBIES_CA_1,HOBBIES,CA_1,CA,2016-03-15,7,0.0,2.9412906,3.8131719,3.8131719,3.7047412
HOBBIES_CA_1,HOBBIES,CA_1,CA,2016-03-16,2,3.0,4.814616,3.9647052,3.9647052,3.9809816
HOBBIES_CA_1,HOBBIES,CA_1,CA,2016-03-17,5,3.0,4.2910867,3.825936,3.825936,3.8365185
HOBBIES_CA_1,HOBBIES,CA_1,CA,2016-03-18,8,4.0,4.5039086,4.4628263,4.4628263,4.3772693
HOBBIES_CA_1,HOBBIES,CA_1,CA,2016-03-19,7,9.0,7.6517215,5.474089,5.474089,5.3785634
HOBBIES_CA_1,HOBBIES,CA_1,CA,2016-03-20,3,3.0,6.2481017,5.052017,5.052017,4.552787
HOBBIES_CA_1,HOBBIES,CA_1,CA,2016-03-21,6,6.0,3.3593838,3.9166102,3.9166102,3.5882096
HOBBIES_CA_1,HOBBIES,CA_1,CA,2016-03-22,1,7.0,3.0869076,3.9514198,3.9514198,3.8673859
HOBBIES_CA_1,HOBBIES,CA_1,CA,2016-03-23,1,2.0,2.6341593,3.7130828,3.7130828,3.4643126
HOBBIES_CA_1,HOBBIES,CA_1,CA,2016-03-24,3,5.0,3.1413336,3.7215781,3.7215781,3.300027
HOBBIES_CA_1,HOBBIES,CA_1,CA,2016-03-25,4,8.0,2.991395,4.1080503,4.1080503,3.795136
HOBBIES_CA_1,HOBBIES,CA_1,CA,2016-03-26,8,7.0,5.60162,4.8876834,4.8876834,4.6655674
HOBBIES_CA_1,HOBBIES,CA_1,CA,2016-03-27,2,3.0,4.9102983,4.0198236,4.0198236,4.3087935
HOBBIES_CA_1,HOBBIES,CA_1,CA,2016-03-28,2,6.0,1.9284146,3.5893846,3.5893846,3.1316094
HOBBIES_CA_1,HOBBIES,CA_1,CA,2016-03-29,3,1.0,1.5686725,3.3915672,3.3915672,3.0161228
HOBBIES_CA_1,HOBBIES,CA_1,CA,2016-03-30,7,1.0,1.8841995,3.3345954,3.3345954,3.2236862
HOBBIES_CA_1,HOBBIES,CA_1,CA,2016-03-31,1,3.0,2.630592,3.5865102,3.5865102,3.28511
HOBBIES_CA_1,HOBBIES,CA_1,CA,2016-04-01,6,4.0,3.786584,4.189214,4.189214,3.836287
HOBBIES_CA_1,HOBBIES,CA_1,CA,2016-04-02,3,8.0,6.6891665,5.0887117,5.0887117,4.621723
HOBBIES_CA_1,HOBBIES,CA_1,CA,2016-04-03,3,2.0,5.659607,4.6933136,4.6933136,4.1402693
HOBBIES_CA_1,HOBBIES,CA_1,CA,2016-04-04,2,2.0,3.302326,3.7209895,3.7209895,3.2016187
HOBBIES_CA_1,HOBBIES,CA_1,CA,2016-04-05,6,3.0,2.4522486,3.4806092,3.4806092,3.093722
HOBBIES_CA_1,HOBBIES,CA_1,CA,2016-04-06,1,7.0,3.28622,3.7834926,3.7834926,3.554479
HOBBIES_CA_1,HOBBIES,CA_1,CA,2016-04-07,3,1.0,2.7887897,3.6686745,3.6686745,3.248332
HOBBIES_CA_1,HOBBIES,CA_1,CA,2016-04-08,2,6.0,3.1495821,4.238667,4.238667,3.9849539
HOBBIES_CA_1,HOBBIES,CA_1,CA,2016-04-09,6,3.0,6.29961,4.904472,4.904472,4.183883
HOBBIES_CA_1,HOBBIES,CA_1,CA,2016-04-10,6,3.0,5.2410936,4.6933136,4.6933136,4.0883474
HOBBIES_CA_1,HOBBIES,CA_1,CA,2016-04-11,2,2.0,3.4689,3.5317895,3.5317895,3.0326838
HOBBIES_CA_1,HOBBIES,CA_1,CA,2016-04-12,5,6.0,3.6558237,3.4387379,3.4387379,3.1174355
HOBBIES_CA_1,HOBBIES,CA_1,CA,2016-04-13,5,1.0,2.9845486,3.4628308,3.4628308,3.136622
HOBBIES_CA_1,HOBBIES,CA_1,CA,2016-04-14,3,3.0,3.3641264,3.4140203,3.4140203,3.2076993
HOBBIES_CA_1,HOBBIES,CA_1,CA,2016-04-15,1,2.0,4.150194,4.1621084,4.1621084,3.8899858
HOBBIES_CA_1,HOBBIES,CA_1,CA,2016-04-16,3,6.0,6.0429325,4.616288,4.616288,4.4538183
HOBBIES_CA_1,HOBBIES,CA_1,CA,2016-04-17,3,6.0,5.019075,4.0540147,4.0540147,3.5604205
HOBBIES_CA_1,HOBBIES,CA_1,CA,2016-04-18,2,2.0,2.5028355,2.9975996,2.9975996,3.0060332
HOBBIES_CA_1,HOBBIES,CA_1,CA,2016-04-19,3,5.0,1.9797413,2.9232035,2.9232035,2.7601244
HOBBIES_CA_1,HOBBIES,CA_1,CA,2016-04-20,1,5.0,1.322836,2.894936,2.894936,2.6431854
HOBBIES_CA_1,HOBBIES,CA_1,CA,2016-04-21,5,3.0,1.3400384,2.7740037,2.7740037,2.7130227
HOBBIES_CA_1,HOBBIES,CA_1,CA,2016-04-22,8,1.0,1.6060061,3.3825772,3.3825772,3.1145968
HOBBIES_CA_1,HOBBIES,CA_1,CA,2016-04-23,6,3.0,5.711971,4.7094817,4.7094817,4.45005
HOBBIES_CA_1,HOBBIES,CA_1,CA,2016-04-24,5,3.0,5.0627604,4.426717,4.426717,3.9948735
HOBBIES_CA_2,HOBBIES,CA_2,CA,2016-02-29,4,2.0,2.3073618,2.9744446,2.9744446,2.6527867
HOBBIES_CA_2,HOBBIES,CA_2,CA,2016-03-01,2,3.0,3.1644878,3.0648322,3.0648322,2.760156
HOBBIES_CA_2,HOBBIES,CA_2,CA,2016-03-02,3,4.0,3.5245857,3.135772,3.135772,2.8481095
HOBBIES_CA_2,HOBBIES,CA_2,CA,2016-03-03,2,3.0,3.7418535,3.1050792,3.1050792,2.7888942
HOBBIES_CA_2,HOBBIES,CA_2,CA,2016-03-04,4,2.0,3.7744439,3.6254408,3.6254408,2.8737245
HOBBIES_CA_2,HOBBIES,CA_2,CA,2016-03-05,6,9.0,5.639992,3.885377,3.885377,3.4363785
HOBBIES_CA_2,HOBBIES,CA_2,CA,2016-03-06,2,5.0,5.402164,3.8981247,3.8981247,3.3417897
HOBBIES_CA_2,HOBBIES,CA_2,CA,2016-03-07,3,4.0,2.0149846,2.846008,2.846008,2.5633855
HOBBIES_CA_2,HOBBIES,CA_2,CA,2016-03-08,5,2.0,2.475426,3.0609374,3.0609374,2.8800383
HOBBIES_CA_2,HOBBIES,CA_2,CA,2016-03-09,0,3.0,3.064549,3.3601449,3.3601449,3.0704494
HOBBIES_CA_2,HOBBIES,CA_2,CA,2016-03-10,4,2.0,3.0342734,3.290971,3.290971,3.06276
HOBBIES_CA_2,HOBBIES,CA_2,CA,2016-03-11,2,4.0,2.6335285,3.7440197,3.7440197,3.4631267
HOBBIES_CA_2,HOBBIES,CA_2,CA,2016-03-12,8,6.0,5.540419,4.476078,4.476078,4.116644
HOBBIES_CA_2,HOBBIES,CA_2,CA,2016-03-13,2,2.0,6.5686955,4.618975,4.618975,3.9268591
HOBBIES_CA_2,HOBBIES,CA_2,CA,2016-03-14,1,3.0,3.0886865,3.1006718,3.1006718,2.868859
HOBBIES_CA_2,HOBBIES,CA_2,CA,2016-03-15,7,5.0,2.3756287,2.9316041,2.9316041,2.702022
HOBBIES_CA_2,HOBBIES,CA_2,CA,2016-03-16,11,0.0,2.4790335,3.1305914,3.1305914,2.696193
HOBBIES_CA_2,HOBBIES,CA_2,CA,2016-03-17,3,4.0,4.2036257,3.4671404,3.4671404,3.0055728
HOBBIES_CA_2,HOBBIES,CA_2,CA,2016-03-18,6,2.0,3.9192195,4.1553326,4.1553326,3.142009
HOBBIES_CA_2,HOBBIES,CA_2,CA,2016-03-19,1,8.0,6.723983,5.147391,5.147391,3.7876303
HOBBIES_CA_2,HOBBIES,CA_2,CA,2016-03-20,2,2.0,5.1983223,4.7050705,4.7050705,3.4854062
HOBBIES_CA_2,HOBBIES,CA_2,CA,2016-03-21,0,1.0,2.4734385,3.5114086,3.5114086,3.0097144
HOBBIES_CA_2,HOBBIES,CA_2,CA,2016-03-22,5,7.0,2.6634197,3.3164055,3.3164055,2.908755
HOBBIES_CA_2,HOBBIES,CA_2,CA,2016-03-23,1,11.0,2.168373,3.3856578,3.3856578,2.8292897
HOBBIES_CA_2,HOBBIES,CA_2,CA,2016-03-24,1,3.0,1.1298302,3.2138054,3.2138054,2.8859842
HOBBIES_CA_2,HOBBIES,CA_2,CA,2016-03-25,2,6.0,0.58224255,3.557027,3.557027,3.3742878
HOBBIES_CA_2,HOBBIES,CA_2,CA,2016-03-26,7,1.0,4.2010007,4.2423153,4.2423153,4.18504
HOBBIES_CA_2,HOBBIES,CA_2,CA,2016-03-27,4,2.0,4.2533216,3.5102623,3.5102623,3.5714262
HOBBIES_CA_2,HOBBIES,CA_2,CA,2016-03-28,4,0.0,1.4766823,3.0255778,3.0255778,2.8053894
HOBBIES_CA_2,HOBBIES,CA_2,CA,2016-03-29,3,5.0,2.0443988,3.176554,3.176554,3.175406
HOBBIES_CA_2,HOBBIES,CA_2,CA,2016-03-30,9,1.0,2.2821784,3.3635702,3.3635702,3.2812715
HOBBIES_CA_2,HOBBIES,CA_2,CA,2016-03-31,3,1.0,2.414909,3.3874667,3.3874667,2.953683
HOBBIES_CA_2,HOBBIES,CA_2,CA,2016-04-01,6,2.0,4.277161,4.26517,4.26517,3.8784173
HOBBIES_CA_2,HOBBIES,CA_2,CA,2016-04-02,1,7.0,7.0633297,5.262558,5.262558,4.655499
HOBBIES_CA_2,HOBBIES,CA_2,CA,2016-04-03,6,4.0,5.8783035,4.810821,4.810821,4.053075
HOBBIES_CA_2,HOBBIES,CA_2,CA,2016-04-04,2,4.0,3.5865135,3.6433773,3.6433773,3.0552437
HOBBIES_CA_2,HOBBIES,CA_2,CA,2016-04-05,2,3.0,4.091602,3.5341244,3.5341244,3.0154145
HOBBIES_CA_2,HOBBIES,CA_2,CA,2016-04-06,5,9.0,2.9015994,3.4321272,3.4321272,2.8479424
HOBBIES_CA_2,HOBBIES,CA_2,CA,2016-04-07,2,3.0,3.0944057,3.4953437,3.4953437,3.2280385
HOBBIES_CA_2,HOBBIES,CA_2,CA,2016-04-08,6,6.0,2.6582215,3.9797404,3.9797404,3.6488128
HOBBIES_CA_2,HOBBIES,CA_2,CA,2016-04-09,3,1.0,6.2736635,4.831056,4.831056,4.2038536
HOBBIES_CA_2,HOBBIES,CA_2,CA,2016-04-10,8,6.0,5.5363226,4.636953,4.636953,4.0913687
HOBBIES_CA_2,HOBBIES,CA_2,CA,2016-04-11,4,2.0,2.9932992,3.4568996,3.4568996,3.0696945
HOBBIES_CA_2,HOBBIES,CA_2,CA,2016-04-12,3,2.0,4.0192437,3.4175966,3.4175966,3.0683072
HOBBIES_CA_2,HOBBIES,CA_2,CA,2016-04-13,2,5.0,5.1655817,3.5947366,3.5947366,3.209189
HOBBIES_CA_2,HOBBIES,CA_2,CA,2016-04-14,5,2.0,3.0688112,3.2673414,3.2673414,3.0031066
HOBBIES_CA_2,HOBBIES,CA_2,CA,2016-04-15,2,6.0,4.0357504,4.2495475,4.2495475,4.017602
HOBBIES_CA_2,HOBBIES,CA_2,CA,2016-04-16,3,3.0,4.7733407,4.28261,4.28261,4.2256966
HOBBIES_CA_2,HOBBIES,CA_2,CA,2016-04-17,3,8.0,5.266204,4.559388,4.559388,4.19516
HOBBIES_CA_2,HOBBIES,CA_2,CA,2016-04-18,0,4.0,1.4794686,3.1883569,3.1883569,2.8350122
HOBBIES_CA_2,HOBBIES,CA_2,CA,2016-04-19,4,3.0,1.8308187,3.1133413,3.1133413,2.8578598
HOBBIES_CA_2,HOBBIES,CA_2,CA,2016-04-20,2,2.0,1.5065577,3.111359,3.111359,2.8403594
HOBBIES_CA_2,HOBBIES,CA_2,CA,2016-04-21,3,5.0,1.2456996,3.1052284,3.1052284,2.7409198
HOBBIES_CA_2,HOBBIES,CA_2,CA,2016-04-22,4,2.0,1.4276162,3.6229985,3.6229985,3.3013442
HOBBIES_CA_2,HOBBIES,CA_2,CA,2016-04-23,6,3.0,4.633346,4.44716,4.44716,4.075237
HOBBIES_CA_2,HOBBIES,CA_2,CA,2016-04-24,1,3.0,4.826532,4.680524,4.680524,4.0731263
HOBBIES_CA_3,HOBBIES,CA_3,CA,2016-02-29,4,1.0,3.0664134,4.144084,4.144084,3.72714
HOBBIES_CA_3,HOBBIES,CA_3,CA,2016-03-01,1,7.0,5.5056357,4.535227,4.535227,3.8632147
HOBBIES_CA_3,HOBBIES,CA_3,CA,2016-03-02,3,6.0,4.9741764,4.3802447,4.3802447,3.8730903
HOBBIES_CA_3,HOBBIES,CA_3,CA,2016-03-03,0,6.0,3.3103592,4.125338,4.125338,3.5956068
HOBBIES_CA_3,HOBBIES,CA_3,CA,2016-03-04,8,3.0,2.66053,4.5175815,4.5175815,4.0806937
HOBBIES_CA_3,HOBBIES,CA_3,CA,2016-03-05,7,6.0,5.966321,5.348513,5.348513,4.987489
HOBBIES_CA_3,HOBBIES,CA_3,CA,2016-03-06,3,6.0,6.7320104,5.420312,5.420312,4.8067245
HOBBIES_CA_3,HOBBIES,CA_3,CA,2016-03-07,9,4.0,3.1239407,4.21148,4.21148,3.8098736
HOBBIES_CA_3,HOBBIES,CA_3,CA,2016-03-08,0,1.0,5.1477947,4.369884,4.369884,3.6488547
HOBBIES_CA_3,HOBBIES,CA_3,CA,2016-03-09,5,3.0,4.208195,4.0416336,4.0416336,3.6615252
HOBBIES_CA_3,HOBBIES,CA_3,CA,2016-03-10,8,0.0,3.9625528,4.0152736,4.0152736,3.460473
HOBBIES_CA_3,HOBBIES,CA_3,CA,2016-03-11,4,8.0,4.22083,4.9698267,4.9698267,4.3235855
HOBBIES_CA_3,HOBBIES,CA_3,CA,2016-03-12,7,7.0,6.6231985,5.84069,5.84069,5.1895595
HOBBIES_CA_3,HOBBIES,CA_3,CA,2016-03-13,3,3.0,7.2643476,5.6334057,5.6334057,4.6436977
HOBBIES_CA_3,HOBBIES,CA_3,CA,2016-03-14,5,9.0,4.749707,4.399041,4.399041,4.245241
HOBBIES_CA_3,HOBBIES,CA_3,CA,2016-03-15,3,0.0,4.1665173,4.0793524,4.0793524,3.7986262
HOBBIES_CA_3,HOBBIES,CA_3,CA,2016-03-16,0,5.0,4.2382555,4.124427,4.124427,4.083453
HOBBIES_CA_3,HOBBIES,CA_3,CA,2016-03-17,1,8.0,3.6399555,3.817328,3.817328,3.811428
HOBBIES_CA_3,HOBBIES,CA_3,CA,2016-03-18,3,4.0,2.6716764,4.5201254,4.5201254,4.5256333
HOBBIES_CA_3,HOBBIES,CA_3,CA,2016-03-19,10,7.0,6.3012347,5.3717647,5.3717647,5.4347057
HOBBIES_CA_3,HOBBIES,CA_3,CA,2016-03-20,12,3.0,4.9175897,5.176591,5.176591,4.261785
HOBBIES_CA_3,HOBBIES,CA_3,CA,2016-03-21,6,5.0,3.150287,4.1758456,4.1758456,3.7652261
HOBBIES_CA_3,HOBBIES,CA_3,CA,2016-03-22,0,3.0,3.4923184,4.0422993,4.0422993,3.7771852
HOBBIES_CA_3,HOBBIES,CA_3,CA,2016-03-23,6,0.0,3.3674183,3.8128567,3.8128567,3.4172866
HOBBIES_CA_3,HOBBIES,CA_3,CA,2016-03-24,3,1.0,4.1814346,3.9539087,3.9539087,3.5562487
HOBBIES_CA_3,HOBBIES,CA_3,CA,2016-03-25,10,3.0,3.5749176,4.569828,4.569828,4.195763
HOBBIES_CA_3,HOBBIES,CA_3,CA,2016-03-26,8,10.0,7.5900235,5.7528367,5.7528367,4.9196076
HOBBIES_CA_3,HOBBIES,CA_3,CA,2016-03-27,0,12.0,7.509109,4.7468853,4.7468853,4.6858077
HOBBIES_CA_3,HOBBIES,CA_3,CA,2016-03-28,5,6.0,3.2634318,3.9864182,3.9864182,3.6100168
HOBBIES_CA_3,HOBBIES,CA_3,CA,2016-03-29,9,0.0,2.5187006,3.9408362,3.9408362,3.7872367
HOBBIES_CA_3,HOBBIES,CA_3,CA,2016-03-30,4,6.0,3.5832262,4.1872306,4.1872306,3.61256
HOBBIES_CA_3,HOBBIES,CA_3,CA,2016-03-31,3,3.0,2.9731083,4.126704,4.126704,3.7361178
HOBBIES_CA_3,HOBBIES,CA_3,CA,2016-04-01,13,10.0,5.533128,5.3126526,5.3126526,4.7304363
HOBBIES_CA_3,HOBBIES,CA_3,CA,2016-04-02,3,8.0,8.659112,6.094435,6.094435,5.544611
HOBBIES_CA_3,HOBBIES,CA_3,CA,2016-04-03,3,0.0,7.632564,6.0766997,6.0766997,4.758938
HOBBIES_CA_3,HOBBIES,CA_3,CA,2016-04-04,3,5.0,5.9030185,4.5437694,4.5437694,3.6768534
HOBBIES_CA_3,HOBBIES,CA_3,CA,2016-04-05,3,9.0,3.819192,4.289239,4.289239,3.6837425
HOBBIES_CA_3,HOBBIES,CA_3,CA,2016-04-06,4,4.0,4.3876176,4.275265,4.275265,3.6332982
HOBBIES_CA_3,HOBBIES,CA_3,CA,2016-04-07,6,3.0,4.668645,4.238511,4.238511,3.810304
HOBBIES_CA_3,HOBBIES,CA_3,CA,2016-04-08,5,13.0,4.916036,5.006767,5.006767,5.1119676
HOBBIES_CA_3,HOBBIES,CA_3,CA,2016-04-09,4,3.0,6.590406,5.5849457,5.5849457,5.013682
HOBBIES_CA_3,HOBBIES,CA_3,CA,2016-04-10,4,3.0,5.4458003,5.2953324,5.2953324,4.5848722
HOBBIES_CA_3,HOBBIES,CA_3,CA,2016-04-11,8,3.0,3.7554924,4.2055583,4.2055583,3.5270228
HOBBIES_CA_3,HOBBIES,CA_3,CA,2016-04-12,3,3.0,4.249541,4.1299863,4.1299863,3.6237974
HOBBIES_CA_3,HOBBIES,CA_3,CA,2016-04-13,3,4.0,3.3322682,4.002739,4.002739,3.6971726
HOBBIES_CA_3,HOBBIES,CA_3,CA,2016-04-14,7,6.0,3.2522469,4.061143,4.061143,3.6191597
HOBBIES_CA_3,HOBBIES,CA_3,CA,2016-04-15,5,5.0,4.389268,5.2133718,5.2133718,5.054602
HOBBIES_CA_3,HOBBIES,CA_3,CA,2016-04-16,5,4.0,7.0885954,6.061759,6.061759,5.6846995
HOBBIES_CA_3,HOBBIES,CA_3,CA,2016-04-17,8,4.0,7.4775863,5.932121,5.932121,5.082266
HOBBIES_CA_3,HOBBIES,CA_3,CA,2016-04-18,8,8.0,4.410516,4.364751,4.364751,3.7235677
HOBBIES_CA_3,HOBBIES,CA_3,CA,2016-04-19,5,3.0,3.4100404,4.1618805,4.1618805,3.7854993
HOBBIES_CA_3,HOBBIES,CA_3,CA,2016-04-20,4,3.0,4.609504,4.3510222,4.3510222,3.7911723
HOBBIES_CA_3,HOBBIES,CA_3,CA,2016-04-21,4,7.0,4.351869,4.399209,4.399209,3.77986
HOBBIES_CA_3,HOBBIES,CA_3,CA,2016-04-22,5,5.0,4.9174414,5.1225314,5.1225314,4.815629
HOBBIES_CA_3,HOBBIES,CA_3,CA,2016-04-23,6,5.0,7.019265,5.7754507,5.7754507,5.4293194
HOBBIES_CA_3,HOBBIES,CA_3,CA,2016-04-24,11,8.0,5.8164153,5.466812,5.466812,4.9171386
HOBBIES_CA_4,HOBBIES,CA_4,CA,2016-02-29,0,1.0,0.8566629,2.2055023,2.2055023,1.9265023
HOBBIES_CA_4,HOBBIES,CA_4,CA,2016-03-01,1,1.0,2.5215044,2.3832815,2.3832815,1.8747021
HOBBIES_CA_4,HOBBIES,CA_4,CA,2016-03-02,2,4.0,2.3525822,2.3832815,2.3832815,1.9793478
HOBBIES_CA_4,HOBBIES,CA_4,CA,2016-03-03,1,1.0,1.9672693,2.2897382,2.2897382,2.0989997
HOBBIES_CA_4,HOBBIES,CA_4,CA,2016-03-04,1,2.0,2.522508,2.2297657,2.2297657,2.0377262
HOBBIES_CA_4,HOBBIES,CA_4,CA,2016-03-05,5,2.0,4.166936,2.3077922,2.3077922,1.9034623
HOBBIES_CA_4,HOBBIES,CA_4,CA,2016-03-06,1,7.0,4.3241076,2.5507598,2.5507598,2.0503254
HOBBIES_CA_4,HOBBIES,CA_4,CA,2016-03-07,0,0.0,1.192636,1.8683714,1.8683714,1.5541788
HOBBIES_CA_4,HOBBIES,CA_4,CA,2016-03-08,0,1.0,1.3406258,1.8540525,1.8540525,1.560736
HOBBIES_CA_4,HOBBIES,CA_4,CA,2016-03-09,4,2.0,1.4696946,1.7621477,1.7621477,1.5075604
HOBBIES_CA_4,HOBBIES,CA_4,CA,2016-03-10,2,1.0,1.145015,1.7524734,1.7524734,1.6177627
HOBBIES_CA_4,HOBBIES,CA_4,CA,2016-03-11,4,1.0,1.3662101,1.9052902,1.9052902,1.5616934
HOBBIES_CA_4,HOBBIES,CA_4,CA,2016-03-12,3,5.0,4.256327,2.3995683,2.3995683,1.9980843
HOBBIES_CA_4,HOBBIES,CA_4,CA,2016-03-13,10,1.0,4.211369,2.4233177,2.4233177,2.0187638
HOBBIES_CA_4,HOBBIES,CA_4,CA,2016-03-14,24,0.0,2.2519507,2.3087804,2.3087804,2.256389
HOBBIES_CA_4,HOBBIES,CA_4,CA,2016-03-15,1,0.0,5.0411015,4.3795476,4.3795476,2.3795066
HOBBIES_CA_4,HOBBIES,CA_4,CA,2016-03-16,1,4.0,5.0141926,4.0310955,4.0310955,2.3791637
HOBBIES_CA_4,HOBBIES,CA_4,CA,2016-03-17,3,2.0,5.215893,4.395934,4.395934,2.336275
HOBBIES_CA_4,HOBBIES,CA_4,CA,2016-03-18,3,4.0,4.53648,4.8871965,4.8871965,2.64194
HOBBIES_CA_4,HOBBIES,CA_4,CA,2016-03-19,1,3.0,7.2659388,5.333245,5.333245,3.0022252
HOBBIES_CA_4,HOBBIES,CA_4,CA,2016-03-20,3,10.0,6.51947,4.8926272,4.8926272,3.0191827
HOBBIES_CA_4,HOBBIES,CA_4,CA,2016-03-21,1,24.0,2.8129272,3.3656816,3.3656816,2.4654639
HOBBIES_CA_4,HOBBIES,CA_4,CA,2016-03-22,2,1.0,0.014189215,2.4716444,2.4716444,2.6074533
HOBBIES_CA_4,HOBBIES,CA_4,CA,2016-03-23,2,1.0,0.85484904,2.6300714,2.6300714,2.8178082
HOBBIES_CA_4,HOBBIES,CA_4,CA,2016-03-24,3,3.0,0.2943467,2.5079653,2.5079653,2.8584468
HOBBIES_CA_4,HOBBIES,CA_4,CA,2016-03-25,5,3.0,0.57947713,3.0265243,3.0265243,3.1007574
HOBBIES_CA_4,HOBBIES,CA_4,CA,2016-03-26,2,1.0,3.2561054,3.544546,3.544546,3.0538766
HOBBIES_CA_4,HOBBIES,CA_4,CA,2016-03-27,0,3.0,5.1420674,3.168204,3.168204,3.0513058
HOBBIES_CA_4,HOBBIES,CA_4,CA,2016-03-28,4,1.0,2.0095503,2.4708061,2.4708061,2.4903555
HOBBIES_CA_4,HOBBIES,CA_4,CA,2016-03-29,3,2.0,0.7535818,2.6187875,2.6187875,2.5884717
HOBBIES_CA_4,HOBBIES,CA_4,CA,2016-03-30,0,2.0,1.035511,2.7242718,2.7242718,2.601344
HOBBIES_CA_4,HOBBIES,CA_4,CA,2016-03-31,1,3.0,0.84558016,2.6849136,2.6849136,2.692637
HOBBIES_CA_4,HOBBIES,CA_4,CA,2016-04-01,1,5.0,1.7591151,3.187964,3.187964,2.874921
HOBBIES_CA_4,HOBBIES,CA_4,CA,2016-04-02,6,2.0,4.207314,3.5143783,3.5143783,3.0387092
HOBBIES_CA_4,HOBBIES,CA_4,CA,2016-04-03,2,0.0,4.2036138,3.467445,3.467445,2.9716227
HOBBIES_CA_4,HOBBIES,CA_4,CA,2016-04-04,6,4.0,1.5707916,2.861015,2.861015,2.5588229
HOBBIES_CA_4,HOBBIES,CA_4,CA,2016-04-05,2,3.0,1.8814583,2.9373868,2.9373868,2.691208
HOBBIES_CA_4,HOBBIES,CA_4,CA,2016-04-06,1,0.0,2.4061885,3.1516402,3.1516402,2.7479944
HOBBIES_CA_4,HOBBIES,CA_4,CA,2016-04-07,3,1.0,2.29774,2.9826636,2.9826636,2.67574
HOBBIES_CA_4,HOBBIES,CA_4,CA,2016-04-08,1,1.0,2.8435073,3.7539108,3.7539108,3.1812775
HOBBIES_CA_4,HOBBIES,CA_4,CA,2016-04-09,4,6.0,4.9253507,3.9479852,3.9479852,3.2753854
HOBBIES_CA_4,HOBBIES,CA_4,CA,2016-04-10,14,2.0,5.7236013,3.7583294,3.7583294,2.911445
HOBBIES_CA_4,HOBBIES,CA_4,CA,2016-04-11,1,6.0,7.078945,3.3107412,3.3107412,2.6748946
HOBBIES_CA_4,HOBBIES,CA_4,CA,2016-04-12,0,2.0,2.7591903,2.7344728,2.7344728,2.1746204
HOBBIES_CA_4,HOBBIES,CA_4,CA,2016-04-13,3,1.0,2.263017,2.6747687,2.6747687,2.0931785
HOBBIES_CA_4,HOBBIES,CA_4,CA,2016-04-14,0,3.0,2.8075285,2.782733,2.782733,2.3782413
HOBBIES_CA_4,HOBBIES,CA_4,CA,2016-04-15,7,1.0,2.4396174,3.0600576,3.0600576,2.3750837
HOBBIES_CA_4,HOBBIES,CA_4,CA,2016-04-16,2,4.0,5.5089746,3.6658013,3.6658013,3.1655784
HOBBIES_CA_4,HOBBIES,CA_4,CA,2016-04-17,2,14.0,5.275274,3.6526093,3.6526093,2.9198701
HOBBIES_CA_4,HOBBIES,CA_4,CA,2016-04-18,5,1.0,1.2652348,2.7898552,2.7898552,2.5335116
HOBBIES_CA_4,HOBBIES,CA_4,CA,2016-04-19,4,0.0,1.5317976,2.6562028,2.6562028,2.4761097
HOBBIES_CA_4,HOBBIES,CA_4,CA,2016-04-20,16,3.0,1.8456002,2.7612529,2.7612529,2.7003512
HOBBIES_CA_4,HOBBIES,CA_4,CA,2016-04-21,4,0.0,3.6216092,3.3444688,3.3444688,2.9632468
HOBBIES_CA_4,HOBBIES,CA_4,CA,2016-04-22,2,7.0,4.0573378,3.9187288,3.9187288,2.940464
HOBBIES_CA_4,HOBBIES,CA_4,CA,2016-04-23,2,2.0,5.7619753,4.0593677,4.0593677,3.0975883
HOBBIES_CA_4,HOBBIES,CA_4,CA,2016-04-24,5,2.0,6.1652384,5.079663,5.079663,2.6958742
HOBBIES_TX_1,HOBBIES,TX_1,TX,2016-02-29,4,1.0,0.26786137,1.7205254,1.7205254,1.4174838
HOBBIES_TX_1,HOBBIES,TX_1,TX,2016-03-01,2,4.0,2.198127,2.0409775,2.0409775,1.8508543
HOBBIES_TX_1,HOBBIES,TX_1,TX,2016-03-02,4,3.0,1.8768178,1.8533276,1.8533276,1.8860259
HOBBIES_TX_1,HOBBIES,TX_1,TX,2016-03-03,4,2.0,1.9160899,1.9223897,1.9223897,2.058819
HOBBIES_TX_1,HOBBIES,TX_1,TX,2016-03-04,2,3.0,2.0201266,2.3176033,2.3176033,2.2341464
HOBBIES_TX_1,HOBBIES,TX_1,TX,2016-03-05,3,2.0,4.8162255,3.027045,3.027045,2.3930821
HOBBIES_TX_1,HOBBIES,TX_1,TX,2016-03-06,1,2.0,4.563832,2.9898937,2.9898937,2.4641562
HOBBIES_TX_1,HOBBIES,TX_1,TX,2016-03-07,2,4.0,1.8896127,2.2694514,2.2694514,1.7242346
HOBBIES_TX_1,HOBBIES,TX_1,TX,2016-03-08,1,2.0,1.6243005,1.9994483,1.9994483,1.7118345
HOBBIES_TX_1,HOBBIES,TX_1,TX,2016-03-09,1,4.0,1.6770782,2.1641445,2.1641445,1.8373227
HOBBIES_TX_1,HOBBIES,TX_1,TX,2016-03-10,7,4.0,1.5166472,2.0860074,2.0860074,2.0134153
HOBBIES_TX_1,HOBBIES,TX_1,TX,2016-03-11,10,2.0,1.9084861,2.6098158,2.6098158,2.0399654
HOBBIES_TX_1,HOBBIES,TX_1,TX,2016-03-12,3,3.0,5.057877,3.6539075,3.6539075,2.822122
HOBBIES_TX_1,HOBBIES,TX_1,TX,2016-03-13,3,1.0,5.553252,3.7421813,3.7421813,2.9468577
HOBBIES_TX_1,HOBBIES,TX_1,TX,2016-03-14,7,2.0,2.531166,2.781856,2.781856,2.187885
HOBBIES_TX_1,HOBBIES,TX_1,TX,2016-03-15,5,1.0,3.3549478,3.0078766,3.0078766,2.50436
HOBBIES_TX_1,HOBBIES,TX_1,TX,2016-03-16,1,1.0,3.7253368,2.9652147,2.9652147,2.6617954
HOBBIES_TX_1,HOBBIES,TX_1,TX,2016-03-17,2,7.0,3.7098432,2.985484,2.985484,2.62642
HOBBIES_TX_1,HOBBIES,TX_1,TX,2016-03-18,5,10.0,3.0078661,3.5798366,3.5798366,2.5895603
HOBBIES_TX_1,HOBBIES,TX_1,TX,2016-03-19,1,3.0,5.455833,3.7542572,3.7542572,3.0559719
HOBBIES_TX_1,HOBBIES,TX_1,TX,2016-03-20,3,3.0,4.9123373,3.5857399,3.5857399,3.0228226
HOBBIES_TX_1,HOBBIES,TX_1,TX,2016-03-21,4,7.0,2.1604087,2.8361192,2.8361192,2.527598
HOBBIES_TX_1,HOBBIES,TX_1,TX,2016-03-22,3,5.0,2.1641178,2.885139,2.885139,2.579464
HOBBIES_TX_1,HOBBIES,TX_1,TX,2016-03-23,4,1.0,1.5756261,2.6116812,2.6116812,2.561202
HOBBIES_TX_1,HOBBIES,TX_1,TX,2016-03-24,2,2.0,2.3233194,2.9924417,2.9924417,2.6954246
HOBBIES_TX_1,HOBBIES,TX_1,TX,2016-03-25,9,5.0,2.608765,3.5268054,3.5268054,2.969243
HOBBIES_TX_1,HOBBIES,TX_1,TX,2016-03-26,3,1.0,4.8277516,4.105891,4.105891,3.3568254
HOBBIES_TX_1,HOBBIES,TX_1,TX,2016-03-27,3,3.0,5.0108876,3.6020854,3.6020854,3.4002993
HOBBIES_TX_1,HOBBIES,TX_1,TX,2016-03-28,3,4.0,2.7697902,3.304066,3.304066,2.9549873
HOBBIES_TX_1,HOBBIES,TX_1,TX,2016-03-29,4,3.0,2.1251533,3.0978992,3.0978992,2.9444177
HOBBIES_TX_1,HOBBIES,TX_1,TX,2016-03-30,0,4.0,2.1298597,3.187094,3.187094,2.8312123
HOBBIES_TX_1,HOBBIES,TX_1,TX,2016-03-31,3,2.0,1.9448478,3.0948865,3.0948865,2.5428278
HOBBIES_TX_1,HOBBIES,TX_1,TX,2016-04-01,1,9.0,3.115451,3.7215707,3.7215707,2.952151
HOBBIES_TX_1,HOBBIES,TX_1,TX,2016-04-02,3,3.0,4.420839,3.5845263,3.5845263,3.2538857
HOBBIES_TX_1,HOBBIES,TX_1,TX,2016-04-03,2,3.0,4.327397,3.6190274,3.6190274,3.2938635
HOBBIES_TX_1,HOBBIES,TX_1,TX,2016-04-04,1,3.0,1.8454976,2.8109007,2.8109007,2.7768173
HOBBIES_TX_1,HOBBIES,TX_1,TX,2016-04-05,1,4.0,1.4735947,2.8053017,2.8053017,2.6854315
HOBBIES_TX_1,HOBBIES,TX_1,TX,2016-04-06,2,0.0,1.2345748,2.7289932,2.7289932,2.6408134
HOBBIES_TX_1,HOBBIES,TX_1,TX,2016-04-07,3,3.0,2.2434423,2.8469517,2.8469517,2.900813
HOBBIES_TX_1,HOBBIES,TX_1,TX,2016-04-08,3,1.0,3.218096,3.3328588,3.3328588,3.1055646
HOBBIES_TX_1,HOBBIES,TX_1,TX,2016-04-09,5,3.0,4.360348,3.2436213,3.2436213,3.0052698
HOBBIES_TX_1,HOBBIES,TX_1,TX,2016-04-10,4,2.0,4.494036,3.3689573,3.3689573,3.2162418
HOBBIES_TX_1,HOBBIES,TX_1,TX,2016-04-11,1,1.0,2.8785665,2.7807846,2.7807846,2.5597787
HOBBIES_TX_1,HOBBIES,TX_1,TX,2016-04-12,0,1.0,2.6767335,2.7372048,2.7372048,2.4361024
HOBBIES_TX_1,HOBBIES,TX_1,TX,2016-04-13,0,2.0,1.679263,2.581201,2.581201,2.1978345
HOBBIES_TX_1,HOBBIES,TX_1,TX,2016-04-14,2,3.0,1.7982907,2.5735297,2.5735297,2.4275267
HOBBIES_TX_1,HOBBIES,TX_1,TX,2016-04-15,1,3.0,2.0938854,3.068468,3.068468,2.7247326
HOBBIES_TX_1,HOBBIES,TX_1,TX,2016-04-16,1,5.0,3.7450306,3.0655973,3.0655973,2.7304356
HOBBIES_TX_1,HOBBIES,TX_1,TX,2016-04-17,5,4.0,3.0049984,2.7333362,2.7333362,2.7791548
HOBBIES_TX_1,HOBBIES,TX_1,TX,2016-04-18,4,1.0,0.6865683,2.1408246,2.1408246,1.7322149
HOBBIES_TX_1,HOBBIES,TX_1,TX,2016-04-19,4,0.0,1.2569847,2.430491,2.430491,2.13166
HOBBIES_TX_1,HOBBIES,TX_1,TX,2016-04-20,2,0.0,1.4603763,2.1551116,2.1551116,1.7616725
HOBBIES_TX_1,HOBBIES,TX_1,TX,2016-04-21,1,2.0,1.65504,2.4298868,2.4298868,2.2151966
HOBBIES_TX_1,HOBBIES,TX_1,TX,2016-04-22,2,1.0,2.781061,2.891247,2.891247,2.6560345
HOBBIES_TX_1,HOBBIES,TX_1,TX,2016-04-23,2,1.0,4.465433,3.012903,3.012903,2.8963456
HOBBIES_TX_1,HOBBIES,TX_1,TX,2016-04-24,5,5.0,4.45894,3.1453097,3.1453097,2.7350035
HOBBIES_TX_2,HOBBIES,TX_2,TX,2016-02-29,7,6.0,3.379192,3.664772,3.664772,3.0732257
HOBBIES_TX_2,HOBBIES,TX_2,TX,2016-03-01,6,6.0,4.611043,3.6491213,3.6491213,3.102814
HOBBIES_TX_2,HOBBIES,TX_2,TX,2016-03-02,2,2.0,4.8518715,3.468717,3.468717,3.2176387
HOBBIES_TX_2,HOBBIES,TX_2,TX,2016-03-03,5,3.0,4.593558,3.6007361,3.6007361,3.1503594
HOBBIES_TX_2,HOBBIES,TX_2,TX,2016-03-04,1,8.0,4.769067,4.1395545,4.1395545,3.8922935
HOBBIES_TX_2,HOBBIES,TX_2,TX,2016-03-05,5,8.0,6.7228117,4.9870234,4.9870234,4.328195
HOBBIES_TX_2,HOBBIES,TX_2,TX,2016-03-06,7,6.0,6.644004,4.937207,4.937207,4.3217535
HOBBIES_TX_2,HOBBIES,TX_2,TX,2016-03-07,4,7.0,4.0882344,3.80771,3.80771,3.243225
HOBBIES_TX_2,HOBBIES,TX_2,TX,2016-03-08,2,6.0,4.059768,3.6568158,3.6568158,3.22004
HOBBIES_TX_2,HOBBIES,TX_2,TX,2016-03-09,2,2.0,2.1080258,3.1302962,3.1302962,2.167641
HOBBIES_TX_2,HOBBIES,TX_2,TX,2016-03-10,3,5.0,2.9611537,3.2942371,3.2942371,3.0085285
HOBBIES_TX_2,HOBBIES,TX_2,TX,2016-03-11,6,1.0,3.2941043,4.188708,4.188708,3.7061708
HOBBIES_TX_2,HOBBIES,TX_2,TX,2016-03-12,6,5.0,7.1877384,5.0737295,5.0737295,4.256395
HOBBIES_TX_2,HOBBIES,TX_2,TX,2016-03-13,2,7.0,6.071983,4.894073,4.894073,4.1386776
HOBBIES_TX_2,HOBBIES,TX_2,TX,2016-03-14,4,4.0,2.8503904,3.6028583,3.6028583,3.1476326
HOBBIES_TX_2,HOBBIES,TX_2,TX,2016-03-15,2,2.0,3.1936288,3.635418,3.635418,3.130578
HOBBIES_TX_2,HOBBIES,TX_2,TX,2016-03-16,3,2.0,2.3850777,3.3194795,3.3194795,3.0223274
HOBBIES_TX_2,HOBBIES,TX_2,TX,2016-03-17,4,3.0,2.6719239,3.3843062,3.3843062,3.1228924
HOBBIES_TX_2,HOBBIES,TX_2,TX,2016-03-18,6,6.0,2.5045054,4.0881186,4.0881186,3.6136754
HOBBIES_TX_2,HOBBIES,TX_2,TX,2016-03-19,5,6.0,5.4192057,4.929258,4.929258,4.029742
HOBBIES_TX_2,HOBBIES,TX_2,TX,2016-03-20,2,2.0,5.574754,5.089297,5.089297,4.413933
HOBBIES_TX_2,HOBBIES,TX_2,TX,2016-03-21,10,4.0,3.3266406,3.973468,3.973468,3.81804
HOBBIES_TX_2,HOBBIES,TX_2,TX,2016-03-22,7,2.0,3.8145182,3.9641922,3.9641922,3.7751527
HOBBIES_TX_2,HOBBIES,TX_2,TX,2016-03-23,4,3.0,3.670473,4.0128875,4.0128875,3.9315324
HOBBIES_TX_2,HOBBIES,TX_2,TX,2016-03-24,5,4.0,3.7777522,4.2346535,4.2346535,3.7672453
HOBBIES_TX_2,HOBBIES,TX_2,TX,2016-03-25,3,6.0,5.01511,5.11368,5.11368,4.6439185
HOBBIES_TX_2,HOBBIES,TX_2,TX,2016-03-26,4,5.0,7.157472,5.7664304,5.7664304,4.7569923
HOBBIES_TX_2,HOBBIES,TX_2,TX,2016-03-27,4,2.0,6.3811927,4.8110414,4.8110414,4.3697777
HOBBIES_TX_2,HOBBIES,TX_2,TX,2016-03-28,5,10.0,4.0544815,4.073709,4.073709,3.7822733
HOBBIES_TX_2,HOBBIES,TX_2,TX,2016-03-29,4,7.0,3.101966,3.6955185,3.6955185,3.348939
HOBBIES_TX_2,HOBBIES,TX_2,TX,2016-03-30,4,4.0,2.1883516,3.4413648,3.4413648,3.3895056
HOBBIES_TX_2,HOBBIES,TX_2,TX,2016-03-31,2,5.0,2.7510507,3.5912585,3.5912585,3.537079
HOBBIES_TX_2,HOBBIES,TX_2,TX,2016-04-01,6,3.0,3.1109493,4.0562515,4.0562515,3.9127314
HOBBIES_TX_2,HOBBIES,TX_2,TX,2016-04-02,2,4.0,6.3630204,5.0876884,5.0876884,4.774487
HOBBIES_TX_2,HOBBIES,TX_2,TX,2016-04-03,5,4.0,6.332391,4.7939878,4.7939878,4.4105225
HOBBIES_TX_2,HOBBIES,TX_2,TX,2016-04-04,1,5.0,3.9808333,3.8089807,3.8089807,3.3749373
HOBBIES_TX_2,HOBBIES,TX_2,TX,2016-04-05,1,4.0,3.0989995,3.5687652,3.5687652,3.1785743
HOBBIES_TX_2,HOBBIES,TX_2,TX,2016-04-06,1,4.0,2.5713904,3.405797,3.405797,3.080825
HOBBIES_TX_2,HOBBIES,TX_2,TX,2016-04-07,3,2.0,2.4858022,3.51879,3.51879,3.228659
HOBBIES_TX_2,HOBBIES,TX_2,TX,2016-04-08,4,6.0,2.874582,3.8268368,3.8268368,3.5400965
HOBBIES_TX_2,HOBBIES,TX_2,TX,2016-04-09,2,2.0,5.2141976,4.4483123,4.4483123,4.220133
HOBBIES_TX_2,HOBBIES,TX_2,TX,2016-04-10,7,5.0,4.4842067,4.3152976,4.3152976,4.1355076
HOBBIES_TX_2,HOBBIES,TX_2,TX,2016-04-11,6,1.0,2.6401634,3.5705397,3.5705397,3.1071703
HOBBIES_TX_2,HOBBIES,TX_2,TX,2016-04-12,0,1.0,2.826905,3.4597354,3.4597354,3.0777242
HOBBIES_TX_2,HOBBIES,TX_2,TX,2016-04-13,12,1.0,2.6710677,3.3820844,3.3820844,3.0669725
HOBBIES_TX_2,HOBBIES,TX_2,TX,2016-04-14,11,3.0,4.081573,3.5905592,3.5905592,3.5740607
HOBBIES_TX_2,HOBBIES,TX_2,TX,2016-04-15,0,4.0,5.7004414,4.726135,4.726135,4.0492516
HOBBIES_TX_2,HOBBIES,TX_2,TX,2016-04-16,0,2.0,7.19398,5.221978,5.221978,4.27632
HOBBIES_TX_2,HOBBIES,TX_2,TX,2016-04-17,6,7.0,6.6107435,4.939326,4.939326,3.6912086
HOBBIES_TX_2,HOBBIES,TX_2,TX,2016-04-18,4,6.0,3.684807,3.2687845,3.2687845,2.7474186
HOBBIES_TX_2,HOBBIES,TX_2,TX,2016-04-19,4,0.0,4.2360716,3.4668205,3.4668205,3.2814639
HOBBIES_TX_2,HOBBIES,TX_2,TX,2016-04-20,2,12.0,3.9363127,3.4600878,3.4600878,3.3950367
HOBBIES_TX_2,HOBBIES,TX_2,TX,2016-04-21,3,11.0,3.0398617,3.353761,3.353761,3.2291174
HOBBIES_TX_2,HOBBIES,TX_2,TX,2016-04-22,4,0.0,2.0717356,3.8170614,3.8170614,3.4340813
HOBBIES_TX_2,HOBBIES,TX_2,TX,2016-04-23,2,0.0,4.8749943,4.624727,4.624727,4.1769767
HOBBIES_TX_2,HOBBIES,TX_2,TX,2016-04-24,2,6.0,5.1867805,4.6542354,4.6542354,4.299714
HOBBIES_TX_3,HOBBIES,TX_3,TX,2016-02-29,3,6.0,1.7016903,3.002819,3.002819,2.7136443
HOBBIES_TX_3,HOBBIES,TX_3,TX,2016-03-01,4,3.0,2.713821,2.885849,2.885849,2.7968452
HOBBIES_TX_3,HOBBIES,TX_3,TX,2016-03-02,2,4.0,2.5935931,2.7822196,2.7822196,2.871328
HOBBIES_TX_3,HOBBIES,TX_3,TX,2016-03-03,0,2.0,2.1099322,2.7204695,2.7204695,2.6773655
HOBBIES_TX_3,HOBBIES,TX_3,TX,2016-03-04,2,2.0,1.8259789,2.9749384,2.9749384,2.854357
HOBBIES_TX_3,HOBBIES,TX_3,TX,2016-03-05,6,3.0,5.3707256,3.5850492,3.5850492,3.437361
HOBBIES_TX_3,HOBBIES,TX_3,TX,2016-03-06,6,2.0,5.2665725,3.7120163,3.7120163,3.188166
HOBBIES_TX_3,HOBBIES,TX_3,TX,2016-03-07,3,3.0,2.8990765,3.1078174,3.1078174,2.7048109
HOBBIES_TX_3,HOBBIES,TX_3,TX,2016-03-08,0,4.0,2.7750778,2.8740396,2.8740396,2.6259425
HOBBIES_TX_3,HOBBIES,TX_3,TX,2016-03-09,1,2.0,2.6436787,2.7321653,2.7321653,2.0382307
HOBBIES_TX_3,HOBBIES,TX_3,TX,2016-03-10,2,0.0,2.0758553,2.6250355,2.6250355,2.600076
HOBBIES_TX_3,HOBBIES,TX_3,TX,2016-03-11,4,2.0,2.1358829,3.3323846,3.3323846,2.798743
HOBBIES_TX_3,HOBBIES,TX_3,TX,2016-03-12,2,6.0,5.066032,3.7494202,3.7494202,3.2172968
HOBBIES_TX_3,HOBBIES,TX_3,TX,2016-03-13,1,6.0,4.5368304,3.5274184,3.5274184,3.1364853
HOBBIES_TX_3,HOBBIES,TX_3,TX,2016-03-14,4,3.0,1.6209774,2.6545506,2.6545506,2.7146099
HOBBIES_TX_3,HOBBIES,TX_3,TX,2016-03-15,2,0.0,1.44455,2.680509,2.680509,2.6100924
HOBBIES_TX_3,HOBBIES,TX_3,TX,2016-03-16,7,1.0,1.6230048,2.576595,2.576595,2.609502
HOBBIES_TX_3,HOBBIES,TX_3,TX,2016-03-17,3,2.0,2.4176342,2.880678,2.880678,2.539107
HOBBIES_TX_3,HOBBIES,TX_3,TX,2016-03-18,2,4.0,2.333272,3.3704166,3.3704166,2.8537214
HOBBIES_TX_3,HOBBIES,TX_3,TX,2016-03-19,0,2.0,5.737562,3.8897343,3.8897343,3.309666
HOBBIES_TX_3,HOBBIES,TX_3,TX,2016-03-20,2,1.0,5.502746,3.6672447,3.6672447,2.885257
HOBBIES_TX_3,HOBBIES,TX_3,TX,2016-03-21,6,4.0,2.7261558,2.8378863,2.8378863,2.4999359
HOBBIES_TX_3,HOBBIES,TX_3,TX,2016-03-22,4,2.0,2.2033322,2.7970474,2.7970474,2.4571588
HOBBIES_TX_3,HOBBIES,TX_3,TX,2016-03-23,2,7.0,2.6168993,2.8757029,2.8757029,2.6050081
HOBBIES_TX_3,HOBBIES,TX_3,TX,2016-03-24,3,3.0,1.6020631,2.6402555,2.6402555,2.4082882
HOBBIES_TX_3,HOBBIES,TX_3,TX,2016-03-25,6,2.0,1.8285332,3.1254237,3.1254237,2.793606
HOBBIES_TX_3,HOBBIES,TX_3,TX,2016-03-26,2,0.0,4.755626,3.600333,3.600333,3.056454
HOBBIES_TX_3,HOBBIES,TX_3,TX,2016-03-27,3,2.0,4.6727414,3.1232393,3.1232393,3.0278761
HOBBIES_TX_3,HOBBIES,TX_3,TX,2016-03-28,4,6.0,2.3133643,2.9502068,2.9502068,2.6858437
HOBBIES_TX_3,HOBBIES,TX_3,TX,2016-03-29,2,4.0,2.0162067,2.9091506,2.9091506,2.8158062
HOBBIES_TX_3,HOBBIES,TX_3,TX,2016-03-30,4,2.0,1.7612269,2.8941798,2.8941798,2.571675
HOBBIES_TX_3,HOBBIES,TX_3,TX,2016-03-31,4,3.0,1.4599022,2.8996162,2.8996162,2.745393
HOBBIES_TX_3,HOBBIES,TX_3,TX,2016-04-01,3,6.0,2.964269,3.4269867,3.4269867,3.0196092
HOBBIES_TX_3,HOBBIES,TX_3,TX,2016-04-02,3,2.0,5.466864,3.6514912,3.6514912,3.266423
HOBBIES_TX_3,HOBBIES,TX_3,TX,2016-04-03,1,3.0,5.797743,3.6613705,3.6613705,3.2646239
HOBBIES_TX_3,HOBBIES,TX_3,TX,2016-04-04,6,4.0,2.8430617,2.7908912,2.7908912,2.630111
HOBBIES_TX_3,HOBBIES,TX_3,TX,2016-04-05,5,2.0,2.5119488,2.8195164,2.8195164,2.579779
HOBBIES_TX_3,HOBBIES,TX_3,TX,2016-04-06,8,4.0,2.856569,2.884669,2.884669,2.631261
HOBBIES_TX_3,HOBBIES,TX_3,TX,2016-04-07,7,4.0,3.559082,3.144857,3.144857,2.9202921
HOBBIES_TX_3,HOBBIES,TX_3,TX,2016-04-08,3,3.0,4.3929415,4.1340337,4.1340337,3.761017
HOBBIES_TX_3,HOBBIES,TX_3,TX,2016-04-09,2,3.0,6.271281,4.596078,4.596078,4.0801697
HOBBIES_TX_3,HOBBIES,TX_3,TX,2016-04-10,5,1.0,5.9784307,4.456115,4.456115,3.7905996
HOBBIES_TX_3,HOBBIES,TX_3,TX,2016-04-11,6,6.0,4.480922,3.652423,3.652423,3.2620485
HOBBIES_TX_3,HOBBIES,TX_3,TX,2016-04-12,4,5.0,3.5509944,3.4724865,3.4724865,2.653064
HOBBIES_TX_3,HOBBIES,TX_3,TX,2016-04-13,6,8.0,4.6895247,3.5710385,3.5710385,3.258603
HOBBIES_TX_3,HOBBIES,TX_3,TX,2016-04-14,3,7.0,3.9554045,3.454438,3.454438,3.19662
HOBBIES_TX_3,HOBBIES,TX_3,TX,2016-04-15,3,3.0,3.3608267,4.0039663,4.0039663,3.5633056
HOBBIES_TX_3,HOBBIES,TX_3,TX,2016-04-16,2,2.0,5.2849975,4.5036755,4.5036755,4.0748863
HOBBIES_TX_3,HOBBIES,TX_3,TX,2016-04-17,3,5.0,5.3366284,4.558733,4.558733,4.157809
HOBBIES_TX_3,HOBBIES,TX_3,TX,2016-04-18,2,6.0,3.27365,3.4269543,3.4269543,2.8207538
HOBBIES_TX_3,HOBBIES,TX_3,TX,2016-04-19,2,4.0,2.8721151,3.4237325,3.4237325,3.2374165
HOBBIES_TX_3,HOBBIES,TX_3,TX,2016-04-20,6,6.0,2.5246413,3.3812869,3.3812869,2.9566886
HOBBIES_TX_3,HOBBIES,TX_3,TX,2016-04-21,9,3.0,2.3562837,3.378098,3.378098,3.144368
HOBBIES_TX_3,HOBBIES,TX_3,TX,2016-04-22,4,3.0,3.394439,4.125976,4.125976,3.6949956
HOBBIES_TX_3,HOBBIES,TX_3,TX,2016-04-23,6,2.0,5.174676,4.715422,4.715422,3.8914187
HOBBIES_TX_3,HOBBIES,TX_3,TX,2016-04-24,3,3.0,5.957779,4.9974775,4.9974775,4.2016425
HOBBIES_WI_1,HOBBIES,WI_1,WI,2016-02-29,3,12.0,4.1764817,4.2866917,4.2866917,3.936965
HOBBIES_WI_1,HOBBIES,WI_1,WI,2016-03-01,2,2.0,2.6445665,4.3282533,4.3282533,3.5168066
HOBBIES_WI_1,HOBBIES,WI_1,WI,2016-03-02,4,1.0,5.0398784,4.7197104,4.7197104,3.9392526
HOBBIES_WI_1,HOBBIES,WI_1,WI,2016-03-03,4,7.0,5.2163434,4.864835,4.864835,4.295187
HOBBIES_WI_1,HOBBIES,WI_1,WI,2016-03-04,6,3.0,3.7764187,5.1245904,5.1245904,4.9373407
HOBBIES_WI_1,HOBBIES,WI_1,WI,2016-03-05,12,14.0,8.312566,6.987592,6.987592,7.5288467
HOBBIES_WI_1,HOBBIES,WI_1,WI,2016-03-06,11,3.0,7.4322405,6.4003515,6.4003515,5.3908978
HOBBIES_WI_1,HOBBIES,WI_1,WI,2016-03-07,6,3.0,5.5771737,4.9949775,4.9949775,3.9450567
HOBBIES_WI_1,HOBBIES,WI_1,WI,2016-03-08,3,2.0,5.8548603,5.365248,5.365248,3.9258616
HOBBIES_WI_1,HOBBIES,WI_1,WI,2016-03-09,7,4.0,5.2586,5.2579713,5.2579713,3.7543056
HOBBIES_WI_1,HOBBIES,WI_1,WI,2016-03-10,4,4.0,6.358182,5.0828476,5.0828476,4.2833643
HOBBIES_WI_1,HOBBIES,WI_1,WI,2016-03-11,7,6.0,6.481918,6.5950117,6.5950117,5.5108232
HOBBIES_WI_1,HOBBIES,WI_1,WI,2016-03-12,5,12.0,9.860917,7.8854795,7.8854795,6.1312895
HOBBIES_WI_1,HOBBIES,WI_1,WI,2016-03-13,6,11.0,8.173455,6.3329186,6.3329186,5.967421
HOBBIES_WI_1,HOBBIES,WI_1,WI,2016-03-14,1,6.0,4.538506,4.976796,4.976796,4.1673064
HOBBIES_WI_1,HOBBIES,WI_1,WI,2016-03-15,5,3.0,3.661116,4.68799,4.68799,3.8861654
HOBBIES_WI_1,HOBBIES,WI_1,WI,2016-03-16,4,7.0,4.78105,4.5012946,4.5012946,4.1473994
HOBBIES_WI_1,HOBBIES,WI_1,WI,2016-03-17,3,4.0,4.0992107,4.4385567,4.4385567,4.2372417
HOBBIES_WI_1,HOBBIES,WI_1,WI,2016-03-18,3,7.0,3.8247976,5.6622195,5.6622195,5.2516375
HOBBIES_WI_1,HOBBIES,WI_1,WI,2016-03-19,7,5.0,7.034698,6.626913,6.626913,6.2727833
HOBBIES_WI_1,HOBBIES,WI_1,WI,2016-03-20,3,6.0,7.147367,6.3725405,6.3725405,5.866396
HOBBIES_WI_1,HOBBIES,WI_1,WI,2016-03-21,5,1.0,4.394098,4.6724706,4.6724706,4.3469095
HOBBIES_WI_1,HOBBIES,WI_1,WI,2016-03-22,5,5.0,2.939922,4.1108294,4.1108294,4.01502
HOBBIES_WI_1,HOBBIES,WI_1,WI,2016-03-23,0,4.0,2.9075592,4.1054997,4.1054997,4.0263863
HOBBIES_WI_1,HOBBIES,WI_1,WI,2016-03-24,3,3.0,2.6522415,4.103101,4.103101,3.687315
HOBBIES_WI_1,HOBBIES,WI_1,WI,2016-03-25,5,3.0,2.454183,5.118985,5.118985,5.221061
HOBBIES_WI_1,HOBBIES,WI_1,WI,2016-03-26,8,7.0,6.735563,5.723078,5.723078,6.2311625
HOBBIES_WI_1,HOBBIES,WI_1,WI,2016-03-27,7,3.0,5.1001906,4.602628,4.602628,4.440318
HOBBIES_WI_1,HOBBIES,WI_1,WI,2016-03-28,2,5.0,2.3412483,4.2782497,4.2782497,3.8423636
HOBBIES_WI_1,HOBBIES,WI_1,WI,2016-03-29,3,5.0,2.5327435,4.163567,4.163567,3.836705
HOBBIES_WI_1,HOBBIES,WI_1,WI,2016-03-30,1,0.0,2.5423818,4.052281,4.052281,3.8315377
HOBBIES_WI_1,HOBBIES,WI_1,WI,2016-03-31,15,3.0,2.3697278,4.008197,4.008197,3.4613535
HOBBIES_WI_1,HOBBIES,WI_1,WI,2016-04-01,13,5.0,4.424742,5.019182,5.019182,4.5367537
HOBBIES_WI_1,HOBBIES,WI_1,WI,2016-04-02,8,8.0,9.934821,7.497107,7.497107,6.234778
HOBBIES_WI_1,HOBBIES,WI_1,WI,2016-04-03,5,7.0,9.547976,7.152782,7.152782,4.9750905
HOBBIES_WI_1,HOBBIES,WI_1,WI,2016-04-04,2,2.0,6.147251,4.359477,4.359477,3.924079
HOBBIES_WI_1,HOBBIES,WI_1,WI,2016-04-05,4,3.0,5.7381487,4.6005826,4.6005826,3.777111
HOBBIES_WI_1,HOBBIES,WI_1,WI,2016-04-06,3,1.0,5.877095,4.6497974,4.6497974,3.626309
HOBBIES_WI_1,HOBBIES,WI_1,WI,2016-04-07,5,15.0,6.022036,4.405336,4.405336,4.766377
HOBBIES_WI_1,HOBBIES,WI_1,WI,2016-04-08,8,13.0,5.445423,5.3080707,5.3080707,5.7356462
HOBBIES_WI_1,HOBBIES,WI_1,WI,2016-04-09,11,8.0,7.3322105,6.252956,6.252956,6.724574
HOBBIES_WI_1,HOBBIES,WI_1,WI,2016-04-10,6,5.0,7.6079097,5.851086,5.851086,5.3802023
HOBBIES_WI_1,HOBBIES,WI_1,WI,2016-04-11,5,2.0,4.0991497,4.6135426,4.6135426,3.8009713
HOBBIES_WI_1,HOBBIES,WI_1,WI,2016-04-12,2,4.0,5.135546,4.9408574,4.9408574,3.9295008
HOBBIES_WI_1,HOBBIES,WI_1,WI,2016-04-13,3,3.0,4.566693,4.2391315,4.2391315,3.9812899
HOBBIES_WI_1,HOBBIES,WI_1,WI,2016-04-14,7,5.0,5.5482244,4.975972,4.975972,4.199243
HOBBIES_WI_1,HOBBIES,WI_1,WI,2016-04-15,3,8.0,5.6268234,6.0230503,6.0230503,4.81276
HOBBIES_WI_1,HOBBIES,WI_1,WI,2016-04-16,6,11.0,7.690165,6.4373055,6.4373055,5.5686727
HOBBIES_WI_1,HOBBIES,WI_1,WI,2016-04-17,3,6.0,6.200588,5.885962,5.885962,5.4540734
HOBBIES_WI_1,HOBBIES,WI_1,WI,2016-04-18,3,5.0,3.365612,4.4291096,4.4291096,3.7589142
HOBBIES_WI_1,HOBBIES,WI_1,WI,2016-04-19,3,2.0,3.3025606,4.1260786,4.1260786,3.7229526
HOBBIES_WI_1,HOBBIES,WI_1,WI,2016-04-20,1,3.0,2.3710024,3.9786415,3.9786415,3.7159047
HOBBIES_WI_1,HOBBIES,WI_1,WI,2016-04-21,0,7.0,2.8519275,4.203545,4.203545,3.9513776
HOBBIES_WI_1,HOBBIES,WI_1,WI,2016-04-22,8,3.0,2.624287,4.824948,4.824948,4.7154727
HOBBIES_WI_1,HOBBIES,WI_1,WI,2016-04-23,8,6.0,6.304858,5.938023,5.938023,5.7494993
HOBBIES_WI_1,HOBBIES,WI_1,WI,2016-04-24,12,3.0,5.9563813,5.411041,5.411041,4.5601997
HOBBIES_WI_2,HOBBIES,WI_2,WI,2016-02-29,3,0.0,0.103549115,1.6188184,1.6188184,1.5478597
HOBBIES_WI_2,HOBBIES,WI_2,WI,2016-03-01,1,1.0,0.5078507,1.6536797,1.6536797,1.6390394
HOBBIES_WI_2,HOBBIES,WI_2,WI,2016-03-02,0,1.0,1.8842807,1.8199934,1.8199934,1.9603502
HOBBIES_WI_2,HOBBIES,WI_2,WI,2016-03-03,7,3.0,1.4729995,1.8586456,1.8586456,1.9706379
HOBBIES_WI_2,HOBBIES,WI_2,WI,2016-03-04,1,0.0,1.7834072,2.0121288,2.0121288,1.8501506
HOBBIES_WI_2,HOBBIES,WI_2,WI,2016-03-05,1,2.0,4.428585,2.6171942,2.6171942,2.1949494
HOBBIES_WI_2,HOBBIES,WI_2,WI,2016-03-06,7,3.0,4.401852,2.3873348,2.3873348,2.0095496
HOBBIES_WI_2,HOBBIES,WI_2,WI,2016-03-07,3,3.0,2.067978,2.0543916,2.0543916,2.1626687
HOBBIES_WI_2,HOBBIES,WI_2,WI,2016-03-08,1,1.0,2.5491927,2.259527,2.259527,2.1552403
HOBBIES_WI_2,HOBBIES,WI_2,WI,2016-03-09,0,0.0,2.1626847,2.0507612,2.0507612,1.9780681
HOBBIES_WI_2,HOBBIES,WI_2,WI,2016-03-10,0,7.0,2.2512107,2.0809884,2.0809884,1.7034571
HOBBIES_WI_2,HOBBIES,WI_2,WI,2016-03-11,0,1.0,1.6178,2.1263711,2.1263711,1.9431527
HOBBIES_WI_2,HOBBIES,WI_2,WI,2016-03-12,4,1.0,3.952835,2.5038657,2.5038657,1.8883011
HOBBIES_WI_2,HOBBIES,WI_2,WI,2016-03-13,0,7.0,4.5222216,2.4473307,2.4473307,1.8785777
HOBBIES_WI_2,HOBBIES,WI_2,WI,2016-03-14,7,3.0,1.5866573,1.9669557,1.9669557,1.8160473
HOBBIES_WI_2,HOBBIES,WI_2,WI,2016-03-15,3,1.0,1.0265415,1.8786346,1.8786346,1.8229921
HOBBIES_WI_2,HOBBIES,WI_2,WI,2016-03-16,4,0.0,1.6761796,1.8949572,1.8949572,1.8988051
HOBBIES_WI_2,HOBBIES,WI_2,WI,2016-03-17,0,0.0,3.12988,2.355652,2.355652,2.3267436
HOBBIES_WI_2,HOBBIES,WI_2,WI,2016-03-18,0,0.0,1.7314814,2.1005483,2.1005483,1.8125404
HOBBIES_WI_2,HOBBIES,WI_2,WI,2016-03-19,1,4.0,4.1126175,2.524076,2.524076,1.7774028
HOBBIES_WI_2,HOBBIES,WI_2,WI,2016-03-20,3,0.0,4.3499503,2.625842,2.625842,1.7358179
HOBBIES_WI_2,HOBBIES,WI_2,WI,2016-03-21,0,7.0,1.5476596,2.118721,2.118721,1.8756934
HOBBIES_WI_2,HOBBIES,WI_2,WI,2016-03-22,3,3.0,0.7195108,1.9365427,1.9365427,1.959078
HOBBIES_WI_2,HOBBIES,WI_2,WI,2016-03-23,3,4.0,0.46267915,1.8267004,1.8267004,1.8483163
HOBBIES_WI_2,HOBBIES,WI_2,WI,2016-03-24,1,0.0,0.19525361,2.024164,2.024164,1.7452829
HOBBIES_WI_2,HOBBIES,WI_2,WI,2016-03-25,4,0.0,0.0,2.0790954,2.0790954,1.8420247
HOBBIES_WI_2,HOBBIES,WI_2,WI,2016-03-26,3,1.0,3.3999615,2.817747,2.817747,2.0100656
HOBBIES_WI_2,HOBBIES,WI_2,WI,2016-03-27,3,3.0,3.332446,2.232187,2.232187,1.716059
HOBBIES_WI_2,HOBBIES,WI_2,WI,2016-03-28,1,0.0,1.1036191,2.407893,2.407893,1.9837446
HOBBIES_WI_2,HOBBIES,WI_2,WI,2016-03-29,3,3.0,0.9290604,2.1391077,2.1391077,1.8875301
HOBBIES_WI_2,HOBBIES,WI_2,WI,2016-03-30,2,3.0,0.63852453,2.141369,2.141369,1.723831
HOBBIES_WI_2,HOBBIES,WI_2,WI,2016-03-31,2,1.0,1.4397427,2.2306533,2.2306533,2.2462254
HOBBIES_WI_2,HOBBIES,WI_2,WI,2016-04-01,2,4.0,0.88702106,2.3660247,2.3660247,2.22014
HOBBIES_WI_2,HOBBIES,WI_2,WI,2016-04-02,2,3.0,4.0563707,2.6876915,2.6876915,1.773065
HOBBIES_WI_2,HOBBIES,WI_2,WI,2016-04-03,3,3.0,5.1135855,2.8686852,2.8686852,2.0615468
HOBBIES_WI_2,HOBBIES,WI_2,WI,2016-04-04,2,1.0,1.7092754,1.9339288,1.9339288,1.9494644
HOBBIES_WI_2,HOBBIES,WI_2,WI,2016-04-05,0,3.0,1.7863293,1.9877623,1.9877623,1.9200804
HOBBIES_WI_2,HOBBIES,WI_2,WI,2016-04-06,1,2.0,1.1159179,1.9037284,1.9037284,1.7455462
HOBBIES_WI_2,HOBBIES,WI_2,WI,2016-04-07,3,2.0,1.032833,1.9034777,1.9034777,1.919002
HOBBIES_WI_2,HOBBIES,WI_2,WI,2016-04-08,1,2.0,1.4378947,2.3317146,2.3317146,1.9186424
HOBBIES_WI_2,HOBBIES,WI_2,WI,2016-04-09,7,2.0,4.347626,2.8378084,2.8378084,2.0490925
HOBBIES_WI_2,HOBBIES,WI_2,WI,2016-04-10,3,3.0,4.162516,2.900196,2.900196,2.2386758
HOBBIES_WI_2,HOBBIES,WI_2,WI,2016-04-11,3,2.0,2.672702,2.445173,2.445173,1.8841332
HOBBIES_WI_2,HOBBIES,WI_2,WI,2016-04-12,2,0.0,2.3113039,2.429553,2.429553,1.9066653
HOBBIES_WI_2,HOBBIES,WI_2,WI,2016-04-13,2,1.0,2.5378923,2.3260787,2.3260787,1.9402368
HOBBIES_WI_2,HOBBIES,WI_2,WI,2016-04-14,1,3.0,2.064952,2.3945653,2.3945653,2.132847
HOBBIES_WI_2,HOBBIES,WI_2,WI,2016-04-15,2,1.0,1.8548597,2.4597673,2.4597673,2.0319068
HOBBIES_WI_2,HOBBIES,WI_2,WI,2016-04-16,4,7.0,4.4746375,3.185413,3.185413,2.514776
HOBBIES_WI_2,HOBBIES,WI_2,WI,2016-04-17,2,3.0,4.467526,2.9409904,2.9409904,2.3936803
HOBBIES_WI_2,HOBBIES,WI_2,WI,2016-04-18,1,3.0,1.2262707,2.1792288,2.1792288,2.0051098
HOBBIES_WI_2,HOBBIES,WI_2,WI,2016-04-19,2,2.0,1.2073174,2.1139877,2.1139877,1.8914522
HOBBIES_WI_2,HOBBIES,WI_2,WI,2016-04-20,1,2.0,1.3492235,2.22383,2.22383,2.0620868
HOBBIES_WI_2,HOBBIES,WI_2,WI,2016-04-21,3,1.0,1.0405105,2.2493448,2.2493448,2.0707734
HOBBIES_WI_2,HOBBIES,WI_2,WI,2016-04-22,3,2.0,1.5653481,2.5047219,2.5047219,2.2286658
HOBBIES_WI_2,HOBBIES,WI_2,WI,2016-04-23,2,4.0,4.3499403,3.038426,3.038426,2.5693595
HOBBIES_WI_2,HOBBIES,WI_2,WI,2016-04-24,1,2.0,3.7579653,2.8445704,2.8445704,2.0401006
HOBBIES_WI_3,HOBBIES,WI_3,WI,2016-02-29,2,2.0,2.037477,3.4427357,3.4427357,3.1728494
HOBBIES_WI_3,HOBBIES,WI_3,WI,2016-03-01,3,3.0,2.50868,3.3338377,3.3338377,2.785139
HOBBIES_WI_3,HOBBIES,WI_3,WI,2016-03-02,7,4.0,3.0016437,3.5225804,3.5225804,3.1265786
HOBBIES_WI_3,HOBBIES,WI_3,WI,2016-03-03,3,0.0,4.1260467,3.775286,3.775286,3.636634
HOBBIES_WI_3,HOBBIES,WI_3,WI,2016-03-04,4,13.0,4.450204,4.2935143,4.2935143,4.303448
HOBBIES_WI_3,HOBBIES,WI_3,WI,2016-03-05,6,2.0,5.522393,4.8832517,4.8832517,4.290983
HOBBIES_WI_3,HOBBIES,WI_3,WI,2016-03-06,6,3.0,5.835138,4.9928923,4.9928923,3.8824046
HOBBIES_WI_3,HOBBIES,WI_3,WI,2016-03-07,6,2.0,3.2562718,3.8963768,3.8963768,3.6829681
HOBBIES_WI_3,HOBBIES,WI_3,WI,2016-03-08,1,3.0,4.1571283,4.2559123,4.2559123,3.8519168
HOBBIES_WI_3,HOBBIES,WI_3,WI,2016-03-09,2,7.0,4.7292485,4.3005214,4.3005214,4.1925745
HOBBIES_WI_3,HOBBIES,WI_3,WI,2016-03-10,9,3.0,3.7170963,3.6749358,3.6749358,3.5772364
HOBBIES_WI_3,HOBBIES,WI_3,WI,2016-03-11,7,4.0,5.462881,5.2359757,5.2359757,5.161105
HOBBIES_WI_3,HOBBIES,WI_3,WI,2016-03-12,9,6.0,8.027681,6.026316,6.026316,5.336335
HOBBIES_WI_3,HOBBIES,WI_3,WI,2016-03-13,5,6.0,6.8777876,5.224107,5.224107,4.446959
HOBBIES_WI_3,HOBBIES,WI_3,WI,2016-03-14,2,6.0,4.6831894,4.490359,4.490359,3.896205
HOBBIES_WI_3,HOBBIES,WI_3,WI,2016-03-15,4,1.0,4.805879,4.2756987,4.2756987,3.7828732
HOBBIES_WI_3,HOBBIES,WI_3,WI,2016-03-16,4,2.0,4.5553308,3.942608,3.942608,3.7935455
HOBBIES_WI_3,HOBBIES,WI_3,WI,2016-03-17,6,9.0,4.97874,4.068572,4.068572,4.3097215
HOBBIES_WI_3,HOBBIES,WI_3,WI,2016-03-18,5,7.0,4.851641,5.070032,5.070032,5.168811
HOBBIES_WI_3,HOBBIES,WI_3,WI,2016-03-19,4,9.0,6.516338,5.9731927,5.9731927,5.8796406
HOBBIES_WI_3,HOBBIES,WI_3,WI,2016-03-20,5,5.0,6.213435,5.5186844,5.5186844,5.350868
HOBBIES_WI_3,HOBBIES,WI_3,WI,2016-03-21,0,2.0,3.232427,4.140827,4.140827,4.0770473
HOBBIES_WI_3,HOBBIES,WI_3,WI,2016-03-22,3,4.0,2.8036284,3.9154508,3.9154508,3.9656599
HOBBIES_WI_3,HOBBIES,WI_3,WI,2016-03-23,10,4.0,2.7558534,3.8455584,3.8455584,4.102544
HOBBIES_WI_3,HOBBIES,WI_3,WI,2016-03-24,4,6.0,2.801782,4.1425705,4.1425705,3.7735953
HOBBIES_WI_3,HOBBIES,WI_3,WI,2016-03-25,7,5.0,4.618392,5.590536,5.590536,5.7071896
HOBBIES_WI_3,HOBBIES,WI_3,WI,2016-03-26,1,4.0,5.7052383,5.9090075,5.9090075,5.2641473
HOBBIES_WI_3,HOBBIES,WI_3,WI,2016-03-27,3,5.0,5.11123,4.846955,4.846955,4.5313363
HOBBIES_WI_3,HOBBIES,WI_3,WI,2016-03-28,7,0.0,1.7392641,4.041787,4.041787,3.7428071
HOBBIES_WI_3,HOBBIES,WI_3,WI,2016-03-29,3,3.0,3.1523554,4.158432,4.158432,3.8348043
HOBBIES_WI_3,HOBBIES,WI_3,WI,2016-03-30,3,10.0,3.6387014,4.220131,4.220131,3.6293507
HOBBIES_WI_3,HOBBIES,WI_3,WI,2016-03-31,0,4.0,2.298704,3.9474862,3.9474862,3.6150818
HOBBIES_WI_3,HOBBIES,WI_3,WI,2016-04-01,1,7.0,2.3911912,4.5685563,4.5685563,4.660875
HOBBIES_WI_3,HOBBIES,WI_3,WI,2016-04-02,6,1.0,5.358966,5.4564795,5.4564795,5.0113707
HOBBIES_WI_3,HOBBIES,WI_3,WI,2016-04-03,5,3.0,6.0142612,5.660782,5.660782,4.726729
HOBBIES_WI_3,HOBBIES,WI_3,WI,2016-04-04,5,7.0,3.2836788,3.9559145,3.9559145,3.8724961
HOBBIES_WI_3,HOBBIES,WI_3,WI,2016-04-05,2,3.0,2.4461222,3.926954,3.926954,3.6565406
HOBBIES_WI_3,HOBBIES,WI_3,WI,2016-04-06,5,3.0,3.0316396,4.0676694,4.0676694,4.059259
HOBBIES_WI_3,HOBBIES,WI_3,WI,2016-04-07,0,0.0,3.9720373,3.9080276,3.9080276,3.8929203
HOBBIES_WI_3,HOBBIES,WI_3,WI,2016-04-08,22,1.0,3.8303072,4.6073976,4.6073976,3.9060707
HOBBIES_WI_3,HOBBIES,WI_3,WI,2016-04-09,2,6.0,8.683779,7.5344048,7.5344048,5.8959336
HOBBIES_WI_3,HOBBIES,WI_3,WI,2016-04-10,2,5.0,7.658157,6.732875,6.732875,4.985888
HOBBIES_WI_3,HOBBIES,WI_3,WI,2016-04-11,2,5.0,4.7198586,5.8038,5.8038,3.6739824
HOBBIES_WI_3,HOBBIES,WI_3,WI,2016-04-12,4,2.0,4.417025,6.2066927,6.2066927,3.8738143
HOBBIES_WI_3,HOBBIES,WI_3,WI,2016-04-13,3,5.0,4.4484525,5.3297887,5.3297887,3.8579285
HOBBIES_WI_3,HOBBIES,WI_3,WI,2016-04-14,6,0.0,4.5079207,6.2171803,6.2171803,3.9027214
HOBBIES_WI_3,HOBBIES,WI_3,WI,2016-04-15,4,22.0,5.0912857,5.3817215,5.3817215,5.1069965
HOBBIES_WI_3,HOBBIES,WI_3,WI,2016-04-16,1,2.0,5.4810843,4.9775805,4.9775805,4.2433133
HOBBIES_WI_3,HOBBIES,WI_3,WI,2016-04-17,10,2.0,5.4250803,4.880946,4.880946,4.024437
HOBBIES_WI_3,HOBBIES,WI_3,WI,2016-04-18,1,2.0,2.9584827,3.9300375,3.9300375,3.5155847
HOBBIES_WI_3,HOBBIES,WI_3,WI,2016-04-19,5,4.0,3.113248,3.8505163,3.8505163,3.7487495
HOBBIES_WI_3,HOBBIES,WI_3,WI,2016-04-20,6,3.0,4.511883,3.9940388,3.9940388,3.865602
HOBBIES_WI_3,HOBBIES,WI_3,WI,2016-04-21,2,6.0,3.3315938,3.8302517,3.8302517,3.7265153
HOBBIES_WI_3,HOBBIES,WI_3,WI,2016-04-22,5,4.0,5.173376,4.488025,4.488025,3.6094658
HOBBIES_WI_3,HOBBIES,WI_3,WI,2016-04-23,2,1.0,5.1754274,5.021392,5.021392,3.4753516
HOBBIES_WI_3,HOBBIES,WI_3,WI,2016-04-24,1,10.0,5.461047,5.028499,5.028499,3.6874208
HOUSEHOLD_CA_1,HOUSEHOLD,CA_1,CA,2016-02-29,12,9.0,11.105732,9.81925,11.319502,11.043488
HOUSEHOLD_CA_1,HOUSEHOLD,CA_1,CA,2016-03-01,6,8.0,10.896878,9.687069,11.187321,10.632901
HOUSEHOLD_CA_1,HOUSEHOLD,CA_1,CA,2016-03-02,13,11.0,10.902148,9.764362,11.264613,10.126811
HOUSEHOLD_CA_1,HOUSEHOLD,CA_1,CA,2016-03-03,10,7.0,11.43,10.059862,11.560114,10.910033
HOUSEHOLD_CA_1,HOUSEHOLD,CA_1,CA,2016-03-04,10,9.0,11.077359,10.8808975,12.381149,10.825799
HOUSEHOLD_CA_1,HOUSEHOLD,CA_1,CA,2016-03-05,13,21.0,14.013273,14.071946,15.572198,17.137327
HOUSEHOLD_CA_1,HOUSEHOLD,CA_1,CA,2016-03-06,13,15.0,12.915969,12.462652,13.962904,14.808566
HOUSEHOLD_CA_1,HOUSEHOLD,CA_1,CA,2016-03-07,14,12.0,9.622165,10.379822,11.880074,10.042898
HOUSEHOLD_CA_1,HOUSEHOLD,CA_1,CA,2016-03-08,10,6.0,10.090256,10.502096,12.002348,10.792404
HOUSEHOLD_CA_1,HOUSEHOLD,CA_1,CA,2016-03-09,17,13.0,10.5555525,10.826429,12.32668,10.983085
HOUSEHOLD_CA_1,HOUSEHOLD,CA_1,CA,2016-03-10,11,10.0,11.360072,11.369021,12.869272,12.388276
HOUSEHOLD_CA_1,HOUSEHOLD,CA_1,CA,2016-03-11,13,10.0,10.733984,11.371382,12.871634,13.250393
HOUSEHOLD_CA_1,HOUSEHOLD,CA_1,CA,2016-03-12,21,13.0,15.340137,16.026358,17.52661,17.176573
HOUSEHOLD_CA_1,HOUSEHOLD,CA_1,CA,2016-03-13,17,13.0,15.286479,16.736185,18.236437,18.619373
HOUSEHOLD_CA_1,HOUSEHOLD,CA_1,CA,2016-03-14,15,14.0,13.398846,12.58014,14.080392,14.246443
HOUSEHOLD_CA_1,HOUSEHOLD,CA_1,CA,2016-03-15,10,10.0,12.522923,11.45104,12.951291,13.485255
HOUSEHOLD_CA_1,HOUSEHOLD,CA_1,CA,2016-03-16,7,17.0,13.973841,12.363633,13.863885,14.354634
HOUSEHOLD_CA_1,HOUSEHOLD,CA_1,CA,2016-03-17,9,11.0,13.31036,11.055966,12.556217,13.56363
HOUSEHOLD_CA_1,HOUSEHOLD,CA_1,CA,2016-03-18,11,13.0,11.527097,11.764471,13.264723,13.96843
HOUSEHOLD_CA_1,HOUSEHOLD,CA_1,CA,2016-03-19,23,21.0,14.081595,14.794834,16.295086,17.33356
HOUSEHOLD_CA_1,HOUSEHOLD,CA_1,CA,2016-03-20,20,17.0,14.160584,16.301483,17.801735,18.262556
HOUSEHOLD_CA_1,HOUSEHOLD,CA_1,CA,2016-03-21,10,15.0,11.2976,11.947761,13.448012,14.627179
HOUSEHOLD_CA_1,HOUSEHOLD,CA_1,CA,2016-03-22,11,10.0,10.241725,10.393188,11.893439,13.073708
HOUSEHOLD_CA_1,HOUSEHOLD,CA_1,CA,2016-03-23,11,7.0,11.302657,11.113081,12.613333,13.344428
HOUSEHOLD_CA_1,HOUSEHOLD,CA_1,CA,2016-03-24,6,9.0,10.573049,10.759179,12.259431,13.600107
HOUSEHOLD_CA_1,HOUSEHOLD,CA_1,CA,2016-03-25,14,11.0,10.740591,12.140254,13.640506,14.83576
HOUSEHOLD_CA_1,HOUSEHOLD,CA_1,CA,2016-03-26,7,23.0,16.131012,17.75415,19.254402,20.3334
HOUSEHOLD_CA_1,HOUSEHOLD,CA_1,CA,2016-03-27,18,20.0,13.523784,14.053965,15.554216,15.578239
HOUSEHOLD_CA_1,HOUSEHOLD,CA_1,CA,2016-03-28,12,10.0,9.854495,10.600922,12.101173,11.348705
HOUSEHOLD_CA_1,HOUSEHOLD,CA_1,CA,2016-03-29,9,11.0,8.763638,9.404989,10.90524,11.422717
HOUSEHOLD_CA_1,HOUSEHOLD,CA_1,CA,2016-03-30,11,11.0,9.447458,9.552343,11.052594,12.121119
HOUSEHOLD_CA_1,HOUSEHOLD,CA_1,CA,2016-03-31,17,6.0,9.125526,9.357344,10.857595,11.771352
HOUSEHOLD_CA_1,HOUSEHOLD,CA_1,CA,2016-04-01,15,14.0,11.605861,12.190958,13.69121,13.693179
HOUSEHOLD_CA_1,HOUSEHOLD,CA_1,CA,2016-04-02,15,7.0,15.560758,16.058945,17.559196,18.3284
HOUSEHOLD_CA_1,HOUSEHOLD,CA_1,CA,2016-04-03,14,18.0,16.17723,17.503345,19.003597,19.218851
HOUSEHOLD_CA_1,HOUSEHOLD,CA_1,CA,2016-04-04,7,12.0,12.57093,12.760584,14.260836,14.181218
HOUSEHOLD_CA_1,HOUSEHOLD,CA_1,CA,2016-04-05,4,9.0,11.537862,10.91052,12.410771,12.464903
HOUSEHOLD_CA_1,HOUSEHOLD,CA_1,CA,2016-04-06,15,11.0,12.212144,11.102598,12.60285,12.636296
HOUSEHOLD_CA_1,HOUSEHOLD,CA_1,CA,2016-04-07,12,17.0,11.347483,10.83408,12.3343315,11.792886
HOUSEHOLD_CA_1,HOUSEHOLD,CA_1,CA,2016-04-08,13,15.0,11.638175,12.362251,13.862502,11.81816
HOUSEHOLD_CA_1,HOUSEHOLD,CA_1,CA,2016-04-09,15,15.0,14.698377,13.4291725,14.929424,15.766974
HOUSEHOLD_CA_1,HOUSEHOLD,CA_1,CA,2016-04-10,16,14.0,14.893414,14.331264,15.831515,16.56595
HOUSEHOLD_CA_1,HOUSEHOLD,CA_1,CA,2016-04-11,13,7.0,11.738604,11.2115755,12.711827,12.5840845
HOUSEHOLD_CA_1,HOUSEHOLD,CA_1,CA,2016-04-12,3,4.0,11.276108,9.962073,11.462324,12.376878
HOUSEHOLD_CA_1,HOUSEHOLD,CA_1,CA,2016-04-13,7,15.0,10.833622,9.974162,11.474414,11.941801
HOUSEHOLD_CA_1,HOUSEHOLD,CA_1,CA,2016-04-14,9,12.0,10.686828,9.79448,11.294731,11.320497
HOUSEHOLD_CA_1,HOUSEHOLD,CA_1,CA,2016-04-15,7,13.0,10.455925,10.638609,12.138861,11.909589
HOUSEHOLD_CA_1,HOUSEHOLD,CA_1,CA,2016-04-16,14,15.0,14.082637,14.2912655,15.791517,17.016626
HOUSEHOLD_CA_1,HOUSEHOLD,CA_1,CA,2016-04-17,8,16.0,13.369488,13.802428,15.302679,15.83272
HOUSEHOLD_CA_1,HOUSEHOLD,CA_1,CA,2016-04-18,6,13.0,7.7642035,8.663937,10.164188,10.10962
HOUSEHOLD_CA_1,HOUSEHOLD,CA_1,CA,2016-04-19,2,3.0,6.845624,7.723982,9.224234,9.612693
HOUSEHOLD_CA_1,HOUSEHOLD,CA_1,CA,2016-04-20,11,7.0,7.56989,7.619487,9.119739,9.318481
HOUSEHOLD_CA_1,HOUSEHOLD,CA_1,CA,2016-04-21,12,9.0,6.9784217,7.8054547,9.305706,9.220215
HOUSEHOLD_CA_1,HOUSEHOLD,CA_1,CA,2016-04-22,10,7.0,8.638781,9.081834,10.582086,10.549559
HOUSEHOLD_CA_1,HOUSEHOLD,CA_1,CA,2016-04-23,21,14.0,10.391303,11.235478,12.735729,13.786718
HOUSEHOLD_CA_1,HOUSEHOLD,CA_1,CA,2016-04-24,14,8.0,12.960327,13.569663,15.069915,15.238742
HOUSEHOLD_CA_2,HOUSEHOLD,CA_2,CA,2016-02-29,15,13.0,14.034248,14.401614,15.901866,15.437605
HOUSEHOLD_CA_2,HOUSEHOLD,CA_2,CA,2016-03-01,16,10.0,13.251081,13.105765,14.606016,14.604231
HOUSEHOLD_CA_2,HOUSEHOLD,CA_2,CA,2016-03-02,9,10.0,14.412392,13.5770645,15.077316,14.702994
HOUSEHOLD_CA_2,HOUSEHOLD,CA_2,CA,2016-03-03,14,15.0,13.947424,13.232856,14.733108,14.917107
HOUSEHOLD_CA_2,HOUSEHOLD,CA_2,CA,2016-03-04,9,11.0,14.070377,14.512105,16.012356,15.369841
HOUSEHOLD_CA_2,HOUSEHOLD,CA_2,CA,2016-03-05,20,20.0,18.927544,18.239283,19.739534,22.226322
HOUSEHOLD_CA_2,HOUSEHOLD,CA_2,CA,2016-03-06,23,22.0,17.519327,19.169336,20.669588,20.598192
HOUSEHOLD_CA_2,HOUSEHOLD,CA_2,CA,2016-03-07,9,15.0,12.759185,13.503793,15.004045,16.08576
HOUSEHOLD_CA_2,HOUSEHOLD,CA_2,CA,2016-03-08,11,16.0,12.250267,13.080733,14.580984,14.23183
HOUSEHOLD_CA_2,HOUSEHOLD,CA_2,CA,2016-03-09,4,9.0,12.192404,12.444474,13.944725,13.886642
HOUSEHOLD_CA_2,HOUSEHOLD,CA_2,CA,2016-03-10,12,14.0,13.871874,12.128142,13.628393,14.094207
HOUSEHOLD_CA_2,HOUSEHOLD,CA_2,CA,2016-03-11,9,9.0,12.962999,12.267588,13.767839,14.451547
HOUSEHOLD_CA_2,HOUSEHOLD,CA_2,CA,2016-03-12,36,20.0,16.88434,17.637413,19.137665,20.688656
HOUSEHOLD_CA_2,HOUSEHOLD,CA_2,CA,2016-03-13,31,23.0,18.584534,18.408691,19.908943,20.750046
HOUSEHOLD_CA_2,HOUSEHOLD,CA_2,CA,2016-03-14,17,9.0,16.871534,15.683544,17.183796,14.827494
HOUSEHOLD_CA_2,HOUSEHOLD,CA_2,CA,2016-03-15,21,11.0,16.332287,14.783979,16.284231,13.239169
HOUSEHOLD_CA_2,HOUSEHOLD,CA_2,CA,2016-03-16,12,4.0,16.499325,13.427597,14.927849,13.8672
HOUSEHOLD_CA_2,HOUSEHOLD,CA_2,CA,2016-03-17,14,12.0,17.779703,13.710501,15.2107525,14.269385
HOUSEHOLD_CA_2,HOUSEHOLD,CA_2,CA,2016-03-18,14,9.0,16.15181,15.12857,16.628822,15.3539
HOUSEHOLD_CA_2,HOUSEHOLD,CA_2,CA,2016-03-19,12,36.0,21.475258,21.38606,22.88631,24.318811
HOUSEHOLD_CA_2,HOUSEHOLD,CA_2,CA,2016-03-20,9,31.0,19.61324,21.041779,22.54203,22.471416
HOUSEHOLD_CA_2,HOUSEHOLD,CA_2,CA,2016-03-21,14,17.0,11.830169,13.136643,14.636894,14.424763
HOUSEHOLD_CA_2,HOUSEHOLD,CA_2,CA,2016-03-22,14,21.0,11.128815,12.15136,13.651611,14.944438
HOUSEHOLD_CA_2,HOUSEHOLD,CA_2,CA,2016-03-23,14,12.0,9.746824,10.50624,12.006492,13.178364
HOUSEHOLD_CA_2,HOUSEHOLD,CA_2,CA,2016-03-24,8,14.0,11.329409,10.78678,12.287031,12.724113
HOUSEHOLD_CA_2,HOUSEHOLD,CA_2,CA,2016-03-25,13,14.0,9.837218,11.596909,13.09716,13.608672
HOUSEHOLD_CA_2,HOUSEHOLD,CA_2,CA,2016-03-26,23,12.0,15.734599,15.17291,16.673162,19.790113
HOUSEHOLD_CA_2,HOUSEHOLD,CA_2,CA,2016-03-27,16,9.0,17.35268,16.894495,18.394747,20.781301
HOUSEHOLD_CA_2,HOUSEHOLD,CA_2,CA,2016-03-28,3,14.0,13.159685,14.1547365,15.654988,15.100472
HOUSEHOLD_CA_2,HOUSEHOLD,CA_2,CA,2016-03-29,11,14.0,12.571599,12.083747,13.583999,14.305342
HOUSEHOLD_CA_2,HOUSEHOLD,CA_2,CA,2016-03-30,11,14.0,10.455158,11.157754,12.658006,13.710792
HOUSEHOLD_CA_2,HOUSEHOLD,CA_2,CA,2016-03-31,13,8.0,11.070709,11.45697,12.957222,13.186148
HOUSEHOLD_CA_2,HOUSEHOLD,CA_2,CA,2016-04-01,15,13.0,11.928446,13.026328,14.52658,15.039404
HOUSEHOLD_CA_2,HOUSEHOLD,CA_2,CA,2016-04-02,25,23.0,16.182291,17.151346,18.651598,21.314547
HOUSEHOLD_CA_2,HOUSEHOLD,CA_2,CA,2016-04-03,11,16.0,16.661102,18.105915,19.606167,22.072523
HOUSEHOLD_CA_2,HOUSEHOLD,CA_2,CA,2016-04-04,18,3.0,11.730932,12.741165,14.241417,15.095962
HOUSEHOLD_CA_2,HOUSEHOLD,CA_2,CA,2016-04-05,2,11.0,13.60592,13.436581,14.936832,14.370095
HOUSEHOLD_CA_2,HOUSEHOLD,CA_2,CA,2016-04-06,8,11.0,11.6581745,12.484616,13.984867,14.028366
HOUSEHOLD_CA_2,HOUSEHOLD,CA_2,CA,2016-04-07,7,13.0,12.186897,12.390579,13.89083,13.627135
HOUSEHOLD_CA_2,HOUSEHOLD,CA_2,CA,2016-04-08,10,15.0,11.369223,12.909473,14.409724,14.093044
HOUSEHOLD_CA_2,HOUSEHOLD,CA_2,CA,2016-04-09,10,25.0,18.214067,16.18088,17.681131,19.094862
HOUSEHOLD_CA_2,HOUSEHOLD,CA_2,CA,2016-04-10,18,11.0,15.377959,14.55825,16.058502,17.40634
HOUSEHOLD_CA_2,HOUSEHOLD,CA_2,CA,2016-04-11,17,18.0,10.426957,10.634139,12.134391,12.205288
HOUSEHOLD_CA_2,HOUSEHOLD,CA_2,CA,2016-04-12,8,2.0,11.469565,10.117799,11.618051,13.048243
HOUSEHOLD_CA_2,HOUSEHOLD,CA_2,CA,2016-04-13,3,8.0,10.573101,9.590221,11.090472,11.596572
HOUSEHOLD_CA_2,HOUSEHOLD,CA_2,CA,2016-04-14,11,7.0,10.517329,9.986166,11.486418,11.280983
HOUSEHOLD_CA_2,HOUSEHOLD,CA_2,CA,2016-04-15,13,10.0,11.03936,10.910793,12.411044,12.332276
HOUSEHOLD_CA_2,HOUSEHOLD,CA_2,CA,2016-04-16,12,10.0,14.149449,14.028548,15.528799,15.898847
HOUSEHOLD_CA_2,HOUSEHOLD,CA_2,CA,2016-04-17,17,18.0,12.780654,13.840767,15.341019,16.156572
HOUSEHOLD_CA_2,HOUSEHOLD,CA_2,CA,2016-04-18,13,17.0,11.416534,11.613859,13.114111,12.482758
HOUSEHOLD_CA_2,HOUSEHOLD,CA_2,CA,2016-04-19,19,8.0,9.669042,10.244202,11.744453,11.935249
HOUSEHOLD_CA_2,HOUSEHOLD,CA_2,CA,2016-04-20,16,3.0,11.310478,11.000906,12.501158,12.951865
HOUSEHOLD_CA_2,HOUSEHOLD,CA_2,CA,2016-04-21,9,11.0,11.514395,11.963961,13.464212,12.902037
HOUSEHOLD_CA_2,HOUSEHOLD,CA_2,CA,2016-04-22,15,13.0,12.30797,12.634254,14.134505,13.498984
HOUSEHOLD_CA_2,HOUSEHOLD,CA_2,CA,2016-04-23,18,12.0,16.52812,16.442953,17.943205,18.542206
HOUSEHOLD_CA_2,HOUSEHOLD,CA_2,CA,2016-04-24,14,17.0,16.651693,17.897158,19.39741,18.247314
HOUSEHOLD_CA_3,HOUSEHOLD,CA_3,CA,2016-02-29,19,19.0,16.370052,15.59535,17.095602,16.648035
HOUSEHOLD_CA_3,HOUSEHOLD,CA_3,CA,2016-03-01,16,13.0,14.655416,14.112648,15.6129,16.128344
HOUSEHOLD_CA_3,HOUSEHOLD,CA_3,CA,2016-03-02,24,14.0,15.574782,14.30366,15.803911,15.920577
HOUSEHOLD_CA_3,HOUSEHOLD,CA_3,CA,2016-03-03,16,14.0,16.32246,15.043409,16.543661,17.28833
HOUSEHOLD_CA_3,HOUSEHOLD,CA_3,CA,2016-03-04,18,11.0,17.694448,16.812304,18.312555,18.416538
HOUSEHOLD_CA_3,HOUSEHOLD,CA_3,CA,2016-03-05,22,23.0,20.713514,21.906029,23.40628,24.387182
HOUSEHOLD_CA_3,HOUSEHOLD,CA_3,CA,2016-03-06,21,22.0,19.927303,22.928047,24.428299,22.9268
HOUSEHOLD_CA_3,HOUSEHOLD,CA_3,CA,2016-03-07,27,19.0,17.16135,17.267164,18.767416,16.467781
HOUSEHOLD_CA_3,HOUSEHOLD,CA_3,CA,2016-03-08,11,16.0,18.914145,16.655676,18.155928,16.952105
HOUSEHOLD_CA_3,HOUSEHOLD,CA_3,CA,2016-03-09,20,24.0,18.247807,16.155685,17.655937,16.725565
HOUSEHOLD_CA_3,HOUSEHOLD,CA_3,CA,2016-03-10,16,16.0,16.834372,16.407228,17.90748,16.732508
HOUSEHOLD_CA_3,HOUSEHOLD,CA_3,CA,2016-03-11,22,18.0,17.036762,16.195301,17.695553,17.509727
HOUSEHOLD_CA_3,HOUSEHOLD,CA_3,CA,2016-03-12,20,22.0,23.705309,22.995634,24.495886,24.458588
HOUSEHOLD_CA_3,HOUSEHOLD,CA_3,CA,2016-03-13,24,21.0,20.876698,20.907007,22.407259,23.584738
HOUSEHOLD_CA_3,HOUSEHOLD,CA_3,CA,2016-03-14,17,27.0,20.380136,17.399792,18.900043,17.603706
HOUSEHOLD_CA_3,HOUSEHOLD,CA_3,CA,2016-03-15,15,11.0,17.702362,14.500413,16.000664,16.385033
HOUSEHOLD_CA_3,HOUSEHOLD,CA_3,CA,2016-03-16,7,20.0,18.482475,14.86254,16.362791,16.093895
HOUSEHOLD_CA_3,HOUSEHOLD,CA_3,CA,2016-03-17,18,16.0,15.783014,13.294023,14.794274,15.044027
HOUSEHOLD_CA_3,HOUSEHOLD,CA_3,CA,2016-03-18,20,22.0,15.5180435,15.723105,17.223356,17.815783
HOUSEHOLD_CA_3,HOUSEHOLD,CA_3,CA,2016-03-19,29,20.0,19.233036,19.82878,21.329031,21.653656
HOUSEHOLD_CA_3,HOUSEHOLD,CA_3,CA,2016-03-20,31,24.0,20.350285,21.443459,22.94371,22.536995
HOUSEHOLD_CA_3,HOUSEHOLD,CA_3,CA,2016-03-21,29,17.0,18.353357,15.602243,17.102495,17.920168
HOUSEHOLD_CA_3,HOUSEHOLD,CA_3,CA,2016-03-22,14,15.0,17.501017,15.200845,16.701096,17.932661
HOUSEHOLD_CA_3,HOUSEHOLD,CA_3,CA,2016-03-23,16,7.0,18.18914,15.495465,16.995716,17.283484
HOUSEHOLD_CA_3,HOUSEHOLD,CA_3,CA,2016-03-24,11,18.0,18.694613,16.217165,17.717417,17.943829
HOUSEHOLD_CA_3,HOUSEHOLD,CA_3,CA,2016-03-25,22,20.0,17.968878,18.138908,19.63916,20.176483
HOUSEHOLD_CA_3,HOUSEHOLD,CA_3,CA,2016-03-26,24,29.0,22.478146,23.75871,25.25896,24.230867
HOUSEHOLD_CA_3,HOUSEHOLD,CA_3,CA,2016-03-27,25,31.0,22.491026,22.541185,24.041437,24.982914
HOUSEHOLD_CA_3,HOUSEHOLD,CA_3,CA,2016-03-28,18,29.0,17.993412,15.572967,17.07322,19.50036
HOUSEHOLD_CA_3,HOUSEHOLD,CA_3,CA,2016-03-29,19,14.0,16.11099,14.20792,15.708172,17.334356
HOUSEHOLD_CA_3,HOUSEHOLD,CA_3,CA,2016-03-30,8,16.0,17.301922,14.749767,16.25002,17.094032
HOUSEHOLD_CA_3,HOUSEHOLD,CA_3,CA,2016-03-31,20,11.0,16.125813,13.860681,15.360932,16.909883
HOUSEHOLD_CA_3,HOUSEHOLD,CA_3,CA,2016-04-01,15,22.0,18.66104,17.1811,18.68135,20.629904
HOUSEHOLD_CA_3,HOUSEHOLD,CA_3,CA,2016-04-02,22,24.0,21.525723,22.736738,24.23699,22.615
HOUSEHOLD_CA_3,HOUSEHOLD,CA_3,CA,2016-04-03,29,25.0,21.29077,22.889639,24.38989,22.910406
HOUSEHOLD_CA_3,HOUSEHOLD,CA_3,CA,2016-04-04,25,18.0,19.998667,20.33964,21.839891,18.057562
HOUSEHOLD_CA_3,HOUSEHOLD,CA_3,CA,2016-04-05,20,19.0,17.117891,17.000942,18.501194,17.394855
HOUSEHOLD_CA_3,HOUSEHOLD,CA_3,CA,2016-04-06,12,8.0,18.795893,18.285744,19.785995,18.461912
HOUSEHOLD_CA_3,HOUSEHOLD,CA_3,CA,2016-04-07,22,20.0,18.188047,16.74095,18.241201,16.577246
HOUSEHOLD_CA_3,HOUSEHOLD,CA_3,CA,2016-04-08,21,15.0,20.202932,19.983854,21.484106,18.411606
HOUSEHOLD_CA_3,HOUSEHOLD,CA_3,CA,2016-04-09,13,22.0,23.003115,26.524645,28.024897,22.57962
HOUSEHOLD_CA_3,HOUSEHOLD,CA_3,CA,2016-04-10,22,29.0,22.80548,24.410637,25.910889,22.12818
HOUSEHOLD_CA_3,HOUSEHOLD,CA_3,CA,2016-04-11,17,25.0,17.865744,16.625553,18.125805,17.806538
HOUSEHOLD_CA_3,HOUSEHOLD,CA_3,CA,2016-04-12,17,20.0,16.683804,14.16978,15.670032,16.698536
HOUSEHOLD_CA_3,HOUSEHOLD,CA_3,CA,2016-04-13,14,12.0,14.165082,13.0713625,14.571614,15.368701
HOUSEHOLD_CA_3,HOUSEHOLD,CA_3,CA,2016-04-14,12,22.0,16.963236,14.425617,15.925869,17.371973
HOUSEHOLD_CA_3,HOUSEHOLD,CA_3,CA,2016-04-15,15,21.0,15.756319,14.636323,16.136574,18.276184
HOUSEHOLD_CA_3,HOUSEHOLD,CA_3,CA,2016-04-16,29,13.0,19.431837,18.897583,20.397835,20.924875
HOUSEHOLD_CA_3,HOUSEHOLD,CA_3,CA,2016-04-17,23,22.0,22.08207,22.78108,24.281332,24.29341
HOUSEHOLD_CA_3,HOUSEHOLD,CA_3,CA,2016-04-18,20,17.0,19.001863,16.61069,18.11094,18.562422
HOUSEHOLD_CA_3,HOUSEHOLD,CA_3,CA,2016-04-19,14,17.0,16.533333,15.493363,16.993614,16.913975
HOUSEHOLD_CA_3,HOUSEHOLD,CA_3,CA,2016-04-20,9,14.0,15.90117,14.525484,16.025736,16.658422
HOUSEHOLD_CA_3,HOUSEHOLD,CA_3,CA,2016-04-21,17,12.0,15.350901,14.41832,15.918571,15.555718
HOUSEHOLD_CA_3,HOUSEHOLD,CA_3,CA,2016-04-22,25,15.0,17.39749,15.716009,17.21626,17.313988
HOUSEHOLD_CA_3,HOUSEHOLD,CA_3,CA,2016-04-23,18,29.0,20.836502,20.777557,22.27781,23.769365
HOUSEHOLD_CA_3,HOUSEHOLD,CA_3,CA,2016-04-24,21,23.0,20.385063,21.950264,23.450516,23.429901
HOUSEHOLD_CA_4,HOUSEHOLD,CA_4,CA,2016-02-29,7,16.0,6.1678224,5.863614,7.3638654,7.3389473
HOUSEHOLD_CA_4,HOUSEHOLD,CA_4,CA,2016-03-01,2,7.0,5.1086226,5.1558285,6.6560802,6.1765122
HOUSEHOLD_CA_4,HOUSEHOLD,CA_4,CA,2016-03-02,1,6.0,4.6020937,5.041102,6.5413537,6.3142014
HOUSEHOLD_CA_4,HOUSEHOLD,CA_4,CA,2016-03-03,6,0.0,3.7052262,4.748353,6.2486043,5.6276555
HOUSEHOLD_CA_4,HOUSEHOLD,CA_4,CA,2016-03-04,9,7.0,4.6197896,5.681206,7.1814575,6.495283
HOUSEHOLD_CA_4,HOUSEHOLD,CA_4,CA,2016-03-05,6,3.0,8.330154,6.486941,7.9871926,7.5554028
HOUSEHOLD_CA_4,HOUSEHOLD,CA_4,CA,2016-03-06,8,7.0,7.3542485,6.4488015,7.949053,7.7213717
HOUSEHOLD_CA_4,HOUSEHOLD,CA_4,CA,2016-03-07,4,7.0,6.278113,5.8276324,7.3278837,7.904203
HOUSEHOLD_CA_4,HOUSEHOLD,CA_4,CA,2016-03-08,6,2.0,4.764316,5.159362,6.6596136,7.0807447
HOUSEHOLD_CA_4,HOUSEHOLD,CA_4,CA,2016-03-09,12,1.0,5.4157166,5.208856,6.7091074,6.1065054
HOUSEHOLD_CA_4,HOUSEHOLD,CA_4,CA,2016-03-10,3,6.0,6.4212565,6.000637,7.5008883,6.701136
HOUSEHOLD_CA_4,HOUSEHOLD,CA_4,CA,2016-03-11,8,9.0,6.544761,6.2847557,7.785007,7.814321
HOUSEHOLD_CA_4,HOUSEHOLD,CA_4,CA,2016-03-12,8,6.0,8.348464,7.0975995,8.597851,9.120947
HOUSEHOLD_CA_4,HOUSEHOLD,CA_4,CA,2016-03-13,6,8.0,9.001089,7.33626,8.836512,8.915359
HOUSEHOLD_CA_4,HOUSEHOLD,CA_4,CA,2016-03-14,5,4.0,6.65877,5.6849217,7.185173,7.189669
HOUSEHOLD_CA_4,HOUSEHOLD,CA_4,CA,2016-03-15,3,6.0,5.2251115,5.371141,6.8713927,6.827896
HOUSEHOLD_CA_4,HOUSEHOLD,CA_4,CA,2016-03-16,5,12.0,6.0776978,5.4531193,6.953371,7.040515
HOUSEHOLD_CA_4,HOUSEHOLD,CA_4,CA,2016-03-17,4,3.0,4.499971,4.962735,6.4629865,6.2862263
HOUSEHOLD_CA_4,HOUSEHOLD,CA_4,CA,2016-03-18,3,8.0,5.4771447,5.8143525,7.314604,7.106443
HOUSEHOLD_CA_4,HOUSEHOLD,CA_4,CA,2016-03-19,5,8.0,6.8964586,6.427805,7.9280567,8.190426
HOUSEHOLD_CA_4,HOUSEHOLD,CA_4,CA,2016-03-20,8,6.0,6.139523,6.3273764,7.827628,7.899511
HOUSEHOLD_CA_4,HOUSEHOLD,CA_4,CA,2016-03-21,5,5.0,5.105758,5.6252017,7.125453,6.0092287
HOUSEHOLD_CA_4,HOUSEHOLD,CA_4,CA,2016-03-22,3,3.0,3.8000784,5.4377127,6.9379644,6.191033
HOUSEHOLD_CA_4,HOUSEHOLD,CA_4,CA,2016-03-23,4,5.0,4.057895,5.1204634,6.620715,6.5918674
HOUSEHOLD_CA_4,HOUSEHOLD,CA_4,CA,2016-03-24,2,4.0,2.2715485,4.764162,6.2644134,6.2272058
HOUSEHOLD_CA_4,HOUSEHOLD,CA_4,CA,2016-03-25,7,3.0,3.5397537,5.595828,7.0960793,6.875044
HOUSEHOLD_CA_4,HOUSEHOLD,CA_4,CA,2016-03-26,7,5.0,6.024001,6.132788,7.6330395,7.691212
HOUSEHOLD_CA_4,HOUSEHOLD,CA_4,CA,2016-03-27,7,8.0,7.194396,5.658096,7.1583476,7.201456
HOUSEHOLD_CA_4,HOUSEHOLD,CA_4,CA,2016-03-28,2,5.0,4.226729,5.094785,6.5950365,5.9185643
HOUSEHOLD_CA_4,HOUSEHOLD,CA_4,CA,2016-03-29,5,3.0,2.977147,4.665101,6.1653523,5.8715
HOUSEHOLD_CA_4,HOUSEHOLD,CA_4,CA,2016-03-30,3,4.0,3.196302,4.737538,6.2377896,5.815322
HOUSEHOLD_CA_4,HOUSEHOLD,CA_4,CA,2016-03-31,6,2.0,3.8207488,4.6905875,6.190839,6.0142555
HOUSEHOLD_CA_4,HOUSEHOLD,CA_4,CA,2016-04-01,2,7.0,5.7725725,5.7617354,7.2619867,6.211865
HOUSEHOLD_CA_4,HOUSEHOLD,CA_4,CA,2016-04-02,9,7.0,7.34392,6.0075903,7.5078416,7.057964
HOUSEHOLD_CA_4,HOUSEHOLD,CA_4,CA,2016-04-03,10,7.0,8.129118,6.7407246,8.240976,7.6575394
HOUSEHOLD_CA_4,HOUSEHOLD,CA_4,CA,2016-04-04,8,2.0,5.0834694,5.292925,6.7931767,6.620558
HOUSEHOLD_CA_4,HOUSEHOLD,CA_4,CA,2016-04-05,2,5.0,5.885502,5.3377213,6.8379726,6.4659824
HOUSEHOLD_CA_4,HOUSEHOLD,CA_4,CA,2016-04-06,3,3.0,6.619909,5.3603625,6.860614,6.56402
HOUSEHOLD_CA_4,HOUSEHOLD,CA_4,CA,2016-04-07,6,6.0,5.0771046,4.9858427,6.486094,6.296004
HOUSEHOLD_CA_4,HOUSEHOLD,CA_4,CA,2016-04-08,7,2.0,6.1126156,5.451352,6.9516034,6.337698
HOUSEHOLD_CA_4,HOUSEHOLD,CA_4,CA,2016-04-09,8,9.0,9.101259,6.656854,8.157105,8.191482
HOUSEHOLD_CA_4,HOUSEHOLD,CA_4,CA,2016-04-10,8,10.0,8.753372,6.5728803,8.073132,8.417154
HOUSEHOLD_CA_4,HOUSEHOLD,CA_4,CA,2016-04-11,6,8.0,5.4151254,4.906151,6.4064026,6.377123
HOUSEHOLD_CA_4,HOUSEHOLD,CA_4,CA,2016-04-12,5,2.0,5.032311,4.7382054,6.2384567,6.052463
HOUSEHOLD_CA_4,HOUSEHOLD,CA_4,CA,2016-04-13,8,3.0,5.4214416,4.892006,6.3922577,6.237491
HOUSEHOLD_CA_4,HOUSEHOLD,CA_4,CA,2016-04-14,3,6.0,5.9359646,5.0563335,6.556585,6.048672
HOUSEHOLD_CA_4,HOUSEHOLD,CA_4,CA,2016-04-15,6,7.0,5.143225,5.642158,7.1424093,6.6688266
HOUSEHOLD_CA_4,HOUSEHOLD,CA_4,CA,2016-04-16,7,8.0,8.262148,6.817713,8.317965,8.499402
HOUSEHOLD_CA_4,HOUSEHOLD,CA_4,CA,2016-04-17,8,8.0,8.651362,6.668867,8.169119,7.76964
HOUSEHOLD_CA_4,HOUSEHOLD,CA_4,CA,2016-04-18,5,6.0,5.4455395,5.3847585,6.8850102,6.5857778
HOUSEHOLD_CA_4,HOUSEHOLD,CA_4,CA,2016-04-19,11,5.0,4.5275908,4.9870563,6.487308,6.1961603
HOUSEHOLD_CA_4,HOUSEHOLD,CA_4,CA,2016-04-20,6,8.0,5.393885,5.3906865,6.890938,6.425053
HOUSEHOLD_CA_4,HOUSEHOLD,CA_4,CA,2016-04-21,3,3.0,5.042288,5.2492857,6.749537,6.2142773
HOUSEHOLD_CA_4,HOUSEHOLD,CA_4,CA,2016-04-22,6,6.0,5.774349,6.1549554,7.6552067,7.512941
HOUSEHOLD_CA_4,HOUSEHOLD,CA_4,CA,2016-04-23,6,7.0,8.0429945,7.519241,9.019492,8.87526
HOUSEHOLD_CA_4,HOUSEHOLD,CA_4,CA,2016-04-24,5,8.0,7.8954406,7.4385724,8.938824,8.632298
HOUSEHOLD_TX_1,HOUSEHOLD,TX_1,TX,2016-02-29,12,8.0,6.4863234,7.3024797,8.8027315,8.54741
HOUSEHOLD_TX_1,HOUSEHOLD,TX_1,TX,2016-03-01,10,4.0,7.9808064,8.003564,9.503816,8.893957
HOUSEHOLD_TX_1,HOUSEHOLD,TX_1,TX,2016-03-02,8,10.0,7.5034995,7.1588626,8.659114,8.675079
HOUSEHOLD_TX_1,HOUSEHOLD,TX_1,TX,2016-03-03,17,6.0,7.4343805,7.7852798,9.285531,8.514431
HOUSEHOLD_TX_1,HOUSEHOLD,TX_1,TX,2016-03-04,9,4.0,8.68612,8.871828,10.37208,10.125186
HOUSEHOLD_TX_1,HOUSEHOLD,TX_1,TX,2016-03-05,9,8.0,12.78266,11.729007,13.229259,12.421656
HOUSEHOLD_TX_1,HOUSEHOLD,TX_1,TX,2016-03-06,8,10.0,12.04063,12.012019,13.512271,12.258783
HOUSEHOLD_TX_1,HOUSEHOLD,TX_1,TX,2016-03-07,7,12.0,8.316149,8.773697,10.273949,9.944347
HOUSEHOLD_TX_1,HOUSEHOLD,TX_1,TX,2016-03-08,8,10.0,7.839914,7.7954063,9.295658,7.8644414
HOUSEHOLD_TX_1,HOUSEHOLD,TX_1,TX,2016-03-09,10,8.0,8.622325,8.292554,9.792806,8.571817
HOUSEHOLD_TX_1,HOUSEHOLD,TX_1,TX,2016-03-10,11,17.0,9.7541275,8.434434,9.934686,9.060142
HOUSEHOLD_TX_1,HOUSEHOLD,TX_1,TX,2016-03-11,4,9.0,7.2559533,8.343525,9.843777,9.587061
HOUSEHOLD_TX_1,HOUSEHOLD,TX_1,TX,2016-03-12,3,9.0,10.464984,10.310568,11.81082,11.725955
HOUSEHOLD_TX_1,HOUSEHOLD,TX_1,TX,2016-03-13,11,8.0,9.558558,9.57162,11.071872,10.86068
HOUSEHOLD_TX_1,HOUSEHOLD,TX_1,TX,2016-03-14,5,7.0,6.9978004,7.77278,9.273031,10.176143
HOUSEHOLD_TX_1,HOUSEHOLD,TX_1,TX,2016-03-15,9,8.0,7.227956,7.8070965,9.307348,9.803758
HOUSEHOLD_TX_1,HOUSEHOLD,TX_1,TX,2016-03-16,11,10.0,6.524726,7.205203,8.705455,9.888843
HOUSEHOLD_TX_1,HOUSEHOLD,TX_1,TX,2016-03-17,10,11.0,7.1453137,6.8454113,8.345663,9.921291
HOUSEHOLD_TX_1,HOUSEHOLD,TX_1,TX,2016-03-18,6,4.0,6.7130604,7.7931314,9.293383,10.264185
HOUSEHOLD_TX_1,HOUSEHOLD,TX_1,TX,2016-03-19,10,3.0,10.353183,10.332478,11.832729,11.73412
HOUSEHOLD_TX_1,HOUSEHOLD,TX_1,TX,2016-03-20,12,11.0,11.444377,10.743319,12.24357,12.037126
HOUSEHOLD_TX_1,HOUSEHOLD,TX_1,TX,2016-03-21,3,5.0,7.6819253,7.5884843,9.088736,9.146414
HOUSEHOLD_TX_1,HOUSEHOLD,TX_1,TX,2016-03-22,7,9.0,6.900651,7.154552,8.654803,8.699764
HOUSEHOLD_TX_1,HOUSEHOLD,TX_1,TX,2016-03-23,12,11.0,7.6063695,7.088984,8.589235,8.5725155
HOUSEHOLD_TX_1,HOUSEHOLD,TX_1,TX,2016-03-24,5,10.0,7.295473,6.694901,8.195152,8.522651
HOUSEHOLD_TX_1,HOUSEHOLD,TX_1,TX,2016-03-25,6,6.0,5.7971563,7.4783,8.978552,9.310426
HOUSEHOLD_TX_1,HOUSEHOLD,TX_1,TX,2016-03-26,3,10.0,8.816336,9.342925,10.843177,11.288635
HOUSEHOLD_TX_1,HOUSEHOLD,TX_1,TX,2016-03-27,7,12.0,8.98328,8.015222,9.515473,9.651216
HOUSEHOLD_TX_1,HOUSEHOLD,TX_1,TX,2016-03-28,12,3.0,5.365852,6.8993907,8.399642,8.286224
HOUSEHOLD_TX_1,HOUSEHOLD,TX_1,TX,2016-03-29,5,7.0,6.3064647,7.249114,8.749366,8.711946
HOUSEHOLD_TX_1,HOUSEHOLD,TX_1,TX,2016-03-30,4,12.0,5.823701,7.045417,8.545669,7.893936
HOUSEHOLD_TX_1,HOUSEHOLD,TX_1,TX,2016-03-31,5,5.0,6.3938737,7.191862,8.692114,9.270694
HOUSEHOLD_TX_1,HOUSEHOLD,TX_1,TX,2016-04-01,15,6.0,5.972492,7.173439,8.673691,8.665553
HOUSEHOLD_TX_1,HOUSEHOLD,TX_1,TX,2016-04-02,5,3.0,9.680817,9.089216,10.589467,11.270077
HOUSEHOLD_TX_1,HOUSEHOLD,TX_1,TX,2016-04-03,5,7.0,9.954805,9.883552,11.383803,10.995782
HOUSEHOLD_TX_1,HOUSEHOLD,TX_1,TX,2016-04-04,8,12.0,6.302188,7.413988,8.91424,9.1488695
HOUSEHOLD_TX_1,HOUSEHOLD,TX_1,TX,2016-04-05,11,5.0,6.3579454,7.065532,8.5657835,8.582183
HOUSEHOLD_TX_1,HOUSEHOLD,TX_1,TX,2016-04-06,11,4.0,7.75463,7.7804413,9.280693,8.688083
HOUSEHOLD_TX_1,HOUSEHOLD,TX_1,TX,2016-04-07,8,5.0,8.138891,7.53858,9.038832,8.795879
HOUSEHOLD_TX_1,HOUSEHOLD,TX_1,TX,2016-04-08,5,15.0,7.3836546,7.5649767,9.065228,9.117769
HOUSEHOLD_TX_1,HOUSEHOLD,TX_1,TX,2016-04-09,7,5.0,8.434927,8.904368,10.404619,10.963924
HOUSEHOLD_TX_1,HOUSEHOLD,TX_1,TX,2016-04-10,21,5.0,10.1255455,9.68457,11.184821,11.553217
HOUSEHOLD_TX_1,HOUSEHOLD,TX_1,TX,2016-04-11,9,8.0,8.871531,8.900197,10.400449,10.237204
HOUSEHOLD_TX_1,HOUSEHOLD,TX_1,TX,2016-04-12,13,11.0,9.117082,8.50286,10.003112,9.248075
HOUSEHOLD_TX_1,HOUSEHOLD,TX_1,TX,2016-04-13,7,11.0,9.615481,8.689773,10.190024,9.642122
HOUSEHOLD_TX_1,HOUSEHOLD,TX_1,TX,2016-04-14,3,8.0,9.033742,8.108656,9.608908,9.177368
HOUSEHOLD_TX_1,HOUSEHOLD,TX_1,TX,2016-04-15,3,5.0,8.738712,9.211862,10.712113,10.453192
HOUSEHOLD_TX_1,HOUSEHOLD,TX_1,TX,2016-04-16,9,7.0,10.77109,10.218843,11.719094,12.450692
HOUSEHOLD_TX_1,HOUSEHOLD,TX_1,TX,2016-04-17,11,21.0,10.808885,9.2188635,10.719115,11.231023
HOUSEHOLD_TX_1,HOUSEHOLD,TX_1,TX,2016-04-18,3,9.0,5.9195766,7.4533806,8.953632,8.390486
HOUSEHOLD_TX_1,HOUSEHOLD,TX_1,TX,2016-04-19,13,13.0,6.540805,6.930828,8.43108,8.423134
HOUSEHOLD_TX_1,HOUSEHOLD,TX_1,TX,2016-04-20,10,7.0,6.857503,6.908695,8.408946,7.6942716
HOUSEHOLD_TX_1,HOUSEHOLD,TX_1,TX,2016-04-21,7,3.0,6.088481,6.908444,8.408695,7.560166
HOUSEHOLD_TX_1,HOUSEHOLD,TX_1,TX,2016-04-22,4,3.0,6.5357137,7.5343013,9.034553,9.039037
HOUSEHOLD_TX_1,HOUSEHOLD,TX_1,TX,2016-04-23,11,9.0,8.694234,9.366623,10.866875,11.395597
HOUSEHOLD_TX_1,HOUSEHOLD,TX_1,TX,2016-04-24,8,11.0,10.589639,9.9440775,11.444329,11.054827
HOUSEHOLD_TX_2,HOUSEHOLD,TX_2,TX,2016-02-29,16,6.0,7.4299154,8.059123,9.559375,8.962917
HOUSEHOLD_TX_2,HOUSEHOLD,TX_2,TX,2016-03-01,8,6.0,10.228323,9.158939,10.65919,10.005928
HOUSEHOLD_TX_2,HOUSEHOLD,TX_2,TX,2016-03-02,8,12.0,9.929285,8.563346,10.063598,9.688712
HOUSEHOLD_TX_2,HOUSEHOLD,TX_2,TX,2016-03-03,15,8.0,9.176275,8.528196,10.028447,9.382611
HOUSEHOLD_TX_2,HOUSEHOLD,TX_2,TX,2016-03-04,9,16.0,10.233819,9.860598,11.360849,10.4616
HOUSEHOLD_TX_2,HOUSEHOLD,TX_2,TX,2016-03-05,11,12.0,13.198385,12.869495,14.369746,12.918817
HOUSEHOLD_TX_2,HOUSEHOLD,TX_2,TX,2016-03-06,18,12.0,13.20592,12.218664,13.718916,12.9101715
HOUSEHOLD_TX_2,HOUSEHOLD,TX_2,TX,2016-03-07,8,16.0,10.3791895,9.726683,11.226934,9.768369
HOUSEHOLD_TX_2,HOUSEHOLD,TX_2,TX,2016-03-08,8,8.0,9.799432,8.083975,9.584227,9.393857
HOUSEHOLD_TX_2,HOUSEHOLD,TX_2,TX,2016-03-09,7,8.0,9.5311575,8.066526,9.566777,9.777772
HOUSEHOLD_TX_2,HOUSEHOLD,TX_2,TX,2016-03-10,13,15.0,10.549104,8.3976755,9.897927,9.688467
HOUSEHOLD_TX_2,HOUSEHOLD,TX_2,TX,2016-03-11,5,9.0,9.978714,10.112272,11.612523,11.277398
HOUSEHOLD_TX_2,HOUSEHOLD,TX_2,TX,2016-03-12,10,11.0,11.504675,12.010077,13.510328,12.525969
HOUSEHOLD_TX_2,HOUSEHOLD,TX_2,TX,2016-03-13,7,18.0,10.790108,11.422914,12.923165,12.313774
HOUSEHOLD_TX_2,HOUSEHOLD,TX_2,TX,2016-03-14,9,8.0,8.1868515,8.398723,9.898974,10.420802
HOUSEHOLD_TX_2,HOUSEHOLD,TX_2,TX,2016-03-15,11,8.0,6.6789136,8.244583,9.744835,9.679948
HOUSEHOLD_TX_2,HOUSEHOLD,TX_2,TX,2016-03-16,10,7.0,7.622757,7.6072655,9.107517,9.90259
HOUSEHOLD_TX_2,HOUSEHOLD,TX_2,TX,2016-03-17,3,13.0,7.9616036,7.062598,8.562849,10.287426
HOUSEHOLD_TX_2,HOUSEHOLD,TX_2,TX,2016-03-18,9,5.0,6.165677,7.7993155,9.299567,10.410664
HOUSEHOLD_TX_2,HOUSEHOLD,TX_2,TX,2016-03-19,11,10.0,11.2398,11.006411,12.506662,14.116191
HOUSEHOLD_TX_2,HOUSEHOLD,TX_2,TX,2016-03-20,15,7.0,11.3894,11.669069,13.16932,13.369702
HOUSEHOLD_TX_2,HOUSEHOLD,TX_2,TX,2016-03-21,17,9.0,8.04292,9.105027,10.605279,9.707663
HOUSEHOLD_TX_2,HOUSEHOLD,TX_2,TX,2016-03-22,7,11.0,8.902592,9.188387,10.688639,10.150068
HOUSEHOLD_TX_2,HOUSEHOLD,TX_2,TX,2016-03-23,10,10.0,9.310767,8.942608,10.44286,9.79751
HOUSEHOLD_TX_2,HOUSEHOLD,TX_2,TX,2016-03-24,1,3.0,8.89508,8.831488,10.331739,9.19819
HOUSEHOLD_TX_2,HOUSEHOLD,TX_2,TX,2016-03-25,9,9.0,9.502512,9.957958,11.458209,10.585227
HOUSEHOLD_TX_2,HOUSEHOLD,TX_2,TX,2016-03-26,11,11.0,11.713274,11.65642,13.156672,13.777801
HOUSEHOLD_TX_2,HOUSEHOLD,TX_2,TX,2016-03-27,16,15.0,11.444942,10.9541,12.454351,12.465342
HOUSEHOLD_TX_2,HOUSEHOLD,TX_2,TX,2016-03-28,11,17.0,9.508244,9.103722,10.603973,10.797637
HOUSEHOLD_TX_2,HOUSEHOLD,TX_2,TX,2016-03-29,4,7.0,7.618646,7.5921636,9.092415,8.967978
HOUSEHOLD_TX_2,HOUSEHOLD,TX_2,TX,2016-03-30,6,10.0,7.2392054,7.5023994,9.002651,8.975632
HOUSEHOLD_TX_2,HOUSEHOLD,TX_2,TX,2016-03-31,10,1.0,7.387183,8.106066,9.6063175,9.388739
HOUSEHOLD_TX_2,HOUSEHOLD,TX_2,TX,2016-04-01,6,9.0,8.957339,9.163583,10.663835,10.100472
HOUSEHOLD_TX_2,HOUSEHOLD,TX_2,TX,2016-04-02,15,11.0,11.48196,11.278054,12.778305,13.050391
HOUSEHOLD_TX_2,HOUSEHOLD,TX_2,TX,2016-04-03,9,16.0,13.463813,12.971981,14.472233,14.1521435
HOUSEHOLD_TX_2,HOUSEHOLD,TX_2,TX,2016-04-04,9,11.0,8.600166,8.404532,9.904783,9.367202
HOUSEHOLD_TX_2,HOUSEHOLD,TX_2,TX,2016-04-05,5,4.0,7.6810374,7.8470287,9.3472805,8.532923
HOUSEHOLD_TX_2,HOUSEHOLD,TX_2,TX,2016-04-06,3,6.0,7.8660116,8.074464,9.574716,8.532923
HOUSEHOLD_TX_2,HOUSEHOLD,TX_2,TX,2016-04-07,4,10.0,7.860536,8.155645,9.655896,9.029805
HOUSEHOLD_TX_2,HOUSEHOLD,TX_2,TX,2016-04-08,10,6.0,6.5011077,7.635117,9.135368,9.388452
HOUSEHOLD_TX_2,HOUSEHOLD,TX_2,TX,2016-04-09,6,15.0,10.442528,10.80434,12.304591,12.306635
HOUSEHOLD_TX_2,HOUSEHOLD,TX_2,TX,2016-04-10,7,9.0,9.22649,9.00814,10.508391,10.414651
HOUSEHOLD_TX_2,HOUSEHOLD,TX_2,TX,2016-04-11,9,9.0,6.467265,7.4059596,8.906211,8.455739
HOUSEHOLD_TX_2,HOUSEHOLD,TX_2,TX,2016-04-12,10,5.0,6.2692065,7.123996,8.624248,8.219168
HOUSEHOLD_TX_2,HOUSEHOLD,TX_2,TX,2016-04-13,7,3.0,6.609282,7.27775,8.778002,7.7560062
HOUSEHOLD_TX_2,HOUSEHOLD,TX_2,TX,2016-04-14,4,4.0,6.3734326,7.2072396,8.707491,8.406076
HOUSEHOLD_TX_2,HOUSEHOLD,TX_2,TX,2016-04-15,7,10.0,7.1129622,8.036868,9.53712,9.472991
HOUSEHOLD_TX_2,HOUSEHOLD,TX_2,TX,2016-04-16,15,6.0,10.148325,9.282353,10.782604,11.32179
HOUSEHOLD_TX_2,HOUSEHOLD,TX_2,TX,2016-04-17,12,7.0,11.202373,10.57431,12.074561,11.901795
HOUSEHOLD_TX_2,HOUSEHOLD,TX_2,TX,2016-04-18,7,9.0,8.311377,7.375839,8.87609,8.73282
HOUSEHOLD_TX_2,HOUSEHOLD,TX_2,TX,2016-04-19,17,10.0,7.4625187,7.0380425,8.538294,8.2459755
HOUSEHOLD_TX_2,HOUSEHOLD,TX_2,TX,2016-04-20,8,7.0,8.351249,7.954547,9.454799,8.358214
HOUSEHOLD_TX_2,HOUSEHOLD,TX_2,TX,2016-04-21,11,4.0,7.042044,7.830646,9.330897,7.9514737
HOUSEHOLD_TX_2,HOUSEHOLD,TX_2,TX,2016-04-22,9,7.0,9.684069,8.973038,10.4732895,11.248969
HOUSEHOLD_TX_2,HOUSEHOLD,TX_2,TX,2016-04-23,10,15.0,12.28885,11.309591,12.809842,11.98518
HOUSEHOLD_TX_2,HOUSEHOLD,TX_2,TX,2016-04-24,13,12.0,12.319942,11.168664,12.668916,12.021674
HOUSEHOLD_TX_3,HOUSEHOLD,TX_3,TX,2016-02-29,6,9.0,8.352631,8.594246,10.094498,9.396794
HOUSEHOLD_TX_3,HOUSEHOLD,TX_3,TX,2016-03-01,10,9.0,9.325411,8.380524,9.880775,9.162181
HOUSEHOLD_TX_3,HOUSEHOLD,TX_3,TX,2016-03-02,9,11.0,8.8042,7.703003,9.203255,9.0330105
HOUSEHOLD_TX_3,HOUSEHOLD,TX_3,TX,2016-03-03,17,7.0,8.817221,8.203916,9.704167,9.595711
HOUSEHOLD_TX_3,HOUSEHOLD,TX_3,TX,2016-03-04,9,10.0,10.788921,9.592809,11.0930605,11.946654
HOUSEHOLD_TX_3,HOUSEHOLD,TX_3,TX,2016-03-05,11,10.0,11.787382,11.619238,13.11949,13.612129
HOUSEHOLD_TX_3,HOUSEHOLD,TX_3,TX,2016-03-06,12,14.0,12.398354,11.9743185,13.47457,14.219186
HOUSEHOLD_TX_3,HOUSEHOLD,TX_3,TX,2016-03-07,9,6.0,11.146736,9.772609,11.272861,10.802544
HOUSEHOLD_TX_3,HOUSEHOLD,TX_3,TX,2016-03-08,8,10.0,10.757484,8.580591,10.080843,10.799696
HOUSEHOLD_TX_3,HOUSEHOLD,TX_3,TX,2016-03-09,9,9.0,9.487207,8.302958,9.803209,10.1432705
HOUSEHOLD_TX_3,HOUSEHOLD,TX_3,TX,2016-03-10,5,17.0,9.516339,8.025637,9.525888,9.865791
HOUSEHOLD_TX_3,HOUSEHOLD,TX_3,TX,2016-03-11,2,9.0,7.655148,8.498389,9.99864,9.565819
HOUSEHOLD_TX_3,HOUSEHOLD,TX_3,TX,2016-03-12,11,11.0,10.543441,10.811046,12.311297,12.634665
HOUSEHOLD_TX_3,HOUSEHOLD,TX_3,TX,2016-03-13,11,12.0,9.9075165,10.736978,12.237229,12.711198
HOUSEHOLD_TX_3,HOUSEHOLD,TX_3,TX,2016-03-14,9,9.0,7.396595,8.2551775,9.755429,10.540185
HOUSEHOLD_TX_3,HOUSEHOLD,TX_3,TX,2016-03-15,6,8.0,8.44393,8.730172,10.230424,10.466081
HOUSEHOLD_TX_3,HOUSEHOLD,TX_3,TX,2016-03-16,6,9.0,7.8160005,7.7637835,9.264035,10.293564
HOUSEHOLD_TX_3,HOUSEHOLD,TX_3,TX,2016-03-17,9,5.0,7.419302,6.665676,8.165928,9.549677
HOUSEHOLD_TX_3,HOUSEHOLD,TX_3,TX,2016-03-18,13,2.0,7.212964,8.230709,9.730961,10.359551
HOUSEHOLD_TX_3,HOUSEHOLD,TX_3,TX,2016-03-19,11,11.0,10.701532,10.878844,12.379095,12.143378
HOUSEHOLD_TX_3,HOUSEHOLD,TX_3,TX,2016-03-20,12,11.0,11.050841,10.844474,12.344726,12.329512
HOUSEHOLD_TX_3,HOUSEHOLD,TX_3,TX,2016-03-21,8,9.0,8.4381695,8.130138,9.630389,9.233531
HOUSEHOLD_TX_3,HOUSEHOLD,TX_3,TX,2016-03-22,9,6.0,8.197175,7.446285,8.946536,8.978232
HOUSEHOLD_TX_3,HOUSEHOLD,TX_3,TX,2016-03-23,11,6.0,8.848356,7.8261027,9.326354,8.867626
HOUSEHOLD_TX_3,HOUSEHOLD,TX_3,TX,2016-03-24,11,9.0,8.218741,7.5542045,9.054456,7.520472
HOUSEHOLD_TX_3,HOUSEHOLD,TX_3,TX,2016-03-25,10,13.0,8.757484,8.967854,10.468105,10.342678
HOUSEHOLD_TX_3,HOUSEHOLD,TX_3,TX,2016-03-26,13,11.0,11.563202,11.608491,13.108743,12.958499
HOUSEHOLD_TX_3,HOUSEHOLD,TX_3,TX,2016-03-27,9,12.0,12.388652,11.174799,12.675051,13.627318
HOUSEHOLD_TX_3,HOUSEHOLD,TX_3,TX,2016-03-28,5,8.0,7.7752795,8.466783,9.967034,9.5387535
HOUSEHOLD_TX_3,HOUSEHOLD,TX_3,TX,2016-03-29,6,9.0,7.8625107,7.740777,9.241029,8.627328
HOUSEHOLD_TX_3,HOUSEHOLD,TX_3,TX,2016-03-30,6,11.0,7.3063283,7.3363557,8.836607,8.39651
HOUSEHOLD_TX_3,HOUSEHOLD,TX_3,TX,2016-03-31,6,11.0,8.3789625,7.8076005,9.307852,9.4999895
HOUSEHOLD_TX_3,HOUSEHOLD,TX_3,TX,2016-04-01,13,10.0,8.012898,8.5724535,10.072705,9.969026
HOUSEHOLD_TX_3,HOUSEHOLD,TX_3,TX,2016-04-02,13,13.0,10.909023,10.59633,12.096581,12.17453
HOUSEHOLD_TX_3,HOUSEHOLD,TX_3,TX,2016-04-03,16,9.0,11.2137575,10.976071,12.476322,12.514
HOUSEHOLD_TX_3,HOUSEHOLD,TX_3,TX,2016-04-04,5,5.0,8.628251,8.279812,9.780064,9.016715
HOUSEHOLD_TX_3,HOUSEHOLD,TX_3,TX,2016-04-05,6,6.0,8.633093,8.032445,9.532697,8.663391
HOUSEHOLD_TX_3,HOUSEHOLD,TX_3,TX,2016-04-06,7,6.0,8.955994,8.189867,9.690119,8.776104
HOUSEHOLD_TX_3,HOUSEHOLD,TX_3,TX,2016-04-07,9,6.0,8.43626,8.21297,9.713222,8.684681
HOUSEHOLD_TX_3,HOUSEHOLD,TX_3,TX,2016-04-08,7,13.0,8.1441345,8.816368,10.31662,10.292511
HOUSEHOLD_TX_3,HOUSEHOLD,TX_3,TX,2016-04-09,16,13.0,11.700676,12.421323,13.921575,12.582496
HOUSEHOLD_TX_3,HOUSEHOLD,TX_3,TX,2016-04-10,7,16.0,11.664336,11.529475,13.029727,12.66476
HOUSEHOLD_TX_3,HOUSEHOLD,TX_3,TX,2016-04-11,10,5.0,7.5116673,8.622929,10.12318,8.985418
HOUSEHOLD_TX_3,HOUSEHOLD,TX_3,TX,2016-04-12,7,6.0,7.1860476,7.8844466,9.384698,7.905849
HOUSEHOLD_TX_3,HOUSEHOLD,TX_3,TX,2016-04-13,4,7.0,7.5814133,8.040667,9.540918,7.9610777
HOUSEHOLD_TX_3,HOUSEHOLD,TX_3,TX,2016-04-14,13,9.0,7.9037833,7.639997,9.140248,8.6635475
HOUSEHOLD_TX_3,HOUSEHOLD,TX_3,TX,2016-04-15,10,7.0,9.622375,9.958628,11.458879,10.128707
HOUSEHOLD_TX_3,HOUSEHOLD,TX_3,TX,2016-04-16,12,16.0,11.884065,12.076369,13.57662,12.27534
HOUSEHOLD_TX_3,HOUSEHOLD,TX_3,TX,2016-04-17,18,7.0,11.686677,10.981314,12.481565,12.096252
HOUSEHOLD_TX_3,HOUSEHOLD,TX_3,TX,2016-04-18,9,10.0,8.575031,8.459023,9.959274,8.624153
HOUSEHOLD_TX_3,HOUSEHOLD,TX_3,TX,2016-04-19,12,7.0,9.146004,8.079101,9.579352,9.078701
HOUSEHOLD_TX_3,HOUSEHOLD,TX_3,TX,2016-04-20,8,4.0,10.021514,8.386643,9.886894,9.798303
HOUSEHOLD_TX_3,HOUSEHOLD,TX_3,TX,2016-04-21,11,13.0,10.3089905,8.72299,10.223242,9.480896
HOUSEHOLD_TX_3,HOUSEHOLD,TX_3,TX,2016-04-22,10,10.0,9.9338875,9.312842,10.813093,11.149747
HOUSEHOLD_TX_3,HOUSEHOLD,TX_3,TX,2016-04-23,7,12.0,13.484867,12.707104,14.2073555,12.938403
HOUSEHOLD_TX_3,HOUSEHOLD,TX_3,TX,2016-04-24,15,18.0,11.617323,11.649844,13.150096,12.23416
HOUSEHOLD_WI_1,HOUSEHOLD,WI_1,WI,2016-02-29,10,8.0,8.027036,8.486483,9.986734,8.70362
HOUSEHOLD_WI_1,HOUSEHOLD,WI_1,WI,2016-03-01,2,8.0,7.592295,7.9587855,9.459037,8.643468
HOUSEHOLD_WI_1,HOUSEHOLD,WI_1,WI,2016-03-02,11,6.0,8.007922,8.166605,9.666857,8.745052
HOUSEHOLD_WI_1,HOUSEHOLD,WI_1,WI,2016-03-03,5,9.0,9.330314,8.696559,10.196811,9.560121
HOUSEHOLD_WI_1,HOUSEHOLD,WI_1,WI,2016-03-04,12,9.0,8.777176,8.518414,10.018665,9.62348
HOUSEHOLD_WI_1,HOUSEHOLD,WI_1,WI,2016-03-05,8,16.0,14.107687,13.185531,14.685782,13.777317
HOUSEHOLD_WI_1,HOUSEHOLD,WI_1,WI,2016-03-06,17,14.0,11.160546,11.036756,12.537007,12.539494
HOUSEHOLD_WI_1,HOUSEHOLD,WI_1,WI,2016-03-07,2,10.0,8.257221,8.259751,9.760002,9.883556
HOUSEHOLD_WI_1,HOUSEHOLD,WI_1,WI,2016-03-08,8,2.0,8.314018,8.230545,9.730797,8.958021
HOUSEHOLD_WI_1,HOUSEHOLD,WI_1,WI,2016-03-09,7,11.0,8.638644,8.04997,9.550221,8.668247
HOUSEHOLD_WI_1,HOUSEHOLD,WI_1,WI,2016-03-10,7,5.0,8.112658,7.5414667,9.0417185,9.0516615
HOUSEHOLD_WI_1,HOUSEHOLD,WI_1,WI,2016-03-11,10,12.0,9.231143,9.227979,10.72823,10.656409
HOUSEHOLD_WI_1,HOUSEHOLD,WI_1,WI,2016-03-12,8,8.0,11.693941,13.468511,14.968762,12.854904
HOUSEHOLD_WI_1,HOUSEHOLD,WI_1,WI,2016-03-13,14,17.0,10.399912,12.077477,13.577728,11.008177
HOUSEHOLD_WI_1,HOUSEHOLD,WI_1,WI,2016-03-14,12,2.0,7.2952538,9.657933,11.158184,9.53666
HOUSEHOLD_WI_1,HOUSEHOLD,WI_1,WI,2016-03-15,1,8.0,7.7321386,9.56224,11.062491,8.684899
HOUSEHOLD_WI_1,HOUSEHOLD,WI_1,WI,2016-03-16,6,7.0,7.566214,9.164323,10.664575,8.827939
HOUSEHOLD_WI_1,HOUSEHOLD,WI_1,WI,2016-03-17,7,7.0,7.6230164,8.668196,10.1684475,9.012365
HOUSEHOLD_WI_1,HOUSEHOLD,WI_1,WI,2016-03-18,3,10.0,7.832749,9.71441,11.214662,9.856007
HOUSEHOLD_WI_1,HOUSEHOLD,WI_1,WI,2016-03-19,12,8.0,10.146623,9.204964,10.705215,12.0429325
HOUSEHOLD_WI_1,HOUSEHOLD,WI_1,WI,2016-03-20,11,14.0,10.944466,9.91575,11.416001,11.276706
HOUSEHOLD_WI_1,HOUSEHOLD,WI_1,WI,2016-03-21,8,12.0,6.1603193,6.9210906,8.421342,8.2750845
HOUSEHOLD_WI_1,HOUSEHOLD,WI_1,WI,2016-03-22,7,1.0,6.075816,6.625691,8.125942,8.564877
HOUSEHOLD_WI_1,HOUSEHOLD,WI_1,WI,2016-03-23,5,6.0,6.1017346,7.0838485,8.5841,8.300158
HOUSEHOLD_WI_1,HOUSEHOLD,WI_1,WI,2016-03-24,3,7.0,5.882728,6.818416,8.318667,8.173696
HOUSEHOLD_WI_1,HOUSEHOLD,WI_1,WI,2016-03-25,11,3.0,5.9136634,7.282963,8.783215,10.071636
HOUSEHOLD_WI_1,HOUSEHOLD,WI_1,WI,2016-03-26,3,12.0,10.433903,9.959798,11.46005,13.496993
HOUSEHOLD_WI_1,HOUSEHOLD,WI_1,WI,2016-03-27,5,11.0,9.537991,8.419531,9.919783,10.113974
HOUSEHOLD_WI_1,HOUSEHOLD,WI_1,WI,2016-03-28,10,8.0,5.225265,6.8502536,8.350505,8.271117
HOUSEHOLD_WI_1,HOUSEHOLD,WI_1,WI,2016-03-29,7,7.0,3.7171092,6.3726273,7.872879,8.288614
HOUSEHOLD_WI_1,HOUSEHOLD,WI_1,WI,2016-03-30,7,5.0,5.5177455,6.3892345,7.889486,8.224988
HOUSEHOLD_WI_1,HOUSEHOLD,WI_1,WI,2016-03-31,5,3.0,4.659731,6.215284,7.7155356,7.341247
HOUSEHOLD_WI_1,HOUSEHOLD,WI_1,WI,2016-04-01,2,11.0,6.0512466,7.5036235,9.003875,8.91656
HOUSEHOLD_WI_1,HOUSEHOLD,WI_1,WI,2016-04-02,4,3.0,8.433536,8.96335,10.463601,9.98306
HOUSEHOLD_WI_1,HOUSEHOLD,WI_1,WI,2016-04-03,10,5.0,9.971474,9.347883,10.848134,11.017581
HOUSEHOLD_WI_1,HOUSEHOLD,WI_1,WI,2016-04-04,5,10.0,5.408895,6.533868,8.03412,7.802148
HOUSEHOLD_WI_1,HOUSEHOLD,WI_1,WI,2016-04-05,8,7.0,5.7634416,6.4316344,7.9318857,8.059782
HOUSEHOLD_WI_1,HOUSEHOLD,WI_1,WI,2016-04-06,4,7.0,5.353765,6.380994,7.8812456,7.1242027
HOUSEHOLD_WI_1,HOUSEHOLD,WI_1,WI,2016-04-07,6,5.0,5.052226,5.9793167,7.479568,7.183836
HOUSEHOLD_WI_1,HOUSEHOLD,WI_1,WI,2016-04-08,4,2.0,6.213645,7.412059,8.912311,8.776404
HOUSEHOLD_WI_1,HOUSEHOLD,WI_1,WI,2016-04-09,9,4.0,8.355979,7.8022985,9.30255,8.913307
HOUSEHOLD_WI_1,HOUSEHOLD,WI_1,WI,2016-04-10,5,10.0,9.889206,8.320058,9.82031,10.028947
HOUSEHOLD_WI_1,HOUSEHOLD,WI_1,WI,2016-04-11,6,5.0,6.944547,6.254382,7.7546334,7.9769726
HOUSEHOLD_WI_1,HOUSEHOLD,WI_1,WI,2016-04-12,3,8.0,5.10404,5.784764,7.2850156,7.4377046
HOUSEHOLD_WI_1,HOUSEHOLD,WI_1,WI,2016-04-13,2,4.0,5.2845316,5.250217,6.7504687,7.3157425
HOUSEHOLD_WI_1,HOUSEHOLD,WI_1,WI,2016-04-14,8,6.0,5.1746087,5.349851,6.8501024,6.5478272
HOUSEHOLD_WI_1,HOUSEHOLD,WI_1,WI,2016-04-15,13,4.0,4.5547447,6.0703053,7.5705566,7.1012106
HOUSEHOLD_WI_1,HOUSEHOLD,WI_1,WI,2016-04-16,14,9.0,9.262144,8.368503,9.868754,9.65884
HOUSEHOLD_WI_1,HOUSEHOLD,WI_1,WI,2016-04-17,10,5.0,10.111616,9.1027565,10.603008,10.412482
HOUSEHOLD_WI_1,HOUSEHOLD,WI_1,WI,2016-04-18,7,6.0,7.211982,6.7833877,8.283639,8.506999
HOUSEHOLD_WI_1,HOUSEHOLD,WI_1,WI,2016-04-19,6,3.0,7.3905134,6.297105,7.7973566,8.095506
HOUSEHOLD_WI_1,HOUSEHOLD,WI_1,WI,2016-04-20,5,2.0,6.901328,5.9534492,7.4537005,7.6491146
HOUSEHOLD_WI_1,HOUSEHOLD,WI_1,WI,2016-04-21,17,8.0,7.0601244,6.2462792,7.7465305,7.776904
HOUSEHOLD_WI_1,HOUSEHOLD,WI_1,WI,2016-04-22,5,13.0,9.19195,9.103661,10.603912,10.4596815
HOUSEHOLD_WI_1,HOUSEHOLD,WI_1,WI,2016-04-23,17,14.0,9.830192,9.613626,11.113877,11.002934
HOUSEHOLD_WI_1,HOUSEHOLD,WI_1,WI,2016-04-24,6,10.0,10.149572,10.090654,11.590905,10.625093
HOUSEHOLD_WI_2,HOUSEHOLD,WI_2,WI,2016-02-29,7,7.0,8.700686,10.356592,11.856844,10.4178505
HOUSEHOLD_WI_2,HOUSEHOLD,WI_2,WI,2016-03-01,9,10.0,9.014675,10.302826,11.803078,9.123491
HOUSEHOLD_WI_2,HOUSEHOLD,WI_2,WI,2016-03-02,10,7.0,9.57674,10.937138,12.437389,9.837956
HOUSEHOLD_WI_2,HOUSEHOLD,WI_2,WI,2016-03-03,12,17.0,9.648036,10.991632,12.491883,10.025585
HOUSEHOLD_WI_2,HOUSEHOLD,WI_2,WI,2016-03-04,15,10.0,9.379128,11.082839,12.583091,10.599195
HOUSEHOLD_WI_2,HOUSEHOLD,WI_2,WI,2016-03-05,11,15.0,13.906048,12.145391,13.645642,14.838716
HOUSEHOLD_WI_2,HOUSEHOLD,WI_2,WI,2016-03-06,9,11.0,10.969346,11.401303,12.901554,14.29519
HOUSEHOLD_WI_2,HOUSEHOLD,WI_2,WI,2016-03-07,17,7.0,9.513897,8.871441,10.371693,10.107849
HOUSEHOLD_WI_2,HOUSEHOLD,WI_2,WI,2016-03-08,6,9.0,10.775212,10.274447,11.774698,10.752213
HOUSEHOLD_WI_2,HOUSEHOLD,WI_2,WI,2016-03-09,9,10.0,10.358798,9.260993,10.761245,10.7565775
HOUSEHOLD_WI_2,HOUSEHOLD,WI_2,WI,2016-03-10,6,12.0,12.380743,9.473221,10.973473,11.466999
HOUSEHOLD_WI_2,HOUSEHOLD,WI_2,WI,2016-03-11,8,15.0,10.53253,10.316261,11.816512,11.86082
HOUSEHOLD_WI_2,HOUSEHOLD,WI_2,WI,2016-03-12,17,11.0,12.703815,13.132264,14.632516,13.934306
HOUSEHOLD_WI_2,HOUSEHOLD,WI_2,WI,2016-03-13,11,9.0,11.686155,11.76941,13.269662,12.241822
HOUSEHOLD_WI_2,HOUSEHOLD,WI_2,WI,2016-03-14,10,17.0,9.467531,9.529294,11.029546,10.374678
HOUSEHOLD_WI_2,HOUSEHOLD,WI_2,WI,2016-03-15,8,6.0,8.363961,8.753662,10.253914,9.567365
HOUSEHOLD_WI_2,HOUSEHOLD,WI_2,WI,2016-03-16,12,9.0,8.67323,8.471207,9.971458,9.912553
HOUSEHOLD_WI_2,HOUSEHOLD,WI_2,WI,2016-03-17,5,6.0,9.79752,7.979964,9.480215,10.390315
HOUSEHOLD_WI_2,HOUSEHOLD,WI_2,WI,2016-03-18,14,8.0,9.31112,9.700825,11.2010765,11.891803
HOUSEHOLD_WI_2,HOUSEHOLD,WI_2,WI,2016-03-19,6,17.0,12.529079,11.698522,13.198773,14.273235
HOUSEHOLD_WI_2,HOUSEHOLD,WI_2,WI,2016-03-20,16,11.0,10.642977,11.103799,12.604051,13.334708
HOUSEHOLD_WI_2,HOUSEHOLD,WI_2,WI,2016-03-21,6,10.0,9.32047,8.929797,10.430049,10.361072
HOUSEHOLD_WI_2,HOUSEHOLD,WI_2,WI,2016-03-22,7,8.0,8.491642,8.021593,9.521845,9.27578
HOUSEHOLD_WI_2,HOUSEHOLD,WI_2,WI,2016-03-23,5,12.0,7.965287,7.7726946,9.272946,8.820397
HOUSEHOLD_WI_2,HOUSEHOLD,WI_2,WI,2016-03-24,2,5.0,8.091374,8.049712,9.549964,9.226425
HOUSEHOLD_WI_2,HOUSEHOLD,WI_2,WI,2016-03-25,15,14.0,6.935847,8.363625,9.863876,10.782845
HOUSEHOLD_WI_2,HOUSEHOLD,WI_2,WI,2016-03-26,21,6.0,11.410246,11.757268,13.25752,13.857994
HOUSEHOLD_WI_2,HOUSEHOLD,WI_2,WI,2016-03-27,9,16.0,11.884525,10.818079,12.318331,14.265919
HOUSEHOLD_WI_2,HOUSEHOLD,WI_2,WI,2016-03-28,12,6.0,7.596382,8.174845,9.6750965,10.508584
HOUSEHOLD_WI_2,HOUSEHOLD,WI_2,WI,2016-03-29,10,7.0,8.764721,8.256372,9.756623,10.007826
HOUSEHOLD_WI_2,HOUSEHOLD,WI_2,WI,2016-03-30,8,5.0,9.33844,8.284819,9.78507,10.3654375
HOUSEHOLD_WI_2,HOUSEHOLD,WI_2,WI,2016-03-31,13,2.0,9.529802,8.42947,9.929722,10.44612
HOUSEHOLD_WI_2,HOUSEHOLD,WI_2,WI,2016-04-01,12,15.0,12.0983715,10.624621,12.124872,14.193446
HOUSEHOLD_WI_2,HOUSEHOLD,WI_2,WI,2016-04-02,3,21.0,13.411489,12.424837,13.925089,14.510752
HOUSEHOLD_WI_2,HOUSEHOLD,WI_2,WI,2016-04-03,12,9.0,11.998263,11.892882,13.393133,14.083744
HOUSEHOLD_WI_2,HOUSEHOLD,WI_2,WI,2016-04-04,11,12.0,10.310634,8.940545,10.440797,10.175982
HOUSEHOLD_WI_2,HOUSEHOLD,WI_2,WI,2016-04-05,7,10.0,8.590815,8.519536,10.019788,9.181511
HOUSEHOLD_WI_2,HOUSEHOLD,WI_2,WI,2016-04-06,9,8.0,8.383141,8.057081,9.557332,8.62849
HOUSEHOLD_WI_2,HOUSEHOLD,WI_2,WI,2016-04-07,9,13.0,7.9653125,7.5807886,9.08104,8.788468
HOUSEHOLD_WI_2,HOUSEHOLD,WI_2,WI,2016-04-08,10,12.0,8.8810425,9.481035,10.981286,10.318133
HOUSEHOLD_WI_2,HOUSEHOLD,WI_2,WI,2016-04-09,23,3.0,13.04603,12.137577,13.637829,14.415744
HOUSEHOLD_WI_2,HOUSEHOLD,WI_2,WI,2016-04-10,4,12.0,13.253458,13.001706,14.501958,14.358813
HOUSEHOLD_WI_2,HOUSEHOLD,WI_2,WI,2016-04-11,11,11.0,10.053389,9.573237,11.073488,10.648723
HOUSEHOLD_WI_2,HOUSEHOLD,WI_2,WI,2016-04-12,2,7.0,9.589234,9.142655,10.642906,10.368606
HOUSEHOLD_WI_2,HOUSEHOLD,WI_2,WI,2016-04-13,7,9.0,9.529981,8.495965,9.996217,9.986648
HOUSEHOLD_WI_2,HOUSEHOLD,WI_2,WI,2016-04-14,2,9.0,8.645346,8.886584,10.386835,9.2553215
HOUSEHOLD_WI_2,HOUSEHOLD,WI_2,WI,2016-04-15,3,10.0,9.2826,9.862113,11.362365,11.056581
HOUSEHOLD_WI_2,HOUSEHOLD,WI_2,WI,2016-04-16,5,23.0,8.948454,9.79168,11.291931,11.840339
HOUSEHOLD_WI_2,HOUSEHOLD,WI_2,WI,2016-04-17,8,4.0,9.051497,8.981176,10.481427,11.243708
HOUSEHOLD_WI_2,HOUSEHOLD,WI_2,WI,2016-04-18,8,11.0,5.2748003,6.7978444,8.298096,7.82624
HOUSEHOLD_WI_2,HOUSEHOLD,WI_2,WI,2016-04-19,7,2.0,4.657114,6.015049,7.5153008,7.685566
HOUSEHOLD_WI_2,HOUSEHOLD,WI_2,WI,2016-04-20,10,7.0,5.0902457,6.3164597,7.8167114,8.094486
HOUSEHOLD_WI_2,HOUSEHOLD,WI_2,WI,2016-04-21,5,2.0,4.897007,6.5173984,8.01765,7.882903
HOUSEHOLD_WI_2,HOUSEHOLD,WI_2,WI,2016-04-22,4,3.0,7.3108015,8.094707,9.594958,9.493439
HOUSEHOLD_WI_2,HOUSEHOLD,WI_2,WI,2016-04-23,9,5.0,11.731054,9.836237,11.336489,12.310084
HOUSEHOLD_WI_2,HOUSEHOLD,WI_2,WI,2016-04-24,10,8.0,8.766575,8.817416,10.317668,10.845178
HOUSEHOLD_WI_3,HOUSEHOLD,WI_3,WI,2016-02-29,8,4.0,7.043652,7.071118,8.571369,8.283298
HOUSEHOLD_WI_3,HOUSEHOLD,WI_3,WI,2016-03-01,9,10.0,6.9157834,6.8481827,8.348434,8.627487
HOUSEHOLD_WI_3,HOUSEHOLD,WI_3,WI,2016-03-02,10,6.0,7.35741,7.321201,8.821452,8.306739
HOUSEHOLD_WI_3,HOUSEHOLD,WI_3,WI,2016-03-03,8,4.0,7.3931484,7.3974805,8.897732,7.9890995
HOUSEHOLD_WI_3,HOUSEHOLD,WI_3,WI,2016-03-04,14,5.0,7.778968,8.091221,9.591473,9.740932
HOUSEHOLD_WI_3,HOUSEHOLD,WI_3,WI,2016-03-05,3,15.0,12.927019,11.202967,12.703218,12.691119
HOUSEHOLD_WI_3,HOUSEHOLD,WI_3,WI,2016-03-06,14,13.0,10.950176,10.255271,11.755523,12.334159
HOUSEHOLD_WI_3,HOUSEHOLD,WI_3,WI,2016-03-07,6,8.0,7.904476,7.819515,9.319766,8.858196
HOUSEHOLD_WI_3,HOUSEHOLD,WI_3,WI,2016-03-08,9,9.0,8.565433,7.810064,9.310315,8.640153
HOUSEHOLD_WI_3,HOUSEHOLD,WI_3,WI,2016-03-09,8,10.0,7.496771,7.7967935,9.297045,8.442756
HOUSEHOLD_WI_3,HOUSEHOLD,WI_3,WI,2016-03-10,11,8.0,7.903141,7.208986,8.709237,8.820334
HOUSEHOLD_WI_3,HOUSEHOLD,WI_3,WI,2016-03-11,5,14.0,8.573989,8.398798,9.89905,9.611737
HOUSEHOLD_WI_3,HOUSEHOLD,WI_3,WI,2016-03-12,20,3.0,11.273009,12.548547,14.048799,12.89625
HOUSEHOLD_WI_3,HOUSEHOLD,WI_3,WI,2016-03-13,6,14.0,13.495952,13.532446,15.032698,13.02736
HOUSEHOLD_WI_3,HOUSEHOLD,WI_3,WI,2016-03-14,6,6.0,8.79193,10.156865,11.657117,10.117676
HOUSEHOLD_WI_3,HOUSEHOLD,WI_3,WI,2016-03-15,2,9.0,8.549322,9.7301855,11.230437,8.798969
HOUSEHOLD_WI_3,HOUSEHOLD,WI_3,WI,2016-03-16,4,8.0,7.535033,9.19252,10.692772,8.516086
HOUSEHOLD_WI_3,HOUSEHOLD,WI_3,WI,2016-03-17,9,11.0,6.6933923,8.679762,10.180014,9.158157
HOUSEHOLD_WI_3,HOUSEHOLD,WI_3,WI,2016-03-18,9,5.0,7.3879814,9.690698,11.190949,11.030791
HOUSEHOLD_WI_3,HOUSEHOLD,WI_3,WI,2016-03-19,8,20.0,10.172803,9.219282,10.719534,12.018742
HOUSEHOLD_WI_3,HOUSEHOLD,WI_3,WI,2016-03-20,4,6.0,7.975308,8.301533,9.8017845,11.051283
HOUSEHOLD_WI_3,HOUSEHOLD,WI_3,WI,2016-03-21,4,6.0,4.6575804,6.4389224,7.9391737,7.925935
HOUSEHOLD_WI_3,HOUSEHOLD,WI_3,WI,2016-03-22,10,2.0,5.5822973,6.287073,7.7873244,8.515127
HOUSEHOLD_WI_3,HOUSEHOLD,WI_3,WI,2016-03-23,6,4.0,5.5477686,6.355837,7.8560886,7.9991465
HOUSEHOLD_WI_3,HOUSEHOLD,WI_3,WI,2016-03-24,5,9.0,5.1403947,6.198843,7.6990943,7.6062875
HOUSEHOLD_WI_3,HOUSEHOLD,WI_3,WI,2016-03-25,7,9.0,4.5250854,6.7618537,8.262105,8.514223
HOUSEHOLD_WI_3,HOUSEHOLD,WI_3,WI,2016-03-26,17,8.0,9.699824,9.344586,10.844837,11.257438
HOUSEHOLD_WI_3,HOUSEHOLD,WI_3,WI,2016-03-27,10,4.0,9.22401,8.89358,10.393831,10.413227
HOUSEHOLD_WI_3,HOUSEHOLD,WI_3,WI,2016-03-28,5,4.0,6.3138113,7.8369846,9.337236,8.942668
HOUSEHOLD_WI_3,HOUSEHOLD,WI_3,WI,2016-03-29,4,10.0,6.636194,7.3228784,8.82313,8.869397
HOUSEHOLD_WI_3,HOUSEHOLD,WI_3,WI,2016-03-30,4,6.0,6.147941,7.4828124,8.983064,8.250578
HOUSEHOLD_WI_3,HOUSEHOLD,WI_3,WI,2016-03-31,8,5.0,5.9439025,7.0610375,8.561289,7.991651
HOUSEHOLD_WI_3,HOUSEHOLD,WI_3,WI,2016-04-01,10,7.0,7.6300163,8.763923,10.264174,10.664203
HOUSEHOLD_WI_3,HOUSEHOLD,WI_3,WI,2016-04-02,8,17.0,9.571461,9.803323,11.303575,11.48265
HOUSEHOLD_WI_3,HOUSEHOLD,WI_3,WI,2016-04-03,12,10.0,9.991763,9.438828,10.939079,11.047496
HOUSEHOLD_WI_3,HOUSEHOLD,WI_3,WI,2016-04-04,2,5.0,6.3523555,7.18029,8.680541,7.945735
HOUSEHOLD_WI_3,HOUSEHOLD,WI_3,WI,2016-04-05,8,4.0,6.965893,7.141341,8.641593,8.134764
HOUSEHOLD_WI_3,HOUSEHOLD,WI_3,WI,2016-04-06,2,4.0,6.9259615,7.203244,8.703496,7.596344
HOUSEHOLD_WI_3,HOUSEHOLD,WI_3,WI,2016-04-07,4,8.0,7.2088795,6.7327743,8.233026,8.084542
HOUSEHOLD_WI_3,HOUSEHOLD,WI_3,WI,2016-04-08,4,10.0,5.9246025,6.9817758,8.482027,8.490071
HOUSEHOLD_WI_3,HOUSEHOLD,WI_3,WI,2016-04-09,7,8.0,11.295593,9.661908,11.16216,11.634464
HOUSEHOLD_WI_3,HOUSEHOLD,WI_3,WI,2016-04-10,1,12.0,8.311056,7.7415843,9.241836,8.9506035
HOUSEHOLD_WI_3,HOUSEHOLD,WI_3,WI,2016-04-11,2,2.0,4.2542286,5.493112,6.9933634,7.090568
HOUSEHOLD_WI_3,HOUSEHOLD,WI_3,WI,2016-04-12,2,8.0,3.5596242,5.1346073,6.6348586,6.4631305
HOUSEHOLD_WI_3,HOUSEHOLD,WI_3,WI,2016-04-13,9,2.0,2.9957852,4.7588234,6.2590747,6.3900023
HOUSEHOLD_WI_3,HOUSEHOLD,WI_3,WI,2016-04-14,5,4.0,5.089536,5.682771,7.1830225,7.061518
HOUSEHOLD_WI_3,HOUSEHOLD,WI_3,WI,2016-04-15,2,4.0,5.361647,6.33625,7.8365016,7.3751235
HOUSEHOLD_WI_3,HOUSEHOLD,WI_3,WI,2016-04-16,7,7.0,6.9541464,7.119514,8.619765,7.6079707
HOUSEHOLD_WI_3,HOUSEHOLD,WI_3,WI,2016-04-17,13,1.0,6.5693746,6.8739705,8.374222,7.137642
HOUSEHOLD_WI_3,HOUSEHOLD,WI_3,WI,2016-04-18,6,2.0,4.56538,5.725706,7.2259574,7.6205664
HOUSEHOLD_WI_3,HOUSEHOLD,WI_3,WI,2016-04-19,4,2.0,6.3934035,5.7787786,7.2790303,7.4277306
HOUSEHOLD_WI_3,HOUSEHOLD,WI_3,WI,2016-04-20,2,9.0,5.456128,5.6234384,7.12369,7.6048574
HOUSEHOLD_WI_3,HOUSEHOLD,WI_3,WI,2016-04-21,9,5.0,4.5109897,5.156312,6.6565633,6.867096
HOUSEHOLD_WI_3,HOUSEHOLD,WI_3,WI,2016-04-22,3,2.0,5.399877,6.0939765,7.594228,8.183411
HOUSEHOLD_WI_3,HOUSEHOLD,WI_3,WI,2016-04-23,7,7.0,9.700587,8.036179,9.53643,10.024278
HOUSEHOLD_WI_3,HOUSEHOLD,WI_3,WI,2016-04-24,13,13.0,8.002938,7.598939,9.099191,9.020814
