state_id,date,unemployment_state,cpi,consumer_sentiment,gas_price_regional,cpi_yoy_change,unemployment_delta_3m,gas_price_change_4wk
CA,2011-01-29,12.0,221.898,77.5,3.299,0.0,0.0,0.0
CA,2011-01-30,12.0,221.898,77.5,3.299,0.0,0.0,0.0
CA,2011-01-31,12.0,221.898,77.5,3.299,0.0,0.0,0.0
CA,2011-02-01,12.0,221.898,77.5,3.299,0.0,0.0,0.0
CA,2011-02-02,12.0,221.898,77.5,3.299,0.0,0.0,0.0
CA,2011-02-03,12.0,221.898,77.5,3.299,0.0,0.0,0.0
CA,2011-02-04,12.0,221.898,77.5,3.299,0.0,0.0,0.0
CA,2011-02-05,12.0,221.898,77.5,3.299,0.0,0.0,0.0
CA,2011-02-06,12.0,221.898,77.5,3.299,0.0,0.0,0.0
CA,2011-02-07,12.0,221.898,77.5,3.332,0.0,0.0,0.0
CA,2011-02-08,12.0,221.898,77.5,3.332,0.0,0.0,0.0
CA,2011-02-09,12.0,221.898,77.5,3.332,0.0,0.0,0.0
CA,2011-02-10,12.0,221.898,77.5,3.332,0.0,0.0,0.0
CA,2011-02-11,12.0,221.898,77.5,3.332,0.0,0.0,0.0
CA,2011-02-12,12.0,221.898,77.5,3.332,0.0,0.0,0.0
CA,2011-02-13,12.0,221.898,77.5,3.332,0.0,0.0,0.0
CA,2011-02-14,12.0,221.898,77.5,3.381,0.0,0.0,0.0
CA,2011-02-15,12.0,221.898,77.5,3.381,0.0,0.0,0.0
CA,2011-02-16,12.0,221.898,77.5,3.381,0.0,0.0,0.0
CA,2011-02-17,12.0,221.898,77.5,3.381,0.0,0.0,0.0
CA,2011-02-18,12.0,221.898,77.5,3.381,0.0,0.0,0.0
CA,2011-02-19,12.0,221.898,77.5,3.381,0.0,0.0,0.0
CA,2011-02-20,12.0,221.898,77.5,3.381,0.0,0.0,0.0
CA,2011-02-21,12.0,221.898,77.5,3.481,0.0,0.0,0.0
CA,2011-02-22,12.0,221.898,77.5,3.481,0.0,0.0,0.0
CA,2011-02-23,12.0,221.898,77.5,3.481,0.0,0.0,0.0
CA,2011-02-24,12.0,221.898,77.5,3.481,0.0,0.0,0.0
CA,2011-02-25,12.0,221.898,77.5,3.481,0.0,0.0,0.0
CA,2011-02-26,12.0,221.898,77.5,3.481,0.0,0.0,5.516823279781757
CA,2011-02-27,12.0,221.898,77.5,3.481,0.0,0.0,5.516823279781757
CA,2011-02-28,12.0,221.898,77.5,3.623,0.0,0.0,9.821157926644442
CA,2011-03-01,11.9,223.046,67.5,3.623,0.0,0.0,9.821157926644442
CA,2011-03-02,11.9,223.046,67.5,3.623,0.0,0.0,9.821157926644442
CA,2011-03-03,11.9,223.046,67.5,3.623,0.0,0.0,9.821157926644442
CA,2011-03-04,11.9,223.046,67.5,3.623,0.0,0.0,9.821157926644442
CA,2011-03-05,11.9,223.046,67.5,3.623,0.0,0.0,9.821157926644442
CA,2011-03-06,11.9,223.046,67.5,3.623,0.0,0.0,9.821157926644442
CA,2011-03-07,11.9,223.046,67.5,3.767,0.0,0.0,13.055222088835539
CA,2011-03-08,11.9,223.046,67.5,3.767,0.0,0.0,13.055222088835539
CA,2011-03-09,11.9,223.046,67.5,3.767,0.0,0.0,13.055222088835539
CA,2011-03-10,11.9,223.046,67.5,3.767,0.0,0.0,13.055222088835539
CA,2011-03-11,11.9,223.046,67.5,3.767,0.0,0.0,13.055222088835539
CA,2011-03-12,11.9,223.046,67.5,3.767,0.0,0.0,13.055222088835539
CA,2011-03-13,11.9,223.046,67.5,3.767,0.0,0.0,13.055222088835539
CA,2011-03-14,11.9,223.046,67.5,3.841,0.0,0.0,13.605442176870763
CA,2011-03-15,11.9,223.046,67.5,3.841,0.0,0.0,13.605442176870763
CA,2011-03-16,11.9,223.046,67.5,3.841,0.0,0.0,13.605442176870763
CA,2011-03-17,11.9,223.046,67.5,3.841,0.0,0.0,13.605442176870763
CA,2011-03-18,11.9,223.046,67.5,3.841,0.0,0.0,13.605442176870763
CA,2011-03-19,11.9,223.046,67.5,3.841,0.0,0.0,13.605442176870763
CA,2011-03-20,11.9,223.046,67.5,3.841,0.0,0.0,13.605442176870763
CA,2011-03-21,11.9,223.046,67.5,3.857,0.0,0.0,10.801493823613907
CA,2011-03-22,11.9,223.046,67.5,3.857,0.0,0.0,10.801493823613907
CA,2011-03-23,11.9,223.046,67.5,3.857,0.0,0.0,10.801493823613907
CA,2011-03-24,11.9,223.046,67.5,3.857,0.0,0.0,10.801493823613907
CA,2011-03-25,11.9,223.046,67.5,3.857,0.0,0.0,10.801493823613907
CA,2011-03-26,11.9,223.046,67.5,3.857,0.0,0.0,10.801493823613907
CA,2011-03-27,11.9,223.046,67.5,3.857,0.0,0.0,10.801493823613907
CA,2011-03-28,11.9,223.046,67.5,3.916,0.0,0.0,8.087220535467843
CA,2011-03-29,11.9,223.046,67.5,3.916,0.0,0.0,8.087220535467843
CA,2011-03-30,11.9,223.046,67.5,3.916,0.0,0.0,8.087220535467843
CA,2011-03-31,11.9,223.046,67.5,3.916,0.0,0.0,8.087220535467843
CA,2011-04-01,11.9,224.093,69.8,3.916,0.0,0.0,8.087220535467843
CA,2011-04-02,11.9,224.093,69.8,3.916,0.0,0.0,8.087220535467843
CA,2011-04-03,11.9,224.093,69.8,3.916,0.0,0.0,8.087220535467843
CA,2011-04-04,11.9,224.093,69.8,3.951,0.0,0.0,4.884523493496151
CA,2011-04-05,11.9,224.093,69.8,3.951,0.0,0.0,4.884523493496151
CA,2011-04-06,11.9,224.093,69.8,3.951,0.0,0.0,4.884523493496151
CA,2011-04-07,11.9,224.093,69.8,3.951,0.0,0.0,4.884523493496151
CA,2011-04-08,11.9,224.093,69.8,3.951,0.0,0.0,4.884523493496151
CA,2011-04-09,11.9,224.093,69.8,3.951,0.0,0.0,4.884523493496151
CA,2011-04-10,11.9,224.093,69.8,3.951,0.0,0.0,4.884523493496151
CA,2011-04-11,11.9,224.093,69.8,4.035,0.0,0.0,5.0507680291590695
CA,2011-04-12,11.9,224.093,69.8,4.035,0.0,0.0,5.0507680291590695
CA,2011-04-13,11.9,224.093,69.8,4.035,0.0,0.0,5.0507680291590695
CA,2011-04-14,11.9,224.093,69.8,4.035,0.0,0.0,5.0507680291590695
CA,2011-04-15,11.9,224.093,69.8,4.035,0.0,0.0,5.0507680291590695
CA,2011-04-16,11.9,224.093,69.8,4.035,0.0,0.0,5.0507680291590695
CA,2011-04-17,11.9,224.093,69.8,4.035,0.0,0.0,5.0507680291590695
CA,2011-04-18,11.9,224.093,69.8,4.081,0.0,0.0,5.807622504537213
CA,2011-04-19,11.9,224.093,69.8,4.081,0.0,0.0,5.807622504537213
CA,2011-04-20,11.9,224.093,69.8,4.081,0.0,0.0,5.807622504537213
CA,2011-04-21,11.9,224.093,69.8,4.081,0.0,0.0,5.807622504537213
CA,2011-04-22,11.9,224.093,69.8,4.081,0.0,0.0,5.807622504537213
CA,2011-04-23,11.9,224.093,69.8,4.081,0.0,0.0,5.807622504537213
CA,2011-04-24,11.9,224.093,69.8,4.081,0.0,0.0,5.807622504537213
CA,2011-04-25,11.9,224.093,69.8,4.098,0.0,0.0,4.647599591419804
CA,2011-04-26,11.9,224.093,69.8,4.098,0.0,0.0,4.647599591419804
CA,2011-04-27,11.9,224.093,69.8,4.098,0.0,0.0,4.647599591419804
CA,2011-04-28,11.9,224.093,69.8,4.098,0.0,0.0,4.647599591419804
CA,2011-04-29,11.9,224.093,69.8,4.098,0.0,-0.09999999999999964,4.647599591419804
CA,2011-04-30,11.9,224.093,69.8,4.098,0.0,-0.09999999999999964,4.647599591419804
CA,2011-05-01,11.9,224.806,74.3,4.098,0.0,-0.09999999999999964,4.647599591419804
CA,2011-05-02,11.9,224.806,74.3,4.14,0.0,-0.09999999999999964,4.783599088838253
CA,2011-05-03,11.9,224.806,74.3,4.14,0.0,-0.09999999999999964,4.783599088838253
CA,2011-05-04,11.9,224.806,74.3,4.14,0.0,-0.09999999999999964,4.783599088838253
CA,2011-05-05,11.9,224.806,74.3,4.14,0.0,-0.09999999999999964,4.783599088838253
CA,2011-05-06,11.9,224.806,74.3,4.14,0.0,-0.09999999999999964,4.783599088838253
CA,2011-05-07,11.9,224.806,74.3,4.14,0.0,-0.09999999999999964,4.783599088838253
CA,2011-05-08,11.9,224.806,74.3,4.14,0.0,-0.09999999999999964,4.783599088838253
CA,2011-05-09,11.9,224.806,74.3,4.149,0.0,-0.09999999999999964,2.8252788104089266
CA,2011-05-10,11.9,224.806,74.3,4.149,0.0,-0.09999999999999964,2.8252788104089266
CA,2011-05-11,11.9,224.806,74.3,4.149,0.0,-0.09999999999999964,2.8252788104089266
CA,2011-05-12,11.9,224.806,74.3,4.149,0.0,-0.09999999999999964,2.8252788104089266
CA,2011-05-13,11.9,224.806,74.3,4.149,0.0,-0.09999999999999964,2.8252788104089266
CA,2011-05-14,11.9,224.806,74.3,4.149,0.0,-0.09999999999999964,2.8252788104089266
CA,2011-05-15,11.9,224.806,74.3,4.149,0.0,-0.09999999999999964,2.8252788104089266
CA,2011-05-16,11.9,224.806,74.3,4.117,0.0,-0.09999999999999964,0.8821367311933281
CA,2011-05-17,11.9,224.806,74.3,4.117,0.0,-0.09999999999999964,0.8821367311933281
CA,2011-05-18,11.9,224.806,74.3,4.117,0.0,-0.09999999999999964,0.8821367311933281
CA,2011-05-19,11.9,224.806,74.3,4.117,0.0,-0.09999999999999964,0.8821367311933281
CA,2011-05-20,11.9,224.806,74.3,4.117,0.0,-0.09999999999999964,0.8821367311933281
CA,2011-05-21,11.9,224.806,74.3,4.117,0.0,-0.09999999999999964,0.8821367311933281
CA,2011-05-22,11.9,224.806,74.3,4.117,0.0,-0.09999999999999964,0.8821367311933281
CA,2011-05-23,11.9,224.806,74.3,4.036,0.0,-0.09999999999999964,-1.512933138116157
CA,2011-05-24,11.9,224.806,74.3,4.036,0.0,-0.09999999999999964,-1.512933138116157
CA,2011-05-25,11.9,224.806,74.3,4.036,0.0,-0.09999999999999964,-1.512933138116157
CA,2011-05-26,11.9,224.806,74.3,4.036,0.0,-0.09999999999999964,-1.512933138116157
CA,2011-05-27,11.9,224.806,74.3,4.036,0.0,-0.09999999999999964,-1.512933138116157
CA,2011-05-28,11.9,224.806,74.3,4.036,0.0,-0.09999999999999964,-1.512933138116157
CA,2011-05-29,11.9,224.806,74.3,4.036,0.0,-0.09999999999999964,-1.512933138116157
CA,2011-05-30,11.9,224.806,74.3,3.98,0.0,0.0,-3.864734299516903
CA,2011-05-31,11.9,224.806,74.3,3.98,0.0,0.0,-3.864734299516903
CA,2011-06-01,11.9,224.806,71.5,3.98,0.0,0.0,-3.864734299516903
CA,2011-06-02,11.9,224.806,71.5,3.98,0.0,0.0,-3.864734299516903
CA,2011-06-03,11.9,224.806,71.5,3.98,0.0,0.0,-3.864734299516903
CA,2011-06-04,11.9,224.806,71.5,3.98,0.0,0.0,-3.864734299516903
CA,2011-06-05,11.9,224.806,71.5,3.98,0.0,0.0,-3.864734299516903
CA,2011-06-06,11.9,224.806,71.5,3.931,0.0,0.0,-5.254278139310675
CA,2011-06-07,11.9,224.806,71.5,3.931,0.0,0.0,-5.254278139310675
CA,2011-06-08,11.9,224.806,71.5,3.931,0.0,0.0,-5.254278139310675
CA,2011-06-09,11.9,224.806,71.5,3.931,0.0,0.0,-5.254278139310675
CA,2011-06-10,11.9,224.806,71.5,3.931,0.0,0.0,-5.254278139310675
CA,2011-06-11,11.9,224.806,71.5,3.931,0.0,0.0,-5.254278139310675
CA,2011-06-12,11.9,224.806,71.5,3.931,0.0,0.0,-5.254278139310675
CA,2011-06-13,11.9,224.806,71.5,3.886,0.0,0.0,-5.610881709982996
CA,2011-06-14,11.9,224.806,71.5,3.886,0.0,0.0,-5.610881709982996
CA,2011-06-15,11.9,224.806,71.5,3.886,0.0,0.0,-5.610881709982996
CA,2011-06-16,11.9,224.806,71.5,3.886,0.0,0.0,-5.610881709982996
CA,2011-06-17,11.9,224.806,71.5,3.886,0.0,0.0,-5.610881709982996
CA,2011-06-18,11.9,224.806,71.5,3.886,0.0,0.0,-5.610881709982996
CA,2011-06-19,11.9,224.806,71.5,3.886,0.0,0.0,-5.610881709982996
CA,2011-06-20,11.9,224.806,71.5,3.849,0.0,0.0,-4.633300297324072
CA,2011-06-21,11.9,224.806,71.5,3.849,0.0,0.0,-4.633300297324072
CA,2011-06-22,11.9,224.806,71.5,3.849,0.0,0.0,-4.633300297324072
CA,2011-06-23,11.9,224.806,71.5,3.849,0.0,0.0,-4.633300297324072
CA,2011-06-24,11.9,224.806,71.5,3.849,0.0,0.0,-4.633300297324072
CA,2011-06-25,11.9,224.806,71.5,3.849,0.0,0.0,-4.633300297324072
CA,2011-06-26,11.9,224.806,71.5,3.849,0.0,0.0,-4.633300297324072
CA,2011-06-27,11.9,224.806,71.5,3.793,0.0,0.0,-4.698492462311554
CA,2011-06-28,11.9,224.806,71.5,3.793,0.0,0.0,-4.698492462311554
CA,2011-06-29,11.9,224.806,71.5,3.793,0.0,0.0,-4.698492462311554
CA,2011-06-30,11.9,224.806,71.5,3.793,0.0,0.0,-4.698492462311554
CA,2011-07-01,11.8,225.395,63.7,3.793,0.0,-0.09999999999999964,-4.698492462311554
CA,2011-07-02,11.8,225.395,63.7,3.793,0.0,-0.09999999999999964,-4.698492462311554
CA,2011-07-03,11.8,225.395,63.7,3.793,0.0,-0.09999999999999964,-4.698492462311554
CA,2011-07-04,11.8,225.395,63.7,3.745,0.0,-0.09999999999999964,-4.731620452810992
CA,2011-07-05,11.8,225.395,63.7,3.745,0.0,-0.09999999999999964,-4.731620452810992
CA,2011-07-06,11.8,225.395,63.7,3.745,0.0,-0.09999999999999964,-4.731620452810992
CA,2011-07-07,11.8,225.395,63.7,3.745,0.0,-0.09999999999999964,-4.731620452810992
CA,2011-07-08,11.8,225.395,63.7,3.745,0.0,-0.09999999999999964,-4.731620452810992
CA,2011-07-09,11.8,225.395,63.7,3.745,0.0,-0.09999999999999964,-4.731620452810992
CA,2011-07-10,11.8,225.395,63.7,3.745,0.0,-0.09999999999999964,-4.731620452810992
CA,2011-07-11,11.8,225.395,63.7,3.73,0.0,-0.09999999999999964,-4.014410705095218
CA,2011-07-12,11.8,225.395,63.7,3.73,0.0,-0.09999999999999964,-4.014410705095218
CA,2011-07-13,11.8,225.395,63.7,3.73,0.0,-0.09999999999999964,-4.014410705095218
CA,2011-07-14,11.8,225.395,63.7,3.73,0.0,-0.09999999999999964,-4.014410705095218
CA,2011-07-15,11.8,225.395,63.7,3.73,0.0,-0.09999999999999964,-4.014410705095218
CA,2011-07-16,11.8,225.395,63.7,3.73,0.0,-0.09999999999999964,-4.014410705095218
CA,2011-07-17,11.8,225.395,63.7,3.73,0.0,-0.09999999999999964,-4.014410705095218
CA,2011-07-18,11.8,225.395,63.7,3.746,0.0,-0.09999999999999964,-2.676019745388414
CA,2011-07-19,11.8,225.395,63.7,3.746,0.0,-0.09999999999999964,-2.676019745388414
CA,2011-07-20,11.8,225.395,63.7,3.746,0.0,-0.09999999999999964,-2.676019745388414
CA,2011-07-21,11.8,225.395,63.7,3.746,0.0,-0.09999999999999964,-2.676019745388414
CA,2011-07-22,11.8,225.395,63.7,3.746,0.0,-0.09999999999999964,-2.676019745388414
CA,2011-07-23,11.8,225.395,63.7,3.746,0.0,-0.09999999999999964,-2.676019745388414
CA,2011-07-24,11.8,225.395,63.7,3.746,0.0,-0.09999999999999964,-2.676019745388414
CA,2011-07-25,11.8,225.395,63.7,3.756,0.0,-0.09999999999999964,-0.9754811494859017
CA,2011-07-26,11.8,225.395,63.7,3.756,0.0,-0.09999999999999964,-0.9754811494859017
CA,2011-07-27,11.8,225.395,63.7,3.756,0.0,-0.09999999999999964,-0.9754811494859017
CA,2011-07-28,11.8,225.395,63.7,3.756,0.0,-0.09999999999999964,-0.9754811494859017
CA,2011-07-29,11.8,225.395,63.7,3.756,0.0,-0.09999999999999964,-0.9754811494859017
CA,2011-07-30,11.8,225.395,63.7,3.756,0.0,-0.09999999999999964,-0.9754811494859017
CA,2011-07-31,11.8,225.395,63.7,3.756,0.0,-0.09999999999999964,-0.9754811494859017
CA,2011-08-01,11.8,226.106,55.8,3.754,0.0,-0.09999999999999964,0.24032042723631797
CA,2011-08-02,11.8,226.106,55.8,3.754,0.0,-0.09999999999999964,0.24032042723631797
CA,2011-08-03,11.8,226.106,55.8,3.754,0.0,-0.09999999999999964,0.24032042723631797
CA,2011-08-04,11.8,226.106,55.8,3.754,0.0,-0.09999999999999964,0.24032042723631797
CA,2011-08-05,11.8,226.106,55.8,3.754,0.0,-0.09999999999999964,0.24032042723631797
CA,2011-08-06,11.8,226.106,55.8,3.754,0.0,-0.09999999999999964,0.24032042723631797
CA,2011-08-07,11.8,226.106,55.8,3.754,0.0,-0.09999999999999964,0.24032042723631797
CA,2011-08-08,11.8,226.106,55.8,3.745,0.0,-0.09999999999999964,0.40214477211797384
CA,2011-08-09,11.8,226.106,55.8,3.745,0.0,-0.09999999999999964,0.40214477211797384
CA,2011-08-10,11.8,226.106,55.8,3.745,0.0,-0.09999999999999964,0.40214477211797384
CA,2011-08-11,11.8,226.106,55.8,3.745,0.0,-0.09999999999999964,0.40214477211797384
CA,2011-08-12,11.8,226.106,55.8,3.745,0.0,-0.09999999999999964,0.40214477211797384
CA,2011-08-13,11.8,226.106,55.8,3.745,0.0,-0.09999999999999964,0.40214477211797384
CA,2011-08-14,11.8,226.106,55.8,3.745,0.0,-0.09999999999999964,0.40214477211797384
CA,2011-08-15,11.8,226.106,55.8,3.694,0.0,-0.09999999999999964,-1.388147357180991
CA,2011-08-16,11.8,226.106,55.8,3.694,0.0,-0.09999999999999964,-1.388147357180991
CA,2011-08-17,11.8,226.106,55.8,3.694,0.0,-0.09999999999999964,-1.388147357180991
CA,2011-08-18,11.8,226.106,55.8,3.694,0.0,-0.09999999999999964,-1.388147357180991
CA,2011-08-19,11.8,226.106,55.8,3.694,0.0,-0.09999999999999964,-1.388147357180991
CA,2011-08-20,11.8,226.106,55.8,3.694,0.0,-0.09999999999999964,-1.388147357180991
CA,2011-08-21,11.8,226.106,55.8,3.694,0.0,-0.09999999999999964,-1.388147357180991
CA,2011-08-22,11.8,226.106,55.8,3.691,0.0,-0.09999999999999964,-1.7305644302449408
CA,2011-08-23,11.8,226.106,55.8,3.691,0.0,-0.09999999999999964,-1.7305644302449408
CA,2011-08-24,11.8,226.106,55.8,3.691,0.0,-0.09999999999999964,-1.7305644302449408
CA,2011-08-25,11.8,226.106,55.8,3.691,0.0,-0.09999999999999964,-1.7305644302449408
CA,2011-08-26,11.8,226.106,55.8,3.691,0.0,-0.09999999999999964,-1.7305644302449408
CA,2011-08-27,11.8,226.106,55.8,3.691,0.0,-0.09999999999999964,-1.7305644302449408
CA,2011-08-28,11.8,226.106,55.8,3.691,0.0,-0.09999999999999964,-1.7305644302449408
CA,2011-08-29,11.8,226.106,55.8,3.749,0.0,-0.09999999999999964,-0.13319126265316505
CA,2011-08-30,11.8,226.106,55.8,3.749,0.0,-0.09999999999999964,-0.13319126265316505
CA,2011-08-31,11.8,226.106,55.8,3.749,0.0,-0.09999999999999964,-0.13319126265316505
CA,2011-09-01,11.6,226.597,59.5,3.749,0.0,-0.3000000000000007,-0.13319126265316505
CA,2011-09-02,11.6,226.597,59.5,3.749,0.0,-0.3000000000000007,-0.13319126265316505
CA,2011-09-03,11.6,226.597,59.5,3.749,0.0,-0.3000000000000007,-0.13319126265316505
CA,2011-09-04,11.6,226.597,59.5,3.749,0.0,-0.3000000000000007,-0.13319126265316505
CA,2011-09-05,11.6,226.597,59.5,3.864,0.0,-0.3000000000000007,3.1775700934579376
CA,2011-09-06,11.6,226.597,59.5,3.864,0.0,-0.3000000000000007,3.1775700934579376
CA,2011-09-07,11.6,226.597,59.5,3.864,0.0,-0.3000000000000007,3.1775700934579376
CA,2011-09-08,11.6,226.597,59.5,3.864,0.0,-0.3000000000000007,3.1775700934579376
CA,2011-09-09,11.6,226.597,59.5,3.864,0.0,-0.3000000000000007,3.1775700934579376
CA,2011-09-10,11.6,226.597,59.5,3.864,0.0,-0.3000000000000007,3.1775700934579376
CA,2011-09-11,11.6,226.597,59.5,3.864,0.0,-0.3000000000000007,3.1775700934579376
CA,2011-09-12,11.6,226.597,59.5,3.868,0.0,-0.3000000000000007,4.710341093665393
CA,2011-09-13,11.6,226.597,59.5,3.868,0.0,-0.3000000000000007,4.710341093665393
CA,2011-09-14,11.6,226.597,59.5,3.868,0.0,-0.3000000000000007,4.710341093665393
CA,2011-09-15,11.6,226.597,59.5,3.868,0.0,-0.3000000000000007,4.710341093665393
CA,2011-09-16,11.6,226.597,59.5,3.868,0.0,-0.3000000000000007,4.710341093665393
CA,2011-09-17,11.6,226.597,59.5,3.868,0.0,-0.3000000000000007,4.710341093665393
CA,2011-09-18,11.6,226.597,59.5,3.868,0.0,-0.3000000000000007,4.710341093665393
CA,2011-09-19,11.6,226.597,59.5,3.856,0.0,-0.3000000000000007,4.470333243023572
CA,2011-09-20,11.6,226.597,59.5,3.856,0.0,-0.3000000000000007,4.470333243023572
CA,2011-09-21,11.6,226.597,59.5,3.856,0.0,-0.3000000000000007,4.470333243023572
CA,2011-09-22,11.6,226.597,59.5,3.856,0.0,-0.3000000000000007,4.470333243023572
CA,2011-09-23,11.6,226.597,59.5,3.856,0.0,-0.3000000000000007,4.470333243023572
CA,2011-09-24,11.6,226.597,59.5,3.856,0.0,-0.3000000000000007,4.470333243023572
CA,2011-09-25,11.6,226.597,59.5,3.856,0.0,-0.3000000000000007,4.470333243023572
CA,2011-09-26,11.6,226.597,59.5,3.827,0.0,-0.3000000000000007,2.0805548146172193
CA,2011-09-27,11.6,226.597,59.5,3.827,0.0,-0.3000000000000007,2.0805548146172193
CA,2011-09-28,11.6,226.597,59.5,3.827,0.0,-0.3000000000000007,2.0805548146172193
CA,2011-09-29,11.6,226.597,59.5,3.827,0.0,-0.20000000000000107,2.0805548146172193
CA,2011-09-30,11.6,226.597,59.5,3.827,0.0,-0.20000000000000107,2.0805548146172193
CA,2011-10-01,11.5,226.75,60.8,3.827,0.0,-0.3000000000000007,2.0805548146172193
CA,2011-10-02,11.5,226.75,60.8,3.827,0.0,-0.3000000000000007,2.0805548146172193
CA,2011-10-03,11.5,226.75,60.8,3.777,0.0,-0.3000000000000007,-2.251552795031053
CA,2011-10-04,11.5,226.75,60.8,3.777,0.0,-0.3000000000000007,-2.251552795031053
CA,2011-10-05,11.5,226.75,60.8,3.777,0.0,-0.3000000000000007,-2.251552795031053
CA,2011-10-06,11.5,226.75,60.8,3.777,0.0,-0.3000000000000007,-2.251552795031053
CA,2011-10-07,11.5,226.75,60.8,3.777,0.0,-0.3000000000000007,-2.251552795031053
CA,2011-10-08,11.5,226.75,60.8,3.777,0.0,-0.3000000000000007,-2.251552795031053
CA,2011-10-09,11.5,226.75,60.8,3.777,0.0,-0.3000000000000007,-2.251552795031053
CA,2011-10-10,11.5,226.75,60.8,3.754,0.0,-0.3000000000000007,-2.947259565667004
CA,2011-10-11,11.5,226.75,60.8,3.754,0.0,-0.3000000000000007,-2.947259565667004
CA,2011-10-12,11.5,226.75,60.8,3.754,0.0,-0.3000000000000007,-2.947259565667004
CA,2011-10-13,11.5,226.75,60.8,3.754,0.0,-0.3000000000000007,-2.947259565667004
CA,2011-10-14,11.5,226.75,60.8,3.754,0.0,-0.3000000000000007,-2.947259565667004
CA,2011-10-15,11.5,226.75,60.8,3.754,0.0,-0.3000000000000007,-2.947259565667004
CA,2011-10-16,11.5,226.75,60.8,3.754,0.0,-0.3000000000000007,-2.947259565667004
CA,2011-10-17,11.5,226.75,60.8,3.791,0.0,-0.3000000000000007,-1.6856846473028986
CA,2011-10-18,11.5,226.75,60.8,3.791,0.0,-0.3000000000000007,-1.6856846473028986
CA,2011-10-19,11.5,226.75,60.8,3.791,0.0,-0.3000000000000007,-1.6856846473028986
CA,2011-10-20,11.5,226.75,60.8,3.791,0.0,-0.3000000000000007,-1.6856846473028986
CA,2011-10-21,11.5,226.75,60.8,3.791,0.0,-0.3000000000000007,-1.6856846473028986
CA,2011-10-22,11.5,226.75,60.8,3.791,0.0,-0.3000000000000007,-1.6856846473028986
CA,2011-10-23,11.5,226.75,60.8,3.791,0.0,-0.3000000000000007,-1.6856846473028986
CA,2011-10-24,11.5,226.75,60.8,3.792,0.0,-0.3000000000000007,-0.9145544813169648
CA,2011-10-25,11.5,226.75,60.8,3.792,0.0,-0.3000000000000007,-0.9145544813169648
CA,2011-10-26,11.5,226.75,60.8,3.792,0.0,-0.3000000000000007,-0.9145544813169648
CA,2011-10-27,11.5,226.75,60.8,3.792,0.0,-0.3000000000000007,-0.9145544813169648
CA,2011-10-28,11.5,226.75,60.8,3.792,0.0,-0.3000000000000007,-0.9145544813169648
CA,2011-10-29,11.5,226.75,60.8,3.792,0.0,-0.3000000000000007,-0.9145544813169648
CA,2011-10-30,11.5,226.75,60.8,3.792,0.0,-0.3000000000000007,-0.9145544813169648
CA,2011-10-31,11.5,226.75,60.8,3.776,0.0,-0.3000000000000007,-0.026476039184542
CA,2011-11-01,11.3,227.169,63.7,3.776,0.0,-0.5,-0.026476039184542
CA,2011-11-02,11.3,227.169,63.7,3.776,0.0,-0.5,-0.026476039184542
CA,2011-11-03,11.3,227.169,63.7,3.776,0.0,-0.5,-0.026476039184542
CA,2011-11-04,11.3,227.169,63.7,3.776,0.0,-0.5,-0.026476039184542
CA,2011-11-05,11.3,227.169,63.7,3.776,0.0,-0.5,-0.026476039184542
CA,2011-11-06,11.3,227.169,63.7,3.776,0.0,-0.5,-0.026476039184542
CA,2011-11-07,11.3,227.169,63.7,3.772,0.0,-0.5,0.47948854555139864
CA,2011-11-08,11.3,227.169,63.7,3.772,0.0,-0.5,0.47948854555139864
CA,2011-11-09,11.3,227.169,63.7,3.772,0.0,-0.5,0.47948854555139864
CA,2011-11-10,11.3,227.169,63.7,3.772,0.0,-0.5,0.47948854555139864
CA,2011-11-11,11.3,227.169,63.7,3.772,0.0,-0.5,0.47948854555139864
CA,2011-11-12,11.3,227.169,63.7,3.772,0.0,-0.5,0.47948854555139864
CA,2011-11-13,11.3,227.169,63.7,3.772,0.0,-0.5,0.47948854555139864
CA,2011-11-14,11.3,227.169,63.7,3.759,0.0,-0.5,-0.8441044579266643
CA,2011-11-15,11.3,227.169,63.7,3.759,0.0,-0.5,-0.8441044579266643
CA,2011-11-16,11.3,227.169,63.7,3.759,0.0,-0.5,-0.8441044579266643
CA,2011-11-17,11.3,227.169,63.7,3.759,0.0,-0.5,-0.8441044579266643
CA,2011-11-18,11.3,227.169,63.7,3.759,0.0,-0.5,-0.8441044579266643
CA,2011-11-19,11.3,227.169,63.7,3.759,0.0,-0.5,-0.8441044579266643
CA,2011-11-20,11.3,227.169,63.7,3.759,0.0,-0.5,-0.8441044579266643
CA,2011-11-21,11.3,227.169,63.7,3.708,0.0,-0.5,-2.215189873417711
CA,2011-11-22,11.3,227.169,63.7,3.708,0.0,-0.5,-2.215189873417711
CA,2011-11-23,11.3,227.169,63.7,3.708,0.0,-0.5,-2.215189873417711
CA,2011-11-24,11.3,227.169,63.7,3.708,0.0,-0.5,-2.215189873417711
CA,2011-11-25,11.3,227.169,63.7,3.708,0.0,-0.5,-2.215189873417711
CA,2011-11-26,11.3,227.169,63.7,3.708,0.0,-0.5,-2.215189873417711
CA,2011-11-27,11.3,227.169,63.7,3.708,0.0,-0.5,-2.215189873417711
CA,2011-11-28,11.3,227.169,63.7,3.648,0.0,-0.5,-3.3898305084745672
CA,2011-11-29,11.3,227.169,63.7,3.648,0.0,-0.5,-3.3898305084745672
CA,2011-11-30,11.3,227.169,63.7,3.648,0.0,-0.29999999999999893,-3.3898305084745672
CA,2011-12-01,11.1,227.223,69.9,3.648,0.0,-0.5,-3.3898305084745672
CA,2011-12-02,11.1,227.223,69.9,3.648,0.0,-0.5,-3.3898305084745672
CA,2011-12-03,11.1,227.223,69.9,3.648,0.0,-0.5,-3.3898305084745672
CA,2011-12-04,11.1,227.223,69.9,3.648,0.0,-0.5,-3.3898305084745672
CA,2011-12-05,11.1,227.223,69.9,3.591,0.0,-0.5,-4.798515376458101
CA,2011-12-06,11.1,227.223,69.9,3.591,0.0,-0.5,-4.798515376458101
CA,2011-12-07,11.1,227.223,69.9,3.591,0.0,-0.5,-4.798515376458101
CA,2011-12-08,11.1,227.223,69.9,3.591,0.0,-0.5,-4.798515376458101
CA,2011-12-09,11.1,227.223,69.9,3.591,0.0,-0.5,-4.798515376458101
CA,2011-12-10,11.1,227.223,69.9,3.591,0.0,-0.5,-4.798515376458101
CA,2011-12-11,11.1,227.223,69.9,3.591,0.0,-0.5,-4.798515376458101
CA,2011-12-12,11.1,227.223,69.9,3.548,0.0,-0.5,-5.613194998669857
CA,2011-12-13,11.1,227.223,69.9,3.548,0.0,-0.5,-5.613194998669857
CA,2011-12-14,11.1,227.223,69.9,3.548,0.0,-0.5,-5.613194998669857
CA,2011-12-15,11.1,227.223,69.9,3.548,0.0,-0.5,-5.613194998669857
CA,2011-12-16,11.1,227.223,69.9,3.548,0.0,-0.5,-5.613194998669857
CA,2011-12-17,11.1,227.223,69.9,3.548,0.0,-0.5,-5.613194998669857
CA,2011-12-18,11.1,227.223,69.9,3.548,0.0,-0.5,-5.613194998669857
CA,2011-12-19,11.1,227.223,69.9,3.49,0.0,-0.5,-5.87918015102481
CA,2011-12-20,11.1,227.223,69.9,3.49,0.0,-0.5,-5.87918015102481
CA,2011-12-21,11.1,227.223,69.9,3.49,0.0,-0.5,-5.87918015102481
CA,2011-12-22,11.1,227.223,69.9,3.49,0.0,-0.5,-5.87918015102481
CA,2011-12-23,11.1,227.223,69.9,3.49,0.0,-0.5,-5.87918015102481
CA,2011-12-24,11.1,227.223,69.9,3.49,0.0,-0.5,-5.87918015102481
CA,2011-12-25,11.1,227.223,69.9,3.49,0.0,-0.5,-5.87918015102481
CA,2011-12-26,11.1,227.223,69.9,3.503,0.0,-0.5,-3.974780701754388
CA,2011-12-27,11.1,227.223,69.9,3.503,0.0,-0.5,-3.974780701754388
CA,2011-12-28,11.1,227.223,69.9,3.503,0.0,-0.5,-3.974780701754388
CA,2011-12-29,11.1,227.223,69.9,3.503,0.0,-0.5,-3.974780701754388
CA,2011-12-30,11.1,227.223,69.9,3.503,0.0,-0.40000000000000036,-3.974780701754388
CA,2011-12-31,11.1,227.223,69.9,3.503,0.0,-0.40000000000000036,-3.974780701754388
CA,2012-01-01,11.0,227.842,75.0,3.503,0.0,-0.5,-3.974780701754388
CA,2012-01-02,11.0,227.842,75.0,3.546,0.0,-0.5,-1.253132832080206
CA,2012-01-03,11.0,227.842,75.0,3.546,0.0,-0.5,-1.253132832080206
CA,2012-01-04,11.0,227.842,75.0,3.546,0.0,-0.5,-1.253132832080206
CA,2012-01-05,11.0,227.842,75.0,3.546,0.0,-0.5,-1.253132832080206
CA,2012-01-06,11.0,227.842,75.0,3.546,0.0,-0.5,-1.253132832080206
CA,2012-01-07,11.0,227.842,75.0,3.546,0.0,-0.5,-1.253132832080206
CA,2012-01-08,11.0,227.842,75.0,3.546,0.0,-0.5,-1.253132832080206
CA,2012-01-09,11.0,227.842,75.0,3.605,0.0,-0.5,1.6065388951521875
CA,2012-01-10,11.0,227.842,75.0,3.605,0.0,-0.5,1.6065388951521875
CA,2012-01-11,11.0,227.842,75.0,3.605,0.0,-0.5,1.6065388951521875
CA,2012-01-12,11.0,227.842,75.0,3.605,0.0,-0.5,1.6065388951521875
CA,2012-01-13,11.0,227.842,75.0,3.605,0.0,-0.5,1.6065388951521875
CA,2012-01-14,11.0,227.842,75.0,3.605,0.0,-0.5,1.6065388951521875
CA,2012-01-15,11.0,227.842,75.0,3.605,0.0,-0.5,1.6065388951521875
CA,2012-01-16,11.0,227.842,75.0,3.607,0.0,-0.5,3.352435530085951
CA,2012-01-17,11.0,227.842,75.0,3.607,0.0,-0.5,3.352435530085951
CA,2012-01-18,11.0,227.842,75.0,3.607,0.0,-0.5,3.352435530085951
CA,2012-01-19,11.0,227.842,75.0,3.607,0.0,-0.5,3.352435530085951
CA,2012-01-20,11.0,227.842,75.0,3.607,0.0,-0.5,3.352435530085951
CA,2012-01-21,11.0,227.842,75.0,3.607,0.0,-0.5,3.352435530085951
CA,2012-01-22,11.0,227.842,75.0,3.607,0.0,-0.5,3.352435530085951
CA,2012-01-23,11.0,227.842,75.0,3.623,0.0,-0.5,3.425635169854413
CA,2012-01-24,11.0,227.842,75.0,3.623,0.0,-0.5,3.425635169854413
CA,2012-01-25,11.0,227.842,75.0,3.623,0.0,-0.5,3.425635169854413
CA,2012-01-26,11.0,227.842,75.0,3.623,0.0,-0.5,3.425635169854413
CA,2012-01-27,11.0,227.842,75.0,3.623,0.0,-0.5,3.425635169854413
CA,2012-01-28,11.0,227.842,75.0,3.623,0.0,-0.5,3.425635169854413
CA,2012-01-29,11.0,227.842,75.0,3.623,2.67870823531533,-0.5,3.425635169854413
CA,2012-01-30,11.0,227.842,75.0,3.65,2.67870823531533,-0.3000000000000007,2.932882120699376
CA,2012-01-31,11.0,227.842,75.0,3.65,2.67870823531533,-0.3000000000000007,2.932882120699376
CA,2012-02-01,10.9,228.329,75.3,3.65,2.8981784423473878,-0.40000000000000036,2.932882120699376
CA,2012-02-02,10.9,228.329,75.3,3.65,2.8981784423473878,-0.40000000000000036,2.932882120699376
CA,2012-02-03,10.9,228.329,75.3,3.65,2.8981784423473878,-0.40000000000000036,2.932882120699376
CA,2012-02-04,10.9,228.329,75.3,3.65,2.8981784423473878,-0.40000000000000036,2.932882120699376
CA,2012-02-05,10.9,228.329,75.3,3.65,2.8981784423473878,-0.40000000000000036,2.932882120699376
CA,2012-02-06,10.9,228.329,75.3,3.669,2.8981784423473878,-0.40000000000000036,1.7753120665741973
CA,2012-02-07,10.9,228.329,75.3,3.669,2.8981784423473878,-0.40000000000000036,1.7753120665741973
CA,2012-02-08,10.9,228.329,75.3,3.669,2.8981784423473878,-0.40000000000000036,1.7753120665741973
CA,2012-02-09,10.9,228.329,75.3,3.669,2.8981784423473878,-0.40000000000000036,1.7753120665741973
CA,2012-02-10,10.9,228.329,75.3,3.669,2.8981784423473878,-0.40000000000000036,1.7753120665741973
CA,2012-02-11,10.9,228.329,75.3,3.669,2.8981784423473878,-0.40000000000000036,1.7753120665741973
CA,2012-02-12,10.9,228.329,75.3,3.669,2.8981784423473878,-0.40000000000000036,1.7753120665741973
CA,2012-02-13,10.9,228.329,75.3,3.727,2.8981784423473878,-0.40000000000000036,3.3268644302744566
CA,2012-02-14,10.9,228.329,75.3,3.727,2.8981784423473878,-0.40000000000000036,3.3268644302744566
CA,2012-02-15,10.9,228.329,75.3,3.727,2.8981784423473878,-0.40000000000000036,3.3268644302744566
CA,2012-02-16,10.9,228.329,75.3,3.727,2.8981784423473878,-0.40000000000000036,3.3268644302744566
CA,2012-02-17,10.9,228.329,75.3,3.727,2.8981784423473878,-0.40000000000000036,3.3268644302744566
CA,2012-02-18,10.9,228.329,75.3,3.727,2.8981784423473878,-0.40000000000000036,3.3268644302744566
CA,2012-02-19,10.9,228.329,75.3,3.727,2.8981784423473878,-0.40000000000000036,3.3268644302744566
CA,2012-02-20,10.9,228.329,75.3,3.896,2.8981784423473878,-0.40000000000000036,7.535191829975152
CA,2012-02-21,10.9,228.329,75.3,3.896,2.8981784423473878,-0.40000000000000036,7.535191829975152
CA,2012-02-22,10.9,228.329,75.3,3.896,2.8981784423473878,-0.40000000000000036,7.535191829975152
CA,2012-02-23,10.9,228.329,75.3,3.896,2.8981784423473878,-0.40000000000000036,7.535191829975152
CA,2012-02-24,10.9,228.329,75.3,3.896,2.8981784423473878,-0.40000000000000036,7.535191829975152
CA,2012-02-25,10.9,228.329,75.3,3.896,2.8981784423473878,-0.40000000000000036,7.535191829975152
CA,2012-02-26,10.9,228.329,75.3,3.896,2.8981784423473878,-0.40000000000000036,7.535191829975152
CA,2012-02-27,10.9,228.329,75.3,4.124,2.8981784423473878,-0.40000000000000036,12.986301369863007
CA,2012-02-28,10.9,228.329,75.3,4.124,2.8981784423473878,-0.40000000000000036,12.986301369863007
CA,2012-02-29,10.9,228.329,75.3,4.124,2.3685697120773286,-0.1999999999999993,12.986301369863007
CA,2012-03-01,10.8,228.807,76.2,4.124,2.5828752813320977,-0.29999999999999893,12.986301369863007
CA,2012-03-02,10.8,228.807,76.2,4.124,2.5828752813320977,-0.29999999999999893,12.986301369863007
CA,2012-03-03,10.8,228.807,76.2,4.124,2.5828752813320977,-0.29999999999999893,12.986301369863007
CA,2012-03-04,10.8,228.807,76.2,4.124,2.5828752813320977,-0.29999999999999893,12.986301369863007
CA,2012-03-05,10.8,228.807,76.2,4.196,2.5828752813320977,-0.29999999999999893,14.363586808394647
CA,2012-03-06,10.8,228.807,76.2,4.196,2.5828752813320977,-0.29999999999999893,14.363586808394647
CA,2012-03-07,10.8,228.807,76.2,4.196,2.5828752813320977,-0.29999999999999893,14.363586808394647
CA,2012-03-08,10.8,228.807,76.2,4.196,2.5828752813320977,-0.29999999999999893,14.363586808394647
CA,2012-03-09,10.8,228.807,76.2,4.196,2.5828752813320977,-0.29999999999999893,14.363586808394647
CA,2012-03-10,10.8,228.807,76.2,4.196,2.5828752813320977,-0.29999999999999893,14.363586808394647
CA,2012-03-11,10.8,228.807,76.2,4.196,2.5828752813320977,-0.29999999999999893,14.363586808394647
CA,2012-03-12,10.8,228.807,76.2,4.218,2.5828752813320977,-0.29999999999999893,13.174134692782392
CA,2012-03-13,10.8,228.807,76.2,4.218,2.5828752813320977,-0.29999999999999893,13.174134692782392
CA,2012-03-14,10.8,228.807,76.2,4.218,2.5828752813320977,-0.29999999999999893,13.174134692782392
CA,2012-03-15,10.8,228.807,76.2,4.218,2.5828752813320977,-0.29999999999999893,13.174134692782392
CA,2012-03-16,10.8,228.807,76.2,4.218,2.5828752813320977,-0.29999999999999893,13.174134692782392
CA,2012-03-17,10.8,228.807,76.2,4.218,2.5828752813320977,-0.29999999999999893,13.174134692782392
CA,2012-03-18,10.8,228.807,76.2,4.218,2.5828752813320977,-0.29999999999999893,13.174134692782392
CA,2012-03-19,10.8,228.807,76.2,4.234,2.5828752813320977,-0.29999999999999893,8.675564681724858
CA,2012-03-20,10.8,228.807,76.2,4.234,2.5828752813320977,-0.29999999999999893,8.675564681724858
CA,2012-03-21,10.8,228.807,76.2,4.234,2.5828752813320977,-0.29999999999999893,8.675564681724858
CA,2012-03-22,10.8,228.807,76.2,4.234,2.5828752813320977,-0.29999999999999893,8.675564681724858
CA,2012-03-23,10.8,228.807,76.2,4.234,2.5828752813320977,-0.29999999999999893,8.675564681724858
CA,2012-03-24,10.8,228.807,76.2,4.234,2.5828752813320977,-0.29999999999999893,8.675564681724858
CA,2012-03-25,10.8,228.807,76.2,4.234,2.5828752813320977,-0.29999999999999893,8.675564681724858
CA,2012-03-26,10.8,228.807,76.2,4.242,2.5828752813320977,-0.29999999999999893,2.8612997090203818
CA,2012-03-27,10.8,228.807,76.2,4.242,2.5828752813320977,-0.29999999999999893,2.8612997090203818
CA,2012-03-28,10.8,228.807,76.2,4.242,2.5828752813320977,-0.29999999999999893,2.8612997090203818
CA,2012-03-29,10.8,228.807,76.2,4.242,2.5828752813320977,-0.29999999999999893,2.8612997090203818
CA,2012-03-30,10.8,228.807,76.2,4.242,2.5828752813320977,-0.29999999999999893,2.8612997090203818
CA,2012-03-31,10.8,228.807,76.2,4.242,2.103590919841314,-0.1999999999999993,2.8612997090203818
CA,2012-04-01,10.7,229.187,76.4,4.242,2.2731633741348567,-0.3000000000000007,2.8612997090203818
CA,2012-04-02,10.7,229.187,76.4,4.231,2.2731633741348567,-0.3000000000000007,0.834127740705437
CA,2012-04-03,10.7,229.187,76.4,4.231,2.2731633741348567,-0.3000000000000007,0.834127740705437
CA,2012-04-04,10.7,229.187,76.4,4.231,2.2731633741348567,-0.3000000000000007,0.834127740705437
CA,2012-04-05,10.7,229.187,76.4,4.231,2.2731633741348567,-0.3000000000000007,0.834127740705437
CA,2012-04-06,10.7,229.187,76.4,4.231,2.2731633741348567,-0.3000000000000007,0.834127740705437
CA,2012-04-07,10.7,229.187,76.4,4.231,2.2731633741348567,-0.3000000000000007,0.834127740705437
CA,2012-04-08,10.7,229.187,76.4,4.231,2.2731633741348567,-0.3000000000000007,0.834127740705437
CA,2012-04-09,10.7,229.187,76.4,4.203,2.2731633741348567,-0.3000000000000007,-0.35561877667139585
CA,2012-04-10,10.7,229.187,76.4,4.203,2.2731633741348567,-0.3000000000000007,-0.35561877667139585
CA,2012-04-11,10.7,229.187,76.4,4.203,2.2731633741348567,-0.3000000000000007,-0.35561877667139585
CA,2012-04-12,10.7,229.187,76.4,4.203,2.2731633741348567,-0.3000000000000007,-0.35561877667139585
CA,2012-04-13,10.7,229.187,76.4,4.203,2.2731633741348567,-0.3000000000000007,-0.35561877667139585
CA,2012-04-14,10.7,229.187,76.4,4.203,2.2731633741348567,-0.3000000000000007,-0.35561877667139585
CA,2012-04-15,10.7,229.187,76.4,4.203,2.2731633741348567,-0.3000000000000007,-0.35561877667139585
CA,2012-04-16,10.7,229.187,76.4,4.171,2.2731633741348567,-0.3000000000000007,-1.4879546528105747
CA,2012-04-17,10.7,229.187,76.4,4.171,2.2731633741348567,-0.3000000000000007,-1.4879546528105747
CA,2012-04-18,10.7,229.187,76.4,4.171,2.2731633741348567,-0.3000000000000007,-1.4879546528105747
CA,2012-04-19,10.7,229.187,76.4,4.171,2.2731633741348567,-0.3000000000000007,-1.4879546528105747
CA,2012-04-20,10.7,229.187,76.4,4.171,2.2731633741348567,-0.3000000000000007,-1.4879546528105747
CA,2012-04-21,10.7,229.187,76.4,4.171,2.2731633741348567,-0.3000000000000007,-1.4879546528105747
CA,2012-04-22,10.7,229.187,76.4,4.171,2.2731633741348567,-0.3000000000000007,-1.4879546528105747
CA,2012-04-23,10.7,229.187,76.4,4.143,2.2731633741348567,-0.3000000000000007,-2.333804809052342
CA,2012-04-24,10.7,229.187,76.4,4.143,2.2731633741348567,-0.3000000000000007,-2.333804809052342
CA,2012-04-25,10.7,229.187,76.4,4.143,2.2731633741348567,-0.3000000000000007,-2.333804809052342
CA,2012-04-26,10.7,229.187,76.4,4.143,2.2731633741348567,-0.3000000000000007,-2.333804809052342
CA,2012-04-27,10.7,229.187,76.4,4.143,2.2731633741348567,-0.3000000000000007,-2.333804809052342
CA,2012-04-28,10.7,229.187,76.4,4.143,2.2731633741348567,-0.3000000000000007,-2.333804809052342
CA,2012-04-29,10.7,229.187,76.4,4.143,2.2731633741348567,-0.3000000000000007,-2.333804809052342
CA,2012-04-30,10.7,229.187,76.4,4.121,1.9487914023647024,-0.3000000000000007,-2.5998581895532835
CA,2012-05-01,10.7,228.713,79.3,4.121,1.7379429374660749,-0.20000000000000107,-2.5998581895532835
CA,2012-05-02,10.7,228.713,79.3,4.121,1.7379429374660749,-0.20000000000000107,-2.5998581895532835
CA,2012-05-03,10.7,228.713,79.3,4.121,1.7379429374660749,-0.20000000000000107,-2.5998581895532835
CA,2012-05-04,10.7,228.713,79.3,4.121,1.7379429374660749,-0.20000000000000107,-2.5998581895532835
CA,2012-05-05,10.7,228.713,79.3,4.121,1.7379429374660749,-0.20000000000000107,-2.5998581895532835
CA,2012-05-06,10.7,228.713,79.3,4.121,1.7379429374660749,-0.20000000000000107,-2.5998581895532835
CA,2012-05-07,10.7,228.713,79.3,4.135,1.7379429374660749,-0.20000000000000107,-1.6178919819176851
CA,2012-05-08,10.7,228.713,79.3,4.135,1.7379429374660749,-0.20000000000000107,-1.6178919819176851
CA,2012-05-09,10.7,228.713,79.3,4.135,1.7379429374660749,-0.20000000000000107,-1.6178919819176851
CA,2012-05-10,10.7,228.713,79.3,4.135,1.7379429374660749,-0.20000000000000107,-1.6178919819176851
CA,2012-05-11,10.7,228.713,79.3,4.135,1.7379429374660749,-0.20000000000000107,-1.6178919819176851
CA,2012-05-12,10.7,228.713,79.3,4.135,1.7379429374660749,-0.20000000000000107,-1.6178919819176851
CA,2012-05-13,10.7,228.713,79.3,4.135,1.7379429374660749,-0.20000000000000107,-1.6178919819176851
CA,2012-05-14,10.7,228.713,79.3,4.255,1.7379429374660749,-0.20000000000000107,2.0139055382402127
CA,2012-05-15,10.7,228.713,79.3,4.255,1.7379429374660749,-0.20000000000000107,2.0139055382402127
CA,2012-05-16,10.7,228.713,79.3,4.255,1.7379429374660749,-0.20000000000000107,2.0139055382402127
CA,2012-05-17,10.7,228.713,79.3,4.255,1.7379429374660749,-0.20000000000000107,2.0139055382402127
CA,2012-05-18,10.7,228.713,79.3,4.255,1.7379429374660749,-0.20000000000000107,2.0139055382402127
CA,2012-05-19,10.7,228.713,79.3,4.255,1.7379429374660749,-0.20000000000000107,2.0139055382402127
CA,2012-05-20,10.7,228.713,79.3,4.255,1.7379429374660749,-0.20000000000000107,2.0139055382402127
CA,2012-05-21,10.7,228.713,79.3,4.242,1.7379429374660749,-0.20000000000000107,2.389572773352655
CA,2012-05-22,10.7,228.713,79.3,4.242,1.7379429374660749,-0.20000000000000107,2.389572773352655
CA,2012-05-23,10.7,228.713,79.3,4.242,1.7379429374660749,-0.20000000000000107,2.389572773352655
CA,2012-05-24,10.7,228.713,79.3,4.242,1.7379429374660749,-0.20000000000000107,2.389572773352655
CA,2012-05-25,10.7,228.713,79.3,4.242,1.7379429374660749,-0.20000000000000107,2.389572773352655
CA,2012-05-26,10.7,228.713,79.3,4.242,1.7379429374660749,-0.20000000000000107,2.389572773352655
CA,2012-05-27,10.7,228.713,79.3,4.242,1.7379429374660749,-0.20000000000000107,2.389572773352655
CA,2012-05-28,10.7,228.713,79.3,4.227,1.7379429374660749,-0.20000000000000107,2.57219121572434
CA,2012-05-29,10.7,228.713,79.3,4.227,1.7379429374660749,-0.20000000000000107,2.57219121572434
CA,2012-05-30,10.7,228.713,79.3,4.227,1.7379429374660749,-0.10000000000000142,2.57219121572434
CA,2012-05-31,10.7,228.713,79.3,4.227,1.7379429374660749,-0.10000000000000142,2.57219121572434
CA,2012-06-01,10.5,228.524,73.2,4.227,1.653870448297634,-0.3000000000000007,2.57219121572434
CA,2012-06-02,10.5,228.524,73.2,4.227,1.653870448297634,-0.3000000000000007,2.57219121572434
CA,2012-06-03,10.5,228.524,73.2,4.227,1.653870448297634,-0.3000000000000007,2.57219121572434
CA,2012-06-04,10.5,228.524,73.2,4.185,1.653870448297634,-0.3000000000000007,1.2091898428053138
CA,2012-06-05,10.5,228.524,73.2,4.185,1.653870448297634,-0.3000000000000007,1.2091898428053138
CA,2012-06-06,10.5,228.524,73.2,4.185,1.653870448297634,-0.3000000000000007,1.2091898428053138
CA,2012-06-07,10.5,228.524,73.2,4.185,1.653870448297634,-0.3000000000000007,1.2091898428053138
CA,2012-06-08,10.5,228.524,73.2,4.185,1.653870448297634,-0.3000000000000007,1.2091898428053138
CA,2012-06-09,10.5,228.524,73.2,4.185,1.653870448297634,-0.3000000000000007,1.2091898428053138
CA,2012-06-10,10.5,228.524,73.2,4.185,1.653870448297634,-0.3000000000000007,1.2091898428053138
CA,2012-06-11,10.5,228.524,73.2,4.093,1.653870448297634,-0.3000000000000007,-3.807285546415984
CA,2012-06-12,10.5,228.524,73.2,4.093,1.653870448297634,-0.3000000000000007,-3.807285546415984
CA,2012-06-13,10.5,228.524,73.2,4.093,1.653870448297634,-0.3000000000000007,-3.807285546415984
CA,2012-06-14,10.5,228.524,73.2,4.093,1.653870448297634,-0.3000000000000007,-3.807285546415984
CA,2012-06-15,10.5,228.524,73.2,4.093,1.653870448297634,-0.3000000000000007,-3.807285546415984
CA,2012-06-16,10.5,228.524,73.2,4.093,1.653870448297634,-0.3000000000000007,-3.807285546415984
CA,2012-06-17,10.5,228.524,73.2,4.093,1.653870448297634,-0.3000000000000007,-3.807285546415984
CA,2012-06-18,10.5,228.524,73.2,3.964,1.653870448297634,-0.3000000000000007,-6.553512494106551
CA,2012-06-19,10.5,228.524,73.2,3.964,1.653870448297634,-0.3000000000000007,-6.553512494106551
CA,2012-06-20,10.5,228.524,73.2,3.964,1.653870448297634,-0.3000000000000007,-6.553512494106551
CA,2012-06-21,10.5,228.524,73.2,3.964,1.653870448297634,-0.3000000000000007,-6.553512494106551
CA,2012-06-22,10.5,228.524,73.2,3.964,1.653870448297634,-0.3000000000000007,-6.553512494106551
CA,2012-06-23,10.5,228.524,73.2,3.964,1.653870448297634,-0.3000000000000007,-6.553512494106551
CA,2012-06-24,10.5,228.524,73.2,3.964,1.653870448297634,-0.3000000000000007,-6.553512494106551
CA,2012-06-25,10.5,228.524,73.2,3.823,1.653870448297634,-0.3000000000000007,-9.557605867045194
CA,2012-06-26,10.5,228.524,73.2,3.823,1.653870448297634,-0.3000000000000007,-9.557605867045194
CA,2012-06-27,10.5,228.524,73.2,3.823,1.653870448297634,-0.3000000000000007,-9.557605867045194
CA,2012-06-28,10.5,228.524,73.2,3.823,1.653870448297634,-0.3000000000000007,-9.557605867045194
CA,2012-06-29,10.5,228.524,73.2,3.823,1.653870448297634,-0.3000000000000007,-9.557605867045194
CA,2012-06-30,10.5,228.524,73.2,3.823,1.3882295525632804,-0.1999999999999993,-9.557605867045194
CA,2012-07-01,10.4,228.59,72.3,3.823,1.4175114798464783,-0.29999999999999893,-9.557605867045194
CA,2012-07-02,10.4,228.59,72.3,3.715,1.4175114798464783,-0.29999999999999893,-11.23058542413381
CA,2012-07-03,10.4,228.59,72.3,3.715,1.4175114798464783,-0.29999999999999893,-11.23058542413381
CA,2012-07-04,10.4,228.59,72.3,3.715,1.4175114798464783,-0.29999999999999893,-11.23058542413381
CA,2012-07-05,10.4,228.59,72.3,3.715,1.4175114798464783,-0.29999999999999893,-11.23058542413381
CA,2012-07-06,10.4,228.59,72.3,3.715,1.4175114798464783,-0.29999999999999893,-11.23058542413381
CA,2012-07-07,10.4,228.59,72.3,3.715,1.4175114798464783,-0.29999999999999893,-11.23058542413381
CA,2012-07-08,10.4,228.59,72.3,3.715,1.4175114798464783,-0.29999999999999893,-11.23058542413381
CA,2012-07-09,10.4,228.59,72.3,3.672,1.4175114798464783,-0.29999999999999893,-10.285853896897134
CA,2012-07-10,10.4,228.59,72.3,3.672,1.4175114798464783,-0.29999999999999893,-10.285853896897134
CA,2012-07-11,10.4,228.59,72.3,3.672,1.4175114798464783,-0.29999999999999893,-10.285853896897134
CA,2012-07-12,10.4,228.59,72.3,3.672,1.4175114798464783,-0.29999999999999893,-10.285853896897134
CA,2012-07-13,10.4,228.59,72.3,3.672,1.4175114798464783,-0.29999999999999893,-10.285853896897134
CA,2012-07-14,10.4,228.59,72.3,3.672,1.4175114798464783,-0.29999999999999893,-10.285853896897134
CA,2012-07-15,10.4,228.59,72.3,3.672,1.4175114798464783,-0.29999999999999893,-10.285853896897134
CA,2012-07-16,10.4,228.59,72.3,3.674,1.4175114798464783,-0.29999999999999893,-7.3158425832492435
CA,2012-07-17,10.4,228.59,72.3,3.674,1.4175114798464783,-0.29999999999999893,-7.3158425832492435
CA,2012-07-18,10.4,228.59,72.3,3.674,1.4175114798464783,-0.29999999999999893,-7.3158425832492435
CA,2012-07-19,10.4,228.59,72.3,3.674,1.4175114798464783,-0.29999999999999893,-7.3158425832492435
CA,2012-07-20,10.4,228.59,72.3,3.674,1.4175114798464783,-0.29999999999999893,-7.3158425832492435
CA,2012-07-21,10.4,228.59,72.3,3.674,1.4175114798464783,-0.29999999999999893,-7.3158425832492435
CA,2012-07-22,10.4,228.59,72.3,3.674,1.4175114798464783,-0.29999999999999893,-7.3158425832492435
CA,2012-07-23,10.4,228.59,72.3,3.715,1.4175114798464783,-0.29999999999999893,-2.825006539366992
CA,2012-07-24,10.4,228.59,72.3,3.715,1.4175114798464783,-0.29999999999999893,-2.825006539366992
CA,2012-07-25,10.4,228.59,72.3,3.715,1.4175114798464783,-0.29999999999999893,-2.825006539366992
CA,2012-07-26,10.4,228.59,72.3,3.715,1.4175114798464783,-0.29999999999999893,-2.825006539366992
CA,2012-07-27,10.4,228.59,72.3,3.715,1.4175114798464783,-0.29999999999999893,-2.825006539366992
CA,2012-07-28,10.4,228.59,72.3,3.715,1.4175114798464783,-0.29999999999999893,-2.825006539366992
CA,2012-07-29,10.4,228.59,72.3,3.715,1.4175114798464783,-0.29999999999999893,-2.825006539366992
CA,2012-07-30,10.4,228.59,72.3,3.708,1.4175114798464783,-0.29999999999999893,-0.18842530282636716
CA,2012-07-31,10.4,228.59,72.3,3.708,1.0985997717884555,-0.29999999999999893,-0.18842530282636716
CA,2012-08-01,10.2,229.918,74.3,3.708,1.6859349154821235,-0.5,-0.18842530282636716
CA,2012-08-02,10.2,229.918,74.3,3.708,1.6859349154821235,-0.5,-0.18842530282636716
CA,2012-08-03,10.2,229.918,74.3,3.708,1.6859349154821235,-0.5,-0.18842530282636716
CA,2012-08-04,10.2,229.918,74.3,3.708,1.6859349154821235,-0.5,-0.18842530282636716
CA,2012-08-05,10.2,229.918,74.3,3.708,1.6859349154821235,-0.5,-0.18842530282636716
CA,2012-08-06,10.2,229.918,74.3,3.758,1.6859349154821235,-0.5,2.342047930283231
CA,2012-08-07,10.2,229.918,74.3,3.758,1.6859349154821235,-0.5,2.342047930283231
CA,2012-08-08,10.2,229.918,74.3,3.758,1.6859349154821235,-0.5,2.342047930283231
CA,2012-08-09,10.2,229.918,74.3,3.758,1.6859349154821235,-0.5,2.342047930283231
CA,2012-08-10,10.2,229.918,74.3,3.758,1.6859349154821235,-0.5,2.342047930283231
CA,2012-08-11,10.2,229.918,74.3,3.758,1.6859349154821235,-0.5,2.342047930283231
CA,2012-08-12,10.2,229.918,74.3,3.758,1.6859349154821235,-0.5,2.342047930283231
CA,2012-08-13,10.2,229.918,74.3,3.948,1.6859349154821235,-0.5,7.457811649428425
CA,2012-08-14,10.2,229.918,74.3,3.948,1.6859349154821235,-0.5,7.457811649428425
CA,2012-08-15,10.2,229.918,74.3,3.948,1.6859349154821235,-0.5,7.457811649428425
CA,2012-08-16,10.2,229.918,74.3,3.948,1.6859349154821235,-0.5,7.457811649428425
CA,2012-08-17,10.2,229.918,74.3,3.948,1.6859349154821235,-0.5,7.457811649428425
CA,2012-08-18,10.2,229.918,74.3,3.948,1.6859349154821235,-0.5,7.457811649428425
CA,2012-08-19,10.2,229.918,74.3,3.948,1.6859349154821235,-0.5,7.457811649428425
CA,2012-08-20,10.2,229.918,74.3,4.002,1.6859349154821235,-0.5,7.725437415881564
CA,2012-08-21,10.2,229.918,74.3,4.002,1.6859349154821235,-0.5,7.725437415881564
CA,2012-08-22,10.2,229.918,74.3,4.002,1.6859349154821235,-0.5,7.725437415881564
CA,2012-08-23,10.2,229.918,74.3,4.002,1.6859349154821235,-0.5,7.725437415881564
CA,2012-08-24,10.2,229.918,74.3,4.002,1.6859349154821235,-0.5,7.725437415881564
CA,2012-08-25,10.2,229.918,74.3,4.002,1.6859349154821235,-0.5,7.725437415881564
CA,2012-08-26,10.2,229.918,74.3,4.002,1.6859349154821235,-0.5,7.725437415881564
CA,2012-08-27,10.2,229.918,74.3,4.04,1.6859349154821235,-0.5,8.953613807982741
CA,2012-08-28,10.2,229.918,74.3,4.04,1.6859349154821235,-0.5,8.953613807982741
CA,2012-08-29,10.2,229.918,74.3,4.04,1.6859349154821235,-0.5,8.953613807982741
CA,2012-08-30,10.2,229.918,74.3,4.04,1.6859349154821235,-0.3000000000000007,8.953613807982741
CA,2012-08-31,10.2,229.918,74.3,4.04,1.4655975145301925,-0.3000000000000007,8.953613807982741
CA,2012-09-01,10.1,231.015,78.3,4.04,1.9497168982819613,-0.40000000000000036,8.953613807982741
CA,2012-09-02,10.1,231.015,78.3,4.04,1.9497168982819613,-0.40000000000000036,8.953613807982741
CA,2012-09-03,10.1,231.015,78.3,4.073,1.9497168982819613,-0.40000000000000036,8.382118147951045
CA,2012-09-04,10.1,231.015,78.3,4.073,1.9497168982819613,-0.40000000000000036,8.382118147951045
CA,2012-09-05,10.1,231.015,78.3,4.073,1.9497168982819613,-0.40000000000000036,8.382118147951045
CA,2012-09-06,10.1,231.015,78.3,4.073,1.9497168982819613,-0.40000000000000036,8.382118147951045
CA,2012-09-07,10.1,231.015,78.3,4.073,1.9497168982819613,-0.40000000000000036,8.382118147951045
CA,2012-09-08,10.1,231.015,78.3,4.073,1.9497168982819613,-0.40000000000000036,8.382118147951045
CA,2012-09-09,10.1,231.015,78.3,4.073,1.9497168982819613,-0.40000000000000036,8.382118147951045
CA,2012-09-10,10.1,231.015,78.3,4.083,1.9497168982819613,-0.40000000000000036,3.4194528875379993
CA,2012-09-11,10.1,231.015,78.3,4.083,1.9497168982819613,-0.40000000000000036,3.4194528875379993
CA,2012-09-12,10.1,231.015,78.3,4.083,1.9497168982819613,-0.40000000000000036,3.4194528875379993
CA,2012-09-13,10.1,231.015,78.3,4.083,1.9497168982819613,-0.40000000000000036,3.4194528875379993
CA,2012-09-14,10.1,231.015,78.3,4.083,1.9497168982819613,-0.40000000000000036,3.4194528875379993
CA,2012-09-15,10.1,231.015,78.3,4.083,1.9497168982819613,-0.40000000000000036,3.4194528875379993
CA,2012-09-16,10.1,231.015,78.3,4.083,1.9497168982819613,-0.40000000000000036,3.4194528875379993
CA,2012-09-17,10.1,231.015,78.3,4.074,1.9497168982819613,-0.40000000000000036,1.799100449775115
CA,2012-09-18,10.1,231.015,78.3,4.074,1.9497168982819613,-0.40000000000000036,1.799100449775115
CA,2012-09-19,10.1,231.015,78.3,4.074,1.9497168982819613,-0.40000000000000036,1.799100449775115
CA,2012-09-20,10.1,231.015,78.3,4.074,1.9497168982819613,-0.40000000000000036,1.799100449775115
CA,2012-09-21,10.1,231.015,78.3,4.074,1.9497168982819613,-0.40000000000000036,1.799100449775115
CA,2012-09-22,10.1,231.015,78.3,4.074,1.9497168982819613,-0.40000000000000036,1.799100449775115
CA,2012-09-23,10.1,231.015,78.3,4.074,1.9497168982819613,-0.40000000000000036,1.799100449775115
CA,2012-09-24,10.1,231.015,78.3,4.065,1.9497168982819613,-0.40000000000000036,0.6188118811881305
CA,2012-09-25,10.1,231.015,78.3,4.065,1.9497168982819613,-0.40000000000000036,0.6188118811881305
CA,2012-09-26,10.1,231.015,78.3,4.065,1.9497168982819613,-0.40000000000000036,0.6188118811881305
CA,2012-09-27,10.1,231.015,78.3,4.065,1.9497168982819613,-0.40000000000000036,0.6188118811881305
CA,2012-09-28,10.1,231.015,78.3,4.065,1.9497168982819613,-0.40000000000000036,0.6188118811881305
CA,2012-09-29,10.1,231.015,78.3,4.065,1.9497168982819613,-0.3000000000000007,0.6188118811881305
CA,2012-09-30,10.1,231.015,78.3,4.065,1.8809261300992253,-0.3000000000000007,0.6188118811881305
CA,2012-10-01,9.9,231.638,82.6,4.081,2.1556780595369363,-0.5,0.19641541861035172
CA,2012-10-02,9.9,231.638,82.6,4.081,2.1556780595369363,-0.5,0.19641541861035172
CA,2012-10-03,9.9,231.638,82.6,4.081,2.1556780595369363,-0.5,0.19641541861035172
CA,2012-10-04,9.9,231.638,82.6,4.081,2.1556780595369363,-0.5,0.19641541861035172
CA,2012-10-05,9.9,231.638,82.6,4.081,2.1556780595369363,-0.5,0.19641541861035172
CA,2012-10-06,9.9,231.638,82.6,4.081,2.1556780595369363,-0.5,0.19641541861035172
CA,2012-10-07,9.9,231.638,82.6,4.081,2.1556780595369363,-0.5,0.19641541861035172
CA,2012-10-08,9.9,231.638,82.6,4.409,2.1556780595369363,-0.5,7.984325251040891
CA,2012-10-09,9.9,231.638,82.6,4.409,2.1556780595369363,-0.5,7.984325251040891
CA,2012-10-10,9.9,231.638,82.6,4.409,2.1556780595369363,-0.5,7.984325251040891
CA,2012-10-11,9.9,231.638,82.6,4.409,2.1556780595369363,-0.5,7.984325251040891
CA,2012-10-12,9.9,231.638,82.6,4.409,2.1556780595369363,-0.5,7.984325251040891
CA,2012-10-13,9.9,231.638,82.6,4.409,2.1556780595369363,-0.5,7.984325251040891
CA,2012-10-14,9.9,231.638,82.6,4.409,2.1556780595369363,-0.5,7.984325251040891
CA,2012-10-15,9.9,231.638,82.6,4.391,2.1556780595369363,-0.5,7.781050564555714
CA,2012-10-16,9.9,231.638,82.6,4.391,2.1556780595369363,-0.5,7.781050564555714
CA,2012-10-17,9.9,231.638,82.6,4.391,2.1556780595369363,-0.5,7.781050564555714
CA,2012-10-18,9.9,231.638,82.6,4.391,2.1556780595369363,-0.5,7.781050564555714
CA,2012-10-19,9.9,231.638,82.6,4.391,2.1556780595369363,-0.5,7.781050564555714
CA,2012-10-20,9.9,231.638,82.6,4.391,2.1556780595369363,-0.5,7.781050564555714
CA,2012-10-21,9.9,231.638,82.6,4.391,2.1556780595369363,-0.5,7.781050564555714
CA,2012-10-22,9.9,231.638,82.6,4.245,2.1556780595369363,-0.5,4.428044280442789
CA,2012-10-23,9.9,231.638,82.6,4.245,2.1556780595369363,-0.5,4.428044280442789
CA,2012-10-24,9.9,231.638,82.6,4.245,2.1556780595369363,-0.5,4.428044280442789
CA,2012-10-25,9.9,231.638,82.6,4.245,2.1556780595369363,-0.5,4.428044280442789
CA,2012-10-26,9.9,231.638,82.6,4.245,2.1556780595369363,-0.5,4.428044280442789
CA,2012-10-27,9.9,231.638,82.6,4.245,2.1556780595369363,-0.5,4.428044280442789
CA,2012-10-28,9.9,231.638,82.6,4.245,2.1556780595369363,-0.5,4.428044280442789
CA,2012-10-29,9.9,231.638,82.6,4.045,2.1556780595369363,-0.5,-0.8821367311933503
CA,2012-10-30,9.9,231.638,82.6,4.045,2.1556780595369363,-0.29999999999999893,-0.8821367311933503
CA,2012-10-31,9.9,231.638,82.6,4.045,1.9672578564857046,-0.29999999999999893,-0.8821367311933503
CA,2012-11-01,9.8,231.249,82.7,4.045,1.7960197033926262,-0.3999999999999986,-0.8821367311933503
CA,2012-11-02,9.8,231.249,82.7,4.045,1.7960197033926262,-0.3999999999999986,-0.8821367311933503
CA,2012-11-03,9.8,231.249,82.7,4.045,1.7960197033926262,-0.3999999999999986,-0.8821367311933503
CA,2012-11-04,9.8,231.249,82.7,4.045,1.7960197033926262,-0.3999999999999986,-0.8821367311933503
CA,2012-11-05,9.8,231.249,82.7,3.899,1.7960197033926262,-0.3999999999999986,-11.567248809253794
CA,2012-11-06,9.8,231.249,82.7,3.899,1.7960197033926262,-0.3999999999999986,-11.567248809253794
CA,2012-11-07,9.8,231.249,82.7,3.899,1.7960197033926262,-0.3999999999999986,-11.567248809253794
CA,2012-11-08,9.8,231.249,82.7,3.899,1.7960197033926262,-0.3999999999999986,-11.567248809253794
CA,2012-11-09,9.8,231.249,82.7,3.899,1.7960197033926262,-0.3999999999999986,-11.567248809253794
CA,2012-11-10,9.8,231.249,82.7,3.899,1.7960197033926262,-0.3999999999999986,-11.567248809253794
CA,2012-11-11,9.8,231.249,82.7,3.899,1.7960197033926262,-0.3999999999999986,-11.567248809253794
CA,2012-11-12,9.8,231.249,82.7,3.783,1.7960197033926262,-0.3999999999999986,-13.846504213163291
CA,2012-11-13,9.8,231.249,82.7,3.783,1.7960197033926262,-0.3999999999999986,-13.846504213163291
CA,2012-11-14,9.8,231.249,82.7,3.783,1.7960197033926262,-0.3999999999999986,-13.846504213163291
CA,2012-11-15,9.8,231.249,82.7,3.783,1.7960197033926262,-0.3999999999999986,-13.846504213163291
CA,2012-11-16,9.8,231.249,82.7,3.783,1.7960197033926262,-0.3999999999999986,-13.846504213163291
CA,2012-11-17,9.8,231.249,82.7,3.783,1.7960197033926262,-0.3999999999999986,-13.846504213163291
CA,2012-11-18,9.8,231.249,82.7,3.783,1.7960197033926262,-0.3999999999999986,-13.846504213163291
CA,2012-11-19,9.8,231.249,82.7,3.707,1.7960197033926262,-0.3999999999999986,-12.673733804475862
CA,2012-11-20,9.8,231.249,82.7,3.707,1.7960197033926262,-0.3999999999999986,-12.673733804475862
CA,2012-11-21,9.8,231.249,82.7,3.707,1.7960197033926262,-0.3999999999999986,-12.673733804475862
CA,2012-11-22,9.8,231.249,82.7,3.707,1.7960197033926262,-0.3999999999999986,-12.673733804475862
CA,2012-11-23,9.8,231.249,82.7,3.707,1.7960197033926262,-0.3999999999999986,-12.673733804475862
CA,2012-11-24,9.8,231.249,82.7,3.707,1.7960197033926262,-0.3999999999999986,-12.673733804475862
CA,2012-11-25,9.8,231.249,82.7,3.707,1.7960197033926262,-0.3999999999999986,-12.673733804475862
CA,2012-11-26,9.8,231.249,82.7,3.668,1.7960197033926262,-0.3999999999999986,-9.32014833127317
CA,2012-11-27,9.8,231.249,82.7,3.668,1.7960197033926262,-0.3999999999999986,-9.32014833127317
CA,2012-11-28,9.8,231.249,82.7,3.668,1.7960197033926262,-0.3999999999999986,-9.32014833127317
CA,2012-11-29,9.8,231.249,82.7,3.668,1.7960197033926262,-0.3999999999999986,-9.32014833127317
CA,2012-11-30,9.8,231.249,82.7,3.668,1.7718276758954765,-0.29999999999999893,-9.32014833127317
CA,2012-12-01,9.7,231.221,72.9,3.668,1.7595049796895523,-0.40000000000000036,-9.32014833127317
CA,2012-12-02,9.7,231.221,72.9,3.668,1.7595049796895523,-0.40000000000000036,-9.32014833127317
CA,2012-12-03,9.7,231.221,72.9,3.615,1.7595049796895523,-0.40000000000000036,-7.283918953577839
CA,2012-12-04,9.7,231.221,72.9,3.615,1.7595049796895523,-0.40000000000000036,-7.283918953577839
CA,2012-12-05,9.7,231.221,72.9,3.615,1.7595049796895523,-0.40000000000000036,-7.283918953577839
CA,2012-12-06,9.7,231.221,72.9,3.615,1.7595049796895523,-0.40000000000000036,-7.283918953577839
CA,2012-12-07,9.7,231.221,72.9,3.615,1.7595049796895523,-0.40000000000000036,-7.283918953577839
CA,2012-12-08,9.7,231.221,72.9,3.615,1.7595049796895523,-0.40000000000000036,-7.283918953577839
CA,2012-12-09,9.7,231.221,72.9,3.615,1.7595049796895523,-0.40000000000000036,-7.283918953577839
CA,2012-12-10,9.7,231.221,72.9,3.544,1.7595049796895523,-0.40000000000000036,-6.317737245572297
CA,2012-12-11,9.7,231.221,72.9,3.544,1.7595049796895523,-0.40000000000000036,-6.317737245572297
CA,2012-12-12,9.7,231.221,72.9,3.544,1.7595049796895523,-0.40000000000000036,-6.317737245572297
CA,2012-12-13,9.7,231.221,72.9,3.544,1.7595049796895523,-0.40000000000000036,-6.317737245572297
CA,2012-12-14,9.7,231.221,72.9,3.544,1.7595049796895523,-0.40000000000000036,-6.317737245572297
CA,2012-12-15,9.7,231.221,72.9,3.544,1.7595049796895523,-0.40000000000000036,-6.317737245572297
CA,2012-12-16,9.7,231.221,72.9,3.544,1.7595049796895523,-0.40000000000000036,-6.317737245572297
CA,2012-12-17,9.7,231.221,72.9,3.457,1.7595049796895523,-0.40000000000000036,-6.74399784192069
CA,2012-12-18,9.7,231.221,72.9,3.457,1.7595049796895523,-0.40000000000000036,-6.74399784192069
CA,2012-12-19,9.7,231.221,72.9,3.457,1.7595049796895523,-0.40000000000000036,-6.74399784192069
CA,2012-12-20,9.7,231.221,72.9,3.457,1.7595049796895523,-0.40000000000000036,-6.74399784192069
CA,2012-12-21,9.7,231.221,72.9,3.457,1.7595049796895523,-0.40000000000000036,-6.74399784192069
CA,2012-12-22,9.7,231.221,72.9,3.457,1.7595049796895523,-0.40000000000000036,-6.74399784192069
CA,2012-12-23,9.7,231.221,72.9,3.457,1.7595049796895523,-0.40000000000000036,-6.74399784192069
CA,2012-12-24,9.7,231.221,72.9,3.427,1.7595049796895523,-0.40000000000000036,-6.570338058887682
CA,2012-12-25,9.7,231.221,72.9,3.427,1.7595049796895523,-0.40000000000000036,-6.570338058887682
CA,2012-12-26,9.7,231.221,72.9,3.427,1.7595049796895523,-0.40000000000000036,-6.570338058887682
CA,2012-12-27,9.7,231.221,72.9,3.427,1.7595049796895523,-0.40000000000000036,-6.570338058887682
CA,2012-12-28,9.7,231.221,72.9,3.427,1.7595049796895523,-0.40000000000000036,-6.570338058887682
CA,2012-12-29,9.7,231.221,72.9,3.427,1.7595049796895523,-0.40000000000000036,-6.570338058887682
CA,2012-12-30,9.7,231.221,72.9,3.427,1.7595049796895523,-0.20000000000000107,-6.570338058887682
CA,2012-12-31,9.7,231.221,72.9,3.457,1.4830452682121686,-0.20000000000000107,-4.370677731673589
CA,2013-01-01,9.6,231.679,73.8,3.457,1.684061762098299,-0.3000000000000007,-4.370677731673589
CA,2013-01-02,9.6,231.679,73.8,3.457,1.684061762098299,-0.3000000000000007,-4.370677731673589
CA,2013-01-03,9.6,231.679,73.8,3.457,1.684061762098299,-0.3000000000000007,-4.370677731673589
CA,2013-01-04,9.6,231.679,73.8,3.457,1.684061762098299,-0.3000000000000007,-4.370677731673589
CA,2013-01-05,9.6,231.679,73.8,3.457,1.684061762098299,-0.3000000000000007,-4.370677731673589
CA,2013-01-06,9.6,231.679,73.8,3.457,1.684061762098299,-0.3000000000000007,-4.370677731673589
CA,2013-01-07,9.6,231.679,73.8,3.488,1.684061762098299,-0.3000000000000007,-1.5801354401805856
CA,2013-01-08,9.6,231.679,73.8,3.488,1.684061762098299,-0.3000000000000007,-1.5801354401805856
CA,2013-01-09,9.6,231.679,73.8,3.488,1.684061762098299,-0.3000000000000007,-1.5801354401805856
CA,2013-01-10,9.6,231.679,73.8,3.488,1.684061762098299,-0.3000000000000007,-1.5801354401805856
CA,2013-01-11,9.6,231.679,73.8,3.488,1.684061762098299,-0.3000000000000007,-1.5801354401805856
CA,2013-01-12,9.6,231.679,73.8,3.488,1.684061762098299,-0.3000000000000007,-1.5801354401805856
CA,2013-01-13,9.6,231.679,73.8,3.488,1.684061762098299,-0.3000000000000007,-1.5801354401805856
CA,2013-01-14,9.6,231.679,73.8,3.491,1.684061762098299,-0.3000000000000007,0.9835117153601525
CA,2013-01-15,9.6,231.679,73.8,3.491,1.684061762098299,-0.3000000000000007,0.9835117153601525
CA,2013-01-16,9.6,231.679,73.8,3.491,1.684061762098299,-0.3000000000000007,0.9835117153601525
CA,2013-01-17,9.6,231.679,73.8,3.491,1.684061762098299,-0.3000000000000007,0.9835117153601525
CA,2013-01-18,9.6,231.679,73.8,3.491,1.684061762098299,-0.3000000000000007,0.9835117153601525
CA,2013-01-19,9.6,231.679,73.8,3.491,1.684061762098299,-0.3000000000000007,0.9835117153601525
CA,2013-01-20,9.6,231.679,73.8,3.491,1.684061762098299,-0.3000000000000007,0.9835117153601525
CA,2013-01-21,9.6,231.679,73.8,3.503,1.684061762098299,-0.3000000000000007,2.2176831047563406
CA,2013-01-22,9.6,231.679,73.8,3.503,1.684061762098299,-0.3000000000000007,2.2176831047563406
CA,2013-01-23,9.6,231.679,73.8,3.503,1.684061762098299,-0.3000000000000007,2.2176831047563406
CA,2013-01-24,9.6,231.679,73.8,3.503,1.684061762098299,-0.3000000000000007,2.2176831047563406
CA,2013-01-25,9.6,231.679,73.8,3.503,1.684061762098299,-0.3000000000000007,2.2176831047563406
CA,2013-01-26,9.6,231.679,73.8,3.503,1.684061762098299,-0.3000000000000007,2.2176831047563406
CA,2013-01-27,9.6,231.679,73.8,3.503,1.684061762098299,-0.3000000000000007,2.2176831047563406
CA,2013-01-28,9.6,231.679,73.8,3.545,1.684061762098299,-0.3000000000000007,2.5455597338732927
CA,2013-01-29,9.6,231.679,73.8,3.545,1.684061762098299,-0.3000000000000007,2.5455597338732927
CA,2013-01-30,9.6,231.679,73.8,3.545,1.684061762098299,-0.20000000000000107,2.5455597338732927
CA,2013-01-31,9.6,231.679,73.8,3.545,1.467181128984918,-0.20000000000000107,2.5455597338732927
CA,2013-02-01,9.5,232.937,77.6,3.545,2.0181404902574807,-0.3000000000000007,2.5455597338732927
CA,2013-02-02,9.5,232.937,77.6,3.545,2.0181404902574807,-0.3000000000000007,2.5455597338732927
CA,2013-02-03,9.5,232.937,77.6,3.545,2.0181404902574807,-0.3000000000000007,2.5455597338732927
CA,2013-02-04,9.5,232.937,77.6,3.738,2.0181404902574807,-0.3000000000000007,7.167431192660545
CA,2013-02-05,9.5,232.937,77.6,3.738,2.0181404902574807,-0.3000000000000007,7.167431192660545
CA,2013-02-06,9.5,232.937,77.6,3.738,2.0181404902574807,-0.3000000000000007,7.167431192660545
CA,2013-02-07,9.5,232.937,77.6,3.738,2.0181404902574807,-0.3000000000000007,7.167431192660545
CA,2013-02-08,9.5,232.937,77.6,3.738,2.0181404902574807,-0.3000000000000007,7.167431192660545
CA,2013-02-09,9.5,232.937,77.6,3.738,2.0181404902574807,-0.3000000000000007,7.167431192660545
CA,2013-02-10,9.5,232.937,77.6,3.738,2.0181404902574807,-0.3000000000000007,7.167431192660545
CA,2013-02-11,9.5,232.937,77.6,3.867,2.0181404902574807,-0.3000000000000007,10.7705528501862
CA,2013-02-12,9.5,232.937,77.6,3.867,2.0181404902574807,-0.3000000000000007,10.7705528501862
CA,2013-02-13,9.5,232.937,77.6,3.867,2.0181404902574807,-0.3000000000000007,10.7705528501862
CA,2013-02-14,9.5,232.937,77.6,3.867,2.0181404902574807,-0.3000000000000007,10.7705528501862
CA,2013-02-15,9.5,232.937,77.6,3.867,2.0181404902574807,-0.3000000000000007,10.7705528501862
CA,2013-02-16,9.5,232.937,77.6,3.867,2.0181404902574807,-0.3000000000000007,10.7705528501862
CA,2013-02-17,9.5,232.937,77.6,3.867,2.0181404902574807,-0.3000000000000007,10.7705528501862
CA,2013-02-18,9.5,232.937,77.6,3.973,2.0181404902574807,-0.3000000000000007,13.417071081929777
CA,2013-02-19,9.5,232.937,77.6,3.973,2.0181404902574807,-0.3000000000000007,13.417071081929777
CA,2013-02-20,9.5,232.937,77.6,3.973,2.0181404902574807,-0.3000000000000007,13.417071081929777
CA,2013-02-21,9.5,232.937,77.6,3.973,2.0181404902574807,-0.3000000000000007,13.417071081929777
CA,2013-02-22,9.5,232.937,77.6,3.973,2.0181404902574807,-0.3000000000000007,13.417071081929777
CA,2013-02-23,9.5,232.937,77.6,3.973,2.0181404902574807,-0.3000000000000007,13.417071081929777
CA,2013-02-24,9.5,232.937,77.6,3.973,2.0181404902574807,-0.3000000000000007,13.417071081929777
CA,2013-02-25,9.5,232.937,77.6,4.053,2.0181404902574807,-0.3000000000000007,14.330042313117076
CA,2013-02-26,9.5,232.937,77.6,4.053,2.0181404902574807,-0.3000000000000007,14.330042313117076
CA,2013-02-27,9.5,232.937,77.6,4.053,2.0181404902574807,-0.3000000000000007,14.330042313117076
CA,2013-02-28,9.5,232.937,77.6,4.053,2.0181404902574807,-0.3000000000000007,14.330042313117076
CA,2013-03-01,9.4,232.282,78.6,4.053,1.5187472411246183,-0.29999999999999893,14.330042313117076
CA,2013-03-02,9.4,232.282,78.6,4.053,1.5187472411246183,-0.29999999999999893,14.330042313117076
CA,2013-03-03,9.4,232.282,78.6,4.053,1.5187472411246183,-0.29999999999999893,14.330042313117076
CA,2013-03-04,9.4,232.282,78.6,4.069,1.5187472411246183,-0.29999999999999893,8.855002675227386
CA,2013-03-05,9.4,232.282,78.6,4.069,1.5187472411246183,-0.29999999999999893,8.855002675227386
CA,2013-03-06,9.4,232.282,78.6,4.069,1.5187472411246183,-0.29999999999999893,8.855002675227386
CA,2013-03-07,9.4,232.282,78.6,4.069,1.5187472411246183,-0.29999999999999893,8.855002675227386
CA,2013-03-08,9.4,232.282,78.6,4.069,1.5187472411246183,-0.29999999999999893,8.855002675227386
CA,2013-03-09,9.4,232.282,78.6,4.069,1.5187472411246183,-0.29999999999999893,8.855002675227386
CA,2013-03-10,9.4,232.282,78.6,4.069,1.5187472411246183,-0.29999999999999893,8.855002675227386
CA,2013-03-11,9.4,232.282,78.6,4.049,1.5187472411246183,-0.29999999999999893,4.706490819756937
CA,2013-03-12,9.4,232.282,78.6,4.049,1.5187472411246183,-0.29999999999999893,4.706490819756937
CA,2013-03-13,9.4,232.282,78.6,4.049,1.5187472411246183,-0.29999999999999893,4.706490819756937
CA,2013-03-14,9.4,232.282,78.6,4.049,1.5187472411246183,-0.29999999999999893,4.706490819756937
CA,2013-03-15,9.4,232.282,78.6,4.049,1.5187472411246183,-0.29999999999999893,4.706490819756937
CA,2013-03-16,9.4,232.282,78.6,4.049,1.5187472411246183,-0.29999999999999893,4.706490819756937
CA,2013-03-17,9.4,232.282,78.6,4.049,1.5187472411246183,-0.29999999999999893,4.706490819756937
CA,2013-03-18,9.4,232.282,78.6,4.007,1.5187472411246183,-0.29999999999999893,0.8557764913163846
CA,2013-03-19,9.4,232.282,78.6,4.007,1.5187472411246183,-0.29999999999999893,0.8557764913163846
CA,2013-03-20,9.4,232.282,78.6,4.007,1.5187472411246183,-0.29999999999999893,0.8557764913163846
CA,2013-03-21,9.4,232.282,78.6,4.007,1.5187472411246183,-0.29999999999999893,0.8557764913163846
CA,2013-03-22,9.4,232.282,78.6,4.007,1.5187472411246183,-0.29999999999999893,0.8557764913163846
CA,2013-03-23,9.4,232.282,78.6,4.007,1.5187472411246183,-0.29999999999999893,0.8557764913163846
CA,2013-03-24,9.4,232.282,78.6,4.007,1.5187472411246183,-0.29999999999999893,0.8557764913163846
CA,2013-03-25,9.4,232.282,78.6,3.962,1.5187472411246183,-0.29999999999999893,-2.2452504317789224
CA,2013-03-26,9.4,232.282,78.6,3.962,1.5187472411246183,-0.29999999999999893,-2.2452504317789224
CA,2013-03-27,9.4,232.282,78.6,3.962,1.5187472411246183,-0.29999999999999893,-2.2452504317789224
CA,2013-03-28,9.4,232.282,78.6,3.962,1.5187472411246183,-0.29999999999999893,-2.2452504317789224
CA,2013-03-29,9.4,232.282,78.6,3.962,1.5187472411246183,-0.29999999999999893,-2.2452504317789224
CA,2013-03-30,9.4,232.282,78.6,3.962,1.5187472411246183,-0.29999999999999893,-2.2452504317789224
CA,2013-03-31,9.4,232.282,78.6,3.962,1.5187472411246183,-0.29999999999999893,-2.2452504317789224
CA,2013-04-01,9.3,231.797,76.4,3.945,1.138808047576867,-0.29999999999999893,-3.0474318014254154
CA,2013-04-02,9.3,231.797,76.4,3.945,1.138808047576867,-0.29999999999999893,-3.0474318014254154
CA,2013-04-03,9.3,231.797,76.4,3.945,1.138808047576867,-0.29999999999999893,-3.0474318014254154
CA,2013-04-04,9.3,231.797,76.4,3.945,1.138808047576867,-0.29999999999999893,-3.0474318014254154
CA,2013-04-05,9.3,231.797,76.4,3.945,1.138808047576867,-0.29999999999999893,-3.0474318014254154
CA,2013-04-06,9.3,231.797,76.4,3.945,1.138808047576867,-0.29999999999999893,-3.0474318014254154
CA,2013-04-07,9.3,231.797,76.4,3.945,1.138808047576867,-0.29999999999999893,-3.0474318014254154
CA,2013-04-08,9.3,231.797,76.4,3.928,1.138808047576867,-0.29999999999999893,-2.9883921956038617
CA,2013-04-09,9.3,231.797,76.4,3.928,1.138808047576867,-0.29999999999999893,-2.9883921956038617
CA,2013-04-10,9.3,231.797,76.4,3.928,1.138808047576867,-0.29999999999999893,-2.9883921956038617
CA,2013-04-11,9.3,231.797,76.4,3.928,1.138808047576867,-0.29999999999999893,-2.9883921956038617
CA,2013-04-12,9.3,231.797,76.4,3.928,1.138808047576867,-0.29999999999999893,-2.9883921956038617
CA,2013-04-13,9.3,231.797,76.4,3.928,1.138808047576867,-0.29999999999999893,-2.9883921956038617
CA,2013-04-14,9.3,231.797,76.4,3.928,1.138808047576867,-0.29999999999999893,-2.9883921956038617
CA,2013-04-15,9.3,231.797,76.4,3.888,1.138808047576867,-0.29999999999999893,-2.9698028450212077
CA,2013-04-16,9.3,231.797,76.4,3.888,1.138808047576867,-0.29999999999999893,-2.9698028450212077
CA,2013-04-17,9.3,231.797,76.4,3.888,1.138808047576867,-0.29999999999999893,-2.9698028450212077
CA,2013-04-18,9.3,231.797,76.4,3.888,1.138808047576867,-0.29999999999999893,-2.9698028450212077
CA,2013-04-19,9.3,231.797,76.4,3.888,1.138808047576867,-0.29999999999999893,-2.9698028450212077
CA,2013-04-20,9.3,231.797,76.4,3.888,1.138808047576867,-0.29999999999999893,-2.9698028450212077
CA,2013-04-21,9.3,231.797,76.4,3.888,1.138808047576867,-0.29999999999999893,-2.9698028450212077
CA,2013-04-22,9.3,231.797,76.4,3.836,1.138808047576867,-0.29999999999999893,-3.180212014134287
CA,2013-04-23,9.3,231.797,76.4,3.836,1.138808047576867,-0.29999999999999893,-3.180212014134287
CA,2013-04-24,9.3,231.797,76.4,3.836,1.138808047576867,-0.29999999999999893,-3.180212014134287
CA,2013-04-25,9.3,231.797,76.4,3.836,1.138808047576867,-0.29999999999999893,-3.180212014134287
CA,2013-04-26,9.3,231.797,76.4,3.836,1.138808047576867,-0.29999999999999893,-3.180212014134287
CA,2013-04-27,9.3,231.797,76.4,3.836,1.138808047576867,-0.29999999999999893,-3.180212014134287
CA,2013-04-28,9.3,231.797,76.4,3.836,1.138808047576867,-0.29999999999999893,-3.180212014134287
CA,2013-04-29,9.3,231.797,76.4,3.8,1.138808047576867,-0.29999999999999893,-3.675538656527255
CA,2013-04-30,9.3,231.797,76.4,3.8,1.138808047576867,-0.29999999999999893,-3.675538656527255
CA,2013-05-01,9.2,231.893,84.5,3.8,1.3903888279197085,-0.40000000000000036,-3.675538656527255
CA,2013-05-02,9.2,231.893,84.5,3.8,1.3903888279197085,-0.3000000000000007,-3.675538656527255
CA,2013-05-03,9.2,231.893,84.5,3.8,1.3903888279197085,-0.3000000000000007,-3.675538656527255
CA,2013-05-04,9.2,231.893,84.5,3.8,1.3903888279197085,-0.3000000000000007,-3.675538656527255
CA,2013-05-05,9.2,231.893,84.5,3.8,1.3903888279197085,-0.3000000000000007,-3.675538656527255
CA,2013-05-06,9.2,231.893,84.5,3.811,1.3903888279197085,-0.3000000000000007,-2.978615071283097
CA,2013-05-07,9.2,231.893,84.5,3.811,1.3903888279197085,-0.3000000000000007,-2.978615071283097
CA,2013-05-08,9.2,231.893,84.5,3.811,1.3903888279197085,-0.3000000000000007,-2.978615071283097
CA,2013-05-09,9.2,231.893,84.5,3.811,1.3903888279197085,-0.3000000000000007,-2.978615071283097
CA,2013-05-10,9.2,231.893,84.5,3.811,1.3903888279197085,-0.3000000000000007,-2.978615071283097
CA,2013-05-11,9.2,231.893,84.5,3.811,1.3903888279197085,-0.3000000000000007,-2.978615071283097
CA,2013-05-12,9.2,231.893,84.5,3.811,1.3903888279197085,-0.3000000000000007,-2.978615071283097
CA,2013-05-13,9.2,231.893,84.5,3.938,1.3903888279197085,-0.3000000000000007,1.2860082304526843
CA,2013-05-14,9.2,231.893,84.5,3.938,1.3903888279197085,-0.3000000000000007,1.2860082304526843
CA,2013-05-15,9.2,231.893,84.5,3.938,1.3903888279197085,-0.3000000000000007,1.2860082304526843
CA,2013-05-16,9.2,231.893,84.5,3.938,1.3903888279197085,-0.3000000000000007,1.2860082304526843
CA,2013-05-17,9.2,231.893,84.5,3.938,1.3903888279197085,-0.3000000000000007,1.2860082304526843
CA,2013-05-18,9.2,231.893,84.5,3.938,1.3903888279197085,-0.3000000000000007,1.2860082304526843
CA,2013-05-19,9.2,231.893,84.5,3.938,1.3903888279197085,-0.3000000000000007,1.2860082304526843
CA,2013-05-20,9.2,231.893,84.5,3.952,1.3903888279197085,-0.3000000000000007,3.0239833159541263
CA,2013-05-21,9.2,231.893,84.5,3.952,1.3903888279197085,-0.3000000000000007,3.0239833159541263
CA,2013-05-22,9.2,231.893,84.5,3.952,1.3903888279197085,-0.3000000000000007,3.0239833159541263
CA,2013-05-23,9.2,231.893,84.5,3.952,1.3903888279197085,-0.3000000000000007,3.0239833159541263
CA,2013-05-24,9.2,231.893,84.5,3.952,1.3903888279197085,-0.3000000000000007,3.0239833159541263
CA,2013-05-25,9.2,231.893,84.5,3.952,1.3903888279197085,-0.3000000000000007,3.0239833159541263
CA,2013-05-26,9.2,231.893,84.5,3.952,1.3903888279197085,-0.3000000000000007,3.0239833159541263
CA,2013-05-27,9.2,231.893,84.5,3.933,1.3903888279197085,-0.3000000000000007,3.499999999999992
CA,2013-05-28,9.2,231.893,84.5,3.933,1.3903888279197085,-0.3000000000000007,3.499999999999992
CA,2013-05-29,9.2,231.893,84.5,3.933,1.3903888279197085,-0.3000000000000007,3.499999999999992
CA,2013-05-30,9.2,231.893,84.5,3.933,1.3903888279197085,-0.20000000000000107,3.499999999999992
CA,2013-05-31,9.2,231.893,84.5,3.933,1.3903888279197085,-0.20000000000000107,3.499999999999992
CA,2013-06-01,9.1,232.445,84.1,3.933,1.7157935271568725,-0.3000000000000007,3.499999999999992
CA,2013-06-02,9.1,232.445,84.1,3.933,1.7157935271568725,-0.3000000000000007,3.499999999999992
CA,2013-06-03,9.1,232.445,84.1,3.889,1.7157935271568725,-0.3000000000000007,2.046706901075823
CA,2013-06-04,9.1,232.445,84.1,3.889,1.7157935271568725,-0.3000000000000007,2.046706901075823
CA,2013-06-05,9.1,232.445,84.1,3.889,1.7157935271568725,-0.3000000000000007,2.046706901075823
CA,2013-06-06,9.1,232.445,84.1,3.889,1.7157935271568725,-0.3000000000000007,2.046706901075823
CA,2013-06-07,9.1,232.445,84.1,3.889,1.7157935271568725,-0.3000000000000007,2.046706901075823
CA,2013-06-08,9.1,232.445,84.1,3.889,1.7157935271568725,-0.3000000000000007,2.046706901075823
CA,2013-06-09,9.1,232.445,84.1,3.889,1.7157935271568725,-0.3000000000000007,2.046706901075823
CA,2013-06-10,9.1,232.445,84.1,3.878,1.7157935271568725,-0.3000000000000007,-1.523616048755716
CA,2013-06-11,9.1,232.445,84.1,3.878,1.7157935271568725,-0.3000000000000007,-1.523616048755716
CA,2013-06-12,9.1,232.445,84.1,3.878,1.7157935271568725,-0.3000000000000007,-1.523616048755716
CA,2013-06-13,9.1,232.445,84.1,3.878,1.7157935271568725,-0.3000000000000007,-1.523616048755716
CA,2013-06-14,9.1,232.445,84.1,3.878,1.7157935271568725,-0.3000000000000007,-1.523616048755716
CA,2013-06-15,9.1,232.445,84.1,3.878,1.7157935271568725,-0.3000000000000007,-1.523616048755716
CA,2013-06-16,9.1,232.445,84.1,3.878,1.7157935271568725,-0.3000000000000007,-1.523616048755716
CA,2013-06-17,9.1,232.445,84.1,3.888,1.7157935271568725,-0.3000000000000007,-1.619433198380571
CA,2013-06-18,9.1,232.445,84.1,3.888,1.7157935271568725,-0.3000000000000007,-1.619433198380571
CA,2013-06-19,9.1,232.445,84.1,3.888,1.7157935271568725,-0.3000000000000007,-1.619433198380571
CA,2013-06-20,9.1,232.445,84.1,3.888,1.7157935271568725,-0.3000000000000007,-1.619433198380571
CA,2013-06-21,9.1,232.445,84.1,3.888,1.7157935271568725,-0.3000000000000007,-1.619433198380571
CA,2013-06-22,9.1,232.445,84.1,3.888,1.7157935271568725,-0.3000000000000007,-1.619433198380571
CA,2013-06-23,9.1,232.445,84.1,3.888,1.7157935271568725,-0.3000000000000007,-1.619433198380571
CA,2013-06-24,9.1,232.445,84.1,3.948,1.7157935271568725,-0.3000000000000007,0.38138825324181
CA,2013-06-25,9.1,232.445,84.1,3.948,1.7157935271568725,-0.3000000000000007,0.38138825324181
CA,2013-06-26,9.1,232.445,84.1,3.948,1.7157935271568725,-0.3000000000000007,0.38138825324181
CA,2013-06-27,9.1,232.445,84.1,3.948,1.7157935271568725,-0.3000000000000007,0.38138825324181
CA,2013-06-28,9.1,232.445,84.1,3.948,1.7157935271568725,-0.3000000000000007,0.38138825324181
CA,2013-06-29,9.1,232.445,84.1,3.948,1.7157935271568725,-0.3000000000000007,0.38138825324181
CA,2013-06-30,9.1,232.445,84.1,3.948,1.7157935271568725,-0.20000000000000107,0.38138825324181
CA,2013-07-01,9.0,232.9,85.1,3.892,1.885471805415806,-0.3000000000000007,0.07714065312420804
CA,2013-07-02,9.0,232.9,85.1,3.892,1.885471805415806,-0.3000000000000007,0.07714065312420804
CA,2013-07-03,9.0,232.9,85.1,3.892,1.885471805415806,-0.3000000000000007,0.07714065312420804
CA,2013-07-04,9.0,232.9,85.1,3.892,1.885471805415806,-0.3000000000000007,0.07714065312420804
CA,2013-07-05,9.0,232.9,85.1,3.892,1.885471805415806,-0.3000000000000007,0.07714065312420804
CA,2013-07-06,9.0,232.9,85.1,3.892,1.885471805415806,-0.3000000000000007,0.07714065312420804
CA,2013-07-07,9.0,232.9,85.1,3.892,1.885471805415806,-0.3000000000000007,0.07714065312420804
CA,2013-07-08,9.0,232.9,85.1,3.875,1.885471805415806,-0.3000000000000007,-0.07735946364105795
CA,2013-07-09,9.0,232.9,85.1,3.875,1.885471805415806,-0.3000000000000007,-0.07735946364105795
CA,2013-07-10,9.0,232.9,85.1,3.875,1.885471805415806,-0.3000000000000007,-0.07735946364105795
CA,2013-07-11,9.0,232.9,85.1,3.875,1.885471805415806,-0.3000000000000007,-0.07735946364105795
CA,2013-07-12,9.0,232.9,85.1,3.875,1.885471805415806,-0.3000000000000007,-0.07735946364105795
CA,2013-07-13,9.0,232.9,85.1,3.875,1.885471805415806,-0.3000000000000007,-0.07735946364105795
CA,2013-07-14,9.0,232.9,85.1,3.875,1.885471805415806,-0.3000000000000007,-0.07735946364105795
CA,2013-07-15,9.0,232.9,85.1,3.925,1.885471805415806,-0.3000000000000007,0.9516460905349744
CA,2013-07-16,9.0,232.9,85.1,3.925,1.885471805415806,-0.3000000000000007,0.9516460905349744
CA,2013-07-17,9.0,232.9,85.1,3.925,1.885471805415806,-0.3000000000000007,0.9516460905349744
CA,2013-07-18,9.0,232.9,85.1,3.925,1.885471805415806,-0.3000000000000007,0.9516460905349744
CA,2013-07-19,9.0,232.9,85.1,3.925,1.885471805415806,-0.3000000000000007,0.9516460905349744
CA,2013-07-20,9.0,232.9,85.1,3.925,1.885471805415806,-0.3000000000000007,0.9516460905349744
CA,2013-07-21,9.0,232.9,85.1,3.925,1.885471805415806,-0.3000000000000007,0.9516460905349744
CA,2013-07-22,9.0,232.9,85.1,3.954,1.885471805415806,-0.3000000000000007,0.1519756838905817
CA,2013-07-23,9.0,232.9,85.1,3.954,1.885471805415806,-0.3000000000000007,0.1519756838905817
CA,2013-07-24,9.0,232.9,85.1,3.954,1.885471805415806,-0.3000000000000007,0.1519756838905817
CA,2013-07-25,9.0,232.9,85.1,3.954,1.885471805415806,-0.3000000000000007,0.1519756838905817
CA,2013-07-26,9.0,232.9,85.1,3.954,1.885471805415806,-0.3000000000000007,0.1519756838905817
CA,2013-07-27,9.0,232.9,85.1,3.954,1.885471805415806,-0.3000000000000007,0.1519756838905817
CA,2013-07-28,9.0,232.9,85.1,3.954,1.885471805415806,-0.3000000000000007,0.1519756838905817
CA,2013-07-29,9.0,232.9,85.1,3.929,1.885471805415806,-0.3000000000000007,0.9506680369989695
CA,2013-07-30,9.0,232.9,85.1,3.929,1.885471805415806,-0.1999999999999993,0.9506680369989695
CA,2013-07-31,9.0,232.9,85.1,3.929,1.885471805415806,-0.1999999999999993,0.9506680369989695
CA,2013-08-01,8.9,233.456,82.1,3.929,1.538809488600279,-0.29999999999999893,0.9506680369989695
CA,2013-08-02,8.9,233.456,82.1,3.929,1.538809488600279,-0.29999999999999893,0.9506680369989695
CA,2013-08-03,8.9,233.456,82.1,3.929,1.538809488600279,-0.29999999999999893,0.9506680369989695
CA,2013-08-04,8.9,233.456,82.1,3.929,1.538809488600279,-0.29999999999999893,0.9506680369989695
CA,2013-08-05,8.9,233.456,82.1,3.887,1.538809488600279,-0.29999999999999893,0.30967741935483684
CA,2013-08-06,8.9,233.456,82.1,3.887,1.538809488600279,-0.29999999999999893,0.30967741935483684
CA,2013-08-07,8.9,233.456,82.1,3.887,1.538809488600279,-0.29999999999999893,0.30967741935483684
CA,2013-08-08,8.9,233.456,82.1,3.887,1.538809488600279,-0.29999999999999893,0.30967741935483684
CA,2013-08-09,8.9,233.456,82.1,3.887,1.538809488600279,-0.29999999999999893,0.30967741935483684
CA,2013-08-10,8.9,233.456,82.1,3.887,1.538809488600279,-0.29999999999999893,0.30967741935483684
CA,2013-08-11,8.9,233.456,82.1,3.887,1.538809488600279,-0.29999999999999893,0.30967741935483684
CA,2013-08-12,8.9,233.456,82.1,3.84,1.538809488600279,-0.29999999999999893,-2.165605095541401
CA,2013-08-13,8.9,233.456,82.1,3.84,1.538809488600279,-0.29999999999999893,-2.165605095541401
CA,2013-08-14,8.9,233.456,82.1,3.84,1.538809488600279,-0.29999999999999893,-2.165605095541401
CA,2013-08-15,8.9,233.456,82.1,3.84,1.538809488600279,-0.29999999999999893,-2.165605095541401
CA,2013-08-16,8.9,233.456,82.1,3.84,1.538809488600279,-0.29999999999999893,-2.165605095541401
CA,2013-08-17,8.9,233.456,82.1,3.84,1.538809488600279,-0.29999999999999893,-2.165605095541401
CA,2013-08-18,8.9,233.456,82.1,3.84,1.538809488600279,-0.29999999999999893,-2.165605095541401
CA,2013-08-19,8.9,233.456,82.1,3.778,1.538809488600279,-0.29999999999999893,-4.451188669701567
CA,2013-08-20,8.9,233.456,82.1,3.778,1.538809488600279,-0.29999999999999893,-4.451188669701567
CA,2013-08-21,8.9,233.456,82.1,3.778,1.538809488600279,-0.29999999999999893,-4.451188669701567
CA,2013-08-22,8.9,233.456,82.1,3.778,1.538809488600279,-0.29999999999999893,-4.451188669701567
CA,2013-08-23,8.9,233.456,82.1,3.778,1.538809488600279,-0.29999999999999893,-4.451188669701567
CA,2013-08-24,8.9,233.456,82.1,3.778,1.538809488600279,-0.29999999999999893,-4.451188669701567
CA,2013-08-25,8.9,233.456,82.1,3.778,1.538809488600279,-0.29999999999999893,-4.451188669701567
CA,2013-08-26,8.9,233.456,82.1,3.745,1.538809488600279,-0.29999999999999893,-4.683125477220662
CA,2013-08-27,8.9,233.456,82.1,3.745,1.538809488600279,-0.29999999999999893,-4.683125477220662
CA,2013-08-28,8.9,233.456,82.1,3.745,1.538809488600279,-0.29999999999999893,-4.683125477220662
CA,2013-08-29,8.9,233.456,82.1,3.745,1.538809488600279,-0.29999999999999893,-4.683125477220662
CA,2013-08-30,8.9,233.456,82.1,3.745,1.538809488600279,-0.1999999999999993,-4.683125477220662
CA,2013-08-31,8.9,233.456,82.1,3.745,1.538809488600279,-0.1999999999999993,-4.683125477220662
CA,2013-09-01,8.8,233.544,77.5,3.745,1.0947341081747997,-0.29999999999999893,-4.683125477220662
CA,2013-09-02,8.8,233.544,77.5,3.75,1.0947341081747997,-0.29999999999999893,-3.5245690764085458
CA,2013-09-03,8.8,233.544,77.5,3.75,1.0947341081747997,-0.29999999999999893,-3.5245690764085458
CA,2013-09-04,8.8,233.544,77.5,3.75,1.0947341081747997,-0.29999999999999893,-3.5245690764085458
CA,2013-09-05,8.8,233.544,77.5,3.75,1.0947341081747997,-0.29999999999999893,-3.5245690764085458
CA,2013-09-06,8.8,233.544,77.5,3.75,1.0947341081747997,-0.29999999999999893,-3.5245690764085458
CA,2013-09-07,8.8,233.544,77.5,3.75,1.0947341081747997,-0.29999999999999893,-3.5245690764085458
CA,2013-09-08,8.8,233.544,77.5,3.75,1.0947341081747997,-0.29999999999999893,-3.5245690764085458
CA,2013-09-09,8.8,233.544,77.5,3.797,1.0947341081747997,-0.29999999999999893,-1.1197916666666585
CA,2013-09-10,8.8,233.544,77.5,3.797,1.0947341081747997,-0.29999999999999893,-1.1197916666666585
CA,2013-09-11,8.8,233.544,77.5,3.797,1.0947341081747997,-0.29999999999999893,-1.1197916666666585
CA,2013-09-12,8.8,233.544,77.5,3.797,1.0947341081747997,-0.29999999999999893,-1.1197916666666585
CA,2013-09-13,8.8,233.544,77.5,3.797,1.0947341081747997,-0.29999999999999893,-1.1197916666666585
CA,2013-09-14,8.8,233.544,77.5,3.797,1.0947341081747997,-0.29999999999999893,-1.1197916666666585
CA,2013-09-15,8.8,233.544,77.5,3.797,1.0947341081747997,-0.29999999999999893,-1.1197916666666585
CA,2013-09-16,8.8,233.544,77.5,3.9,1.0947341081747997,-0.29999999999999893,3.2292218104817305
CA,2013-09-17,8.8,233.544,77.5,3.9,1.0947341081747997,-0.29999999999999893,3.2292218104817305
CA,2013-09-18,8.8,233.544,77.5,3.9,1.0947341081747997,-0.29999999999999893,3.2292218104817305
CA,2013-09-19,8.8,233.544,77.5,3.9,1.0947341081747997,-0.29999999999999893,3.2292218104817305
CA,2013-09-20,8.8,233.544,77.5,3.9,1.0947341081747997,-0.29999999999999893,3.2292218104817305
CA,2013-09-21,8.8,233.544,77.5,3.9,1.0947341081747997,-0.29999999999999893,3.2292218104817305
CA,2013-09-22,8.8,233.544,77.5,3.9,1.0947341081747997,-0.29999999999999893,3.2292218104817305
CA,2013-09-23,8.8,233.544,77.5,3.866,1.0947341081747997,-0.29999999999999893,3.230974632843786
CA,2013-09-24,8.8,233.544,77.5,3.866,1.0947341081747997,-0.29999999999999893,3.230974632843786
CA,2013-09-25,8.8,233.544,77.5,3.866,1.0947341081747997,-0.29999999999999893,3.230974632843786
CA,2013-09-26,8.8,233.544,77.5,3.866,1.0947341081747997,-0.29999999999999893,3.230974632843786
CA,2013-09-27,8.8,233.544,77.5,3.866,1.0947341081747997,-0.29999999999999893,3.230974632843786
CA,2013-09-28,8.8,233.544,77.5,3.866,1.0947341081747997,-0.29999999999999893,3.230974632843786
CA,2013-09-29,8.8,233.544,77.5,3.866,1.0947341081747997,-0.1999999999999993,3.230974632843786
CA,2013-09-30,8.8,233.544,77.5,3.802,1.0947341081747997,-0.1999999999999993,1.3866666666666694
CA,2013-10-01,8.6,233.669,73.2,3.802,0.8767991434911471,-0.40000000000000036,1.3866666666666694
CA,2013-10-02,8.6,233.669,73.2,3.802,0.8767991434911471,-0.40000000000000036,1.3866666666666694
CA,2013-10-03,8.6,233.669,73.2,3.802,0.8767991434911471,-0.40000000000000036,1.3866666666666694
CA,2013-10-04,8.6,233.669,73.2,3.802,0.8767991434911471,-0.40000000000000036,1.3866666666666694
CA,2013-10-05,8.6,233.669,73.2,3.802,0.8767991434911471,-0.40000000000000036,1.3866666666666694
CA,2013-10-06,8.6,233.669,73.2,3.802,0.8767991434911471,-0.40000000000000036,1.3866666666666694
CA,2013-10-07,8.6,233.669,73.2,3.737,0.8767991434911471,-0.40000000000000036,-1.5801948907031904
CA,2013-10-08,8.6,233.669,73.2,3.737,0.8767991434911471,-0.40000000000000036,-1.5801948907031904
CA,2013-10-09,8.6,233.669,73.2,3.737,0.8767991434911471,-0.40000000000000036,-1.5801948907031904
CA,2013-10-10,8.6,233.669,73.2,3.737,0.8767991434911471,-0.40000000000000036,-1.5801948907031904
CA,2013-10-11,8.6,233.669,73.2,3.737,0.8767991434911471,-0.40000000000000036,-1.5801948907031904
CA,2013-10-12,8.6,233.669,73.2,3.737,0.8767991434911471,-0.40000000000000036,-1.5801948907031904
CA,2013-10-13,8.6,233.669,73.2,3.737,0.8767991434911471,-0.40000000000000036,-1.5801948907031904
CA,2013-10-14,8.6,233.669,73.2,3.684,0.8767991434911471,-0.40000000000000036,-5.5384615384615365
CA,2013-10-15,8.6,233.669,73.2,3.684,0.8767991434911471,-0.40000000000000036,-5.5384615384615365
CA,2013-10-16,8.6,233.669,73.2,3.684,0.8767991434911471,-0.40000000000000036,-5.5384615384615365
CA,2013-10-17,8.6,233.669,73.2,3.684,0.8767991434911471,-0.40000000000000036,-5.5384615384615365
CA,2013-10-18,8.6,233.669,73.2,3.684,0.8767991434911471,-0.40000000000000036,-5.5384615384615365
CA,2013-10-19,8.6,233.669,73.2,3.684,0.8767991434911471,-0.40000000000000036,-5.5384615384615365
CA,2013-10-20,8.6,233.669,73.2,3.684,0.8767991434911471,-0.40000000000000036,-5.5384615384615365
CA,2013-10-21,8.6,233.669,73.2,3.655,0.8767991434911471,-0.40000000000000036,-5.457837558199696
CA,2013-10-22,8.6,233.669,73.2,3.655,0.8767991434911471,-0.40000000000000036,-5.457837558199696
CA,2013-10-23,8.6,233.669,73.2,3.655,0.8767991434911471,-0.40000000000000036,-5.457837558199696
CA,2013-10-24,8.6,233.669,73.2,3.655,0.8767991434911471,-0.40000000000000036,-5.457837558199696
CA,2013-10-25,8.6,233.669,73.2,3.655,0.8767991434911471,-0.40000000000000036,-5.457837558199696
CA,2013-10-26,8.6,233.669,73.2,3.655,0.8767991434911471,-0.40000000000000036,-5.457837558199696
CA,2013-10-27,8.6,233.669,73.2,3.655,0.8767991434911471,-0.40000000000000036,-5.457837558199696
CA,2013-10-28,8.6,233.669,73.2,3.609,0.8767991434911471,-0.40000000000000036,-5.076275644397688
CA,2013-10-29,8.6,233.669,73.2,3.609,0.8767991434911471,-0.40000000000000036,-5.076275644397688
CA,2013-10-30,8.6,233.669,73.2,3.609,0.8767991434911471,-0.3000000000000007,-5.076275644397688
CA,2013-10-31,8.6,233.669,73.2,3.609,0.8767991434911471,-0.3000000000000007,-5.076275644397688
CA,2013-11-01,8.5,234.1,75.1,3.609,1.2328701961954458,-0.40000000000000036,-5.076275644397688
CA,2013-11-02,8.5,234.1,75.1,3.609,1.2328701961954458,-0.40000000000000036,-5.076275644397688
CA,2013-11-03,8.5,234.1,75.1,3.609,1.2328701961954458,-0.40000000000000036,-5.076275644397688
CA,2013-11-04,8.5,234.1,75.1,3.564,1.2328701961954458,-0.40000000000000036,-4.629381857104631
CA,2013-11-05,8.5,234.1,75.1,3.564,1.2328701961954458,-0.40000000000000036,-4.629381857104631
CA,2013-11-06,8.5,234.1,75.1,3.564,1.2328701961954458,-0.40000000000000036,-4.629381857104631
CA,2013-11-07,8.5,234.1,75.1,3.564,1.2328701961954458,-0.40000000000000036,-4.629381857104631
CA,2013-11-08,8.5,234.1,75.1,3.564,1.2328701961954458,-0.40000000000000036,-4.629381857104631
CA,2013-11-09,8.5,234.1,75.1,3.564,1.2328701961954458,-0.40000000000000036,-4.629381857104631
CA,2013-11-10,8.5,234.1,75.1,3.564,1.2328701961954458,-0.40000000000000036,-4.629381857104631
CA,2013-11-11,8.5,234.1,75.1,3.507,1.2328701961954458,-0.40000000000000036,-4.804560260586321
CA,2013-11-12,8.5,234.1,75.1,3.507,1.2328701961954458,-0.40000000000000036,-4.804560260586321
CA,2013-11-13,8.5,234.1,75.1,3.507,1.2328701961954458,-0.40000000000000036,-4.804560260586321
CA,2013-11-14,8.5,234.1,75.1,3.507,1.2328701961954458,-0.40000000000000036,-4.804560260586321
CA,2013-11-15,8.5,234.1,75.1,3.507,1.2328701961954458,-0.40000000000000036,-4.804560260586321
CA,2013-11-16,8.5,234.1,75.1,3.507,1.2328701961954458,-0.40000000000000036,-4.804560260586321
CA,2013-11-17,8.5,234.1,75.1,3.507,1.2328701961954458,-0.40000000000000036,-4.804560260586321
CA,2013-11-18,8.5,234.1,75.1,3.467,1.2328701961954458,-0.40000000000000036,-5.143638850889188
CA,2013-11-19,8.5,234.1,75.1,3.467,1.2328701961954458,-0.40000000000000036,-5.143638850889188
CA,2013-11-20,8.5,234.1,75.1,3.467,1.2328701961954458,-0.40000000000000036,-5.143638850889188
CA,2013-11-21,8.5,234.1,75.1,3.467,1.2328701961954458,-0.40000000000000036,-5.143638850889188
CA,2013-11-22,8.5,234.1,75.1,3.467,1.2328701961954458,-0.40000000000000036,-5.143638850889188
CA,2013-11-23,8.5,234.1,75.1,3.467,1.2328701961954458,-0.40000000000000036,-5.143638850889188
CA,2013-11-24,8.5,234.1,75.1,3.467,1.2328701961954458,-0.40000000000000036,-5.143638850889188
CA,2013-11-25,8.5,234.1,75.1,3.457,1.2328701961954458,-0.40000000000000036,-4.211692989747862
CA,2013-11-26,8.5,234.1,75.1,3.457,1.2328701961954458,-0.40000000000000036,-4.211692989747862
CA,2013-11-27,8.5,234.1,75.1,3.457,1.2328701961954458,-0.40000000000000036,-4.211692989747862
CA,2013-11-28,8.5,234.1,75.1,3.457,1.2328701961954458,-0.40000000000000036,-4.211692989747862
CA,2013-11-29,8.5,234.1,75.1,3.457,1.2328701961954458,-0.40000000000000036,-4.211692989747862
CA,2013-11-30,8.5,234.1,75.1,3.457,1.2328701961954458,-0.3000000000000007,-4.211692989747862
CA,2013-12-01,8.4,234.719,82.5,3.457,1.5128383667573297,-0.40000000000000036,-4.211692989747862
CA,2013-12-02,8.4,234.719,82.5,3.475,1.5128383667573297,-0.40000000000000036,-2.4971941638608275
CA,2013-12-03,8.4,234.719,82.5,3.475,1.5128383667573297,-0.40000000000000036,-2.4971941638608275
CA,2013-12-04,8.4,234.719,82.5,3.475,1.5128383667573297,-0.40000000000000036,-2.4971941638608275
CA,2013-12-05,8.4,234.719,82.5,3.475,1.5128383667573297,-0.40000000000000036,-2.4971941638608275
CA,2013-12-06,8.4,234.719,82.5,3.475,1.5128383667573297,-0.40000000000000036,-2.4971941638608275
CA,2013-12-07,8.4,234.719,82.5,3.475,1.5128383667573297,-0.40000000000000036,-2.4971941638608275
CA,2013-12-08,8.4,234.719,82.5,3.475,1.5128383667573297,-0.40000000000000036,-2.4971941638608275
CA,2013-12-09,8.4,234.719,82.5,3.477,1.5128383667573297,-0.40000000000000036,-0.8554319931565524
CA,2013-12-10,8.4,234.719,82.5,3.477,1.5128383667573297,-0.40000000000000036,-0.8554319931565524
CA,2013-12-11,8.4,234.719,82.5,3.477,1.5128383667573297,-0.40000000000000036,-0.8554319931565524
CA,2013-12-12,8.4,234.719,82.5,3.477,1.5128383667573297,-0.40000000000000036,-0.8554319931565524
CA,2013-12-13,8.4,234.719,82.5,3.477,1.5128383667573297,-0.40000000000000036,-0.8554319931565524
CA,2013-12-14,8.4,234.719,82.5,3.477,1.5128383667573297,-0.40000000000000036,-0.8554319931565524
CA,2013-12-15,8.4,234.719,82.5,3.477,1.5128383667573297,-0.40000000000000036,-0.8554319931565524
CA,2013-12-16,8.4,234.719,82.5,3.472,1.5128383667573297,-0.40000000000000036,0.1442169022209283
CA,2013-12-17,8.4,234.719,82.5,3.472,1.5128383667573297,-0.40000000000000036,0.1442169022209283
CA,2013-12-18,8.4,234.719,82.5,3.472,1.5128383667573297,-0.40000000000000036,0.1442169022209283
CA,2013-12-19,8.4,234.719,82.5,3.472,1.5128383667573297,-0.40000000000000036,0.1442169022209283
CA,2013-12-20,8.4,234.719,82.5,3.472,1.5128383667573297,-0.40000000000000036,0.1442169022209283
CA,2013-12-21,8.4,234.719,82.5,3.472,1.5128383667573297,-0.40000000000000036,0.1442169022209283
CA,2013-12-22,8.4,234.719,82.5,3.472,1.5128383667573297,-0.40000000000000036,0.1442169022209283
CA,2013-12-23,8.4,234.719,82.5,3.483,1.5128383667573297,-0.40000000000000036,0.752097194098944
CA,2013-12-24,8.4,234.719,82.5,3.483,1.5128383667573297,-0.40000000000000036,0.752097194098944
CA,2013-12-25,8.4,234.719,82.5,3.483,1.5128383667573297,-0.40000000000000036,0.752097194098944
CA,2013-12-26,8.4,234.719,82.5,3.483,1.5128383667573297,-0.40000000000000036,0.752097194098944
CA,2013-12-27,8.4,234.719,82.5,3.483,1.5128383667573297,-0.40000000000000036,0.752097194098944
CA,2013-12-28,8.4,234.719,82.5,3.483,1.5128383667573297,-0.40000000000000036,0.752097194098944
CA,2013-12-29,8.4,234.719,82.5,3.483,1.5128383667573297,-0.40000000000000036,0.752097194098944
CA,2013-12-30,8.4,234.719,82.5,3.526,1.5128383667573297,-0.1999999999999993,1.467625899280578
CA,2013-12-31,8.4,234.719,82.5,3.526,1.5128383667573297,-0.1999999999999993,1.467625899280578
CA,2014-01-01,8.2,235.288,81.2,3.526,1.557758795574915,-0.40000000000000036,1.467625899280578
CA,2014-01-02,8.2,235.288,81.2,3.526,1.557758795574915,-0.40000000000000036,1.467625899280578
CA,2014-01-03,8.2,235.288,81.2,3.526,1.557758795574915,-0.40000000000000036,1.467625899280578
CA,2014-01-04,8.2,235.288,81.2,3.526,1.557758795574915,-0.40000000000000036,1.467625899280578
CA,2014-01-05,8.2,235.288,81.2,3.526,1.557758795574915,-0.40000000000000036,1.467625899280578
CA,2014-01-06,8.2,235.288,81.2,3.547,1.557758795574915,-0.40000000000000036,2.013229795800986
CA,2014-01-07,8.2,235.288,81.2,3.547,1.557758795574915,-0.40000000000000036,2.013229795800986
CA,2014-01-08,8.2,235.288,81.2,3.547,1.557758795574915,-0.40000000000000036,2.013229795800986
CA,2014-01-09,8.2,235.288,81.2,3.547,1.557758795574915,-0.40000000000000036,2.013229795800986
CA,2014-01-10,8.2,235.288,81.2,3.547,1.557758795574915,-0.40000000000000036,2.013229795800986
CA,2014-01-11,8.2,235.288,81.2,3.547,1.557758795574915,-0.40000000000000036,2.013229795800986
CA,2014-01-12,8.2,235.288,81.2,3.547,1.557758795574915,-0.40000000000000036,2.013229795800986
CA,2014-01-13,8.2,235.288,81.2,3.526,1.557758795574915,-0.40000000000000036,1.5552995391705071
CA,2014-01-14,8.2,235.288,81.2,3.526,1.557758795574915,-0.40000000000000036,1.5552995391705071
CA,2014-01-15,8.2,235.288,81.2,3.526,1.557758795574915,-0.40000000000000036,1.5552995391705071
CA,2014-01-16,8.2,235.288,81.2,3.526,1.557758795574915,-0.40000000000000036,1.5552995391705071
CA,2014-01-17,8.2,235.288,81.2,3.526,1.557758795574915,-0.40000000000000036,1.5552995391705071
CA,2014-01-18,8.2,235.288,81.2,3.526,1.557758795574915,-0.40000000000000036,1.5552995391705071
CA,2014-01-19,8.2,235.288,81.2,3.526,1.557758795574915,-0.40000000000000036,1.5552995391705071
CA,2014-01-20,8.2,235.288,81.2,3.492,1.557758795574915,-0.40000000000000036,0.25839793281654533
CA,2014-01-21,8.2,235.288,81.2,3.492,1.557758795574915,-0.40000000000000036,0.25839793281654533
CA,2014-01-22,8.2,235.288,81.2,3.492,1.557758795574915,-0.40000000000000036,0.25839793281654533
CA,2014-01-23,8.2,235.288,81.2,3.492,1.557758795574915,-0.40000000000000036,0.25839793281654533
CA,2014-01-24,8.2,235.288,81.2,3.492,1.557758795574915,-0.40000000000000036,0.25839793281654533
CA,2014-01-25,8.2,235.288,81.2,3.492,1.557758795574915,-0.40000000000000036,0.25839793281654533
CA,2014-01-26,8.2,235.288,81.2,3.492,1.557758795574915,-0.40000000000000036,0.25839793281654533
CA,2014-01-27,8.2,235.288,81.2,3.486,1.557758795574915,-0.40000000000000036,-1.1344299489506438
CA,2014-01-28,8.2,235.288,81.2,3.486,1.557758795574915,-0.40000000000000036,-1.1344299489506438
CA,2014-01-29,8.2,235.288,81.2,3.486,1.557758795574915,-0.40000000000000036,-1.1344299489506438
CA,2014-01-30,8.2,235.288,81.2,3.486,1.557758795574915,-0.3000000000000007,-1.1344299489506438
CA,2014-01-31,8.2,235.288,81.2,3.486,1.557758795574915,-0.3000000000000007,-1.1344299489506438
CA,2014-02-01,8.1,235.547,81.6,3.486,1.1204746347724948,-0.40000000000000036,-1.1344299489506438
CA,2014-02-02,8.1,235.547,81.6,3.486,1.1204746347724948,-0.40000000000000036,-1.1344299489506438
CA,2014-02-03,8.1,235.547,81.6,3.492,1.1204746347724948,-0.40000000000000036,-1.5506061460389131
CA,2014-02-04,8.1,235.547,81.6,3.492,1.1204746347724948,-0.40000000000000036,-1.5506061460389131
CA,2014-02-05,8.1,235.547,81.6,3.492,1.1204746347724948,-0.40000000000000036,-1.5506061460389131
CA,2014-02-06,8.1,235.547,81.6,3.492,1.1204746347724948,-0.40000000000000036,-1.5506061460389131
CA,2014-02-07,8.1,235.547,81.6,3.492,1.1204746347724948,-0.40000000000000036,-1.5506061460389131
CA,2014-02-08,8.1,235.547,81.6,3.492,1.1204746347724948,-0.40000000000000036,-1.5506061460389131
CA,2014-02-09,8.1,235.547,81.6,3.492,1.1204746347724948,-0.40000000000000036,-1.5506061460389131
CA,2014-02-10,8.1,235.547,81.6,3.517,1.1204746347724948,-0.40000000000000036,-0.25524673851389235
CA,2014-02-11,8.1,235.547,81.6,3.517,1.1204746347724948,-0.40000000000000036,-0.25524673851389235
CA,2014-02-12,8.1,235.547,81.6,3.517,1.1204746347724948,-0.40000000000000036,-0.25524673851389235
CA,2014-02-13,8.1,235.547,81.6,3.517,1.1204746347724948,-0.40000000000000036,-0.25524673851389235
CA,2014-02-14,8.1,235.547,81.6,3.517,1.1204746347724948,-0.40000000000000036,-0.25524673851389235
CA,2014-02-15,8.1,235.547,81.6,3.517,1.1204746347724948,-0.40000000000000036,-0.25524673851389235
CA,2014-02-16,8.1,235.547,81.6,3.517,1.1204746347724948,-0.40000000000000036,-0.25524673851389235
CA,2014-02-17,8.1,235.547,81.6,3.572,1.1204746347724948,-0.40000000000000036,2.290950744558984
CA,2014-02-18,8.1,235.547,81.6,3.572,1.1204746347724948,-0.40000000000000036,2.290950744558984
CA,2014-02-19,8.1,235.547,81.6,3.572,1.1204746347724948,-0.40000000000000036,2.290950744558984
CA,2014-02-20,8.1,235.547,81.6,3.572,1.1204746347724948,-0.40000000000000036,2.290950744558984
CA,2014-02-21,8.1,235.547,81.6,3.572,1.1204746347724948,-0.40000000000000036,2.290950744558984
CA,2014-02-22,8.1,235.547,81.6,3.572,1.1204746347724948,-0.40000000000000036,2.290950744558984
CA,2014-02-23,8.1,235.547,81.6,3.572,1.1204746347724948,-0.40000000000000036,2.290950744558984
CA,2014-02-24,8.1,235.547,81.6,3.652,1.1204746347724948,-0.40000000000000036,4.761904761904767
CA,2014-02-25,8.1,235.547,81.6,3.652,1.1204746347724948,-0.40000000000000036,4.761904761904767
CA,2014-02-26,8.1,235.547,81.6,3.652,1.1204746347724948,-0.40000000000000036,4.761904761904767
CA,2014-02-27,8.1,235.547,81.6,3.652,1.1204746347724948,-0.40000000000000036,4.761904761904767
CA,2014-02-28,8.1,235.547,81.6,3.652,1.1204746347724948,-0.40000000000000036,4.761904761904767
CA,2014-03-01,8.0,236.028,80.0,3.652,1.6126949139408042,-0.40000000000000036,4.761904761904767
CA,2014-03-02,8.0,236.028,80.0,3.652,1.6126949139408042,-0.40000000000000036,4.761904761904767
CA,2014-03-03,8.0,236.028,80.0,3.708,1.6126949139408042,-0.40000000000000036,6.185567010309279
CA,2014-03-04,8.0,236.028,80.0,3.708,1.6126949139408042,-0.40000000000000036,6.185567010309279
CA,2014-03-05,8.0,236.028,80.0,3.708,1.6126949139408042,-0.40000000000000036,6.185567010309279
CA,2014-03-06,8.0,236.028,80.0,3.708,1.6126949139408042,-0.40000000000000036,6.185567010309279
CA,2014-03-07,8.0,236.028,80.0,3.708,1.6126949139408042,-0.40000000000000036,6.185567010309279
CA,2014-03-08,8.0,236.028,80.0,3.708,1.6126949139408042,-0.40000000000000036,6.185567010309279
CA,2014-03-09,8.0,236.028,80.0,3.708,1.6126949139408042,-0.40000000000000036,6.185567010309279
CA,2014-03-10,8.0,236.028,80.0,3.755,1.6126949139408042,-0.40000000000000036,6.767131077622968
CA,2014-03-11,8.0,236.028,80.0,3.755,1.6126949139408042,-0.40000000000000036,6.767131077622968
CA,2014-03-12,8.0,236.028,80.0,3.755,1.6126949139408042,-0.40000000000000036,6.767131077622968
CA,2014-03-13,8.0,236.028,80.0,3.755,1.6126949139408042,-0.40000000000000036,6.767131077622968
CA,2014-03-14,8.0,236.028,80.0,3.755,1.6126949139408042,-0.40000000000000036,6.767131077622968
CA,2014-03-15,8.0,236.028,80.0,3.755,1.6126949139408042,-0.40000000000000036,6.767131077622968
CA,2014-03-16,8.0,236.028,80.0,3.755,1.6126949139408042,-0.40000000000000036,6.767131077622968
CA,2014-03-17,8.0,236.028,80.0,3.81,1.6126949139408042,-0.40000000000000036,6.662933930571113
CA,2014-03-18,8.0,236.028,80.0,3.81,1.6126949139408042,-0.40000000000000036,6.662933930571113
CA,2014-03-19,8.0,236.028,80.0,3.81,1.6126949139408042,-0.40000000000000036,6.662933930571113
CA,2014-03-20,8.0,236.028,80.0,3.81,1.6126949139408042,-0.40000000000000036,6.662933930571113
CA,2014-03-21,8.0,236.028,80.0,3.81,1.6126949139408042,-0.40000000000000036,6.662933930571113
CA,2014-03-22,8.0,236.028,80.0,3.81,1.6126949139408042,-0.40000000000000036,6.662933930571113
CA,2014-03-23,8.0,236.028,80.0,3.81,1.6126949139408042,-0.40000000000000036,6.662933930571113
CA,2014-03-24,8.0,236.028,80.0,3.823,1.6126949139408042,-0.40000000000000036,4.682365826944146
CA,2014-03-25,8.0,236.028,80.0,3.823,1.6126949139408042,-0.40000000000000036,4.682365826944146
CA,2014-03-26,8.0,236.028,80.0,3.823,1.6126949139408042,-0.40000000000000036,4.682365826944146
CA,2014-03-27,8.0,236.028,80.0,3.823,1.6126949139408042,-0.40000000000000036,4.682365826944146
CA,2014-03-28,8.0,236.028,80.0,3.823,1.6126949139408042,-0.40000000000000036,4.682365826944146
CA,2014-03-29,8.0,236.028,80.0,3.823,1.6126949139408042,-0.40000000000000036,4.682365826944146
CA,2014-03-30,8.0,236.028,80.0,3.823,1.6126949139408042,-0.40000000000000036,4.682365826944146
CA,2014-03-31,8.0,236.028,80.0,3.852,1.6126949139408042,-0.40000000000000036,3.8834951456310662
CA,2014-04-01,7.8,236.468,84.1,3.852,2.015125303606169,-0.39999999999999947,3.8834951456310662
CA,2014-04-02,7.8,236.468,84.1,3.852,2.015125303606169,-0.39999999999999947,3.8834951456310662
CA,2014-04-03,7.8,236.468,84.1,3.852,2.015125303606169,-0.39999999999999947,3.8834951456310662
CA,2014-04-04,7.8,236.468,84.1,3.852,2.015125303606169,-0.39999999999999947,3.8834951456310662
CA,2014-04-05,7.8,236.468,84.1,3.852,2.015125303606169,-0.39999999999999947,3.8834951456310662
CA,2014-04-06,7.8,236.468,84.1,3.852,2.015125303606169,-0.39999999999999947,3.8834951456310662
CA,2014-04-07,7.8,236.468,84.1,3.88,2.015125303606169,-0.39999999999999947,3.3288948069241098
CA,2014-04-08,7.8,236.468,84.1,3.88,2.015125303606169,-0.39999999999999947,3.3288948069241098
CA,2014-04-09,7.8,236.468,84.1,3.88,2.015125303606169,-0.39999999999999947,3.3288948069241098
CA,2014-04-10,7.8,236.468,84.1,3.88,2.015125303606169,-0.39999999999999947,3.3288948069241098
CA,2014-04-11,7.8,236.468,84.1,3.88,2.015125303606169,-0.39999999999999947,3.3288948069241098
CA,2014-04-12,7.8,236.468,84.1,3.88,2.015125303606169,-0.39999999999999947,3.3288948069241098
CA,2014-04-13,7.8,236.468,84.1,3.88,2.015125303606169,-0.39999999999999947,3.3288948069241098
CA,2014-04-14,7.8,236.468,84.1,3.977,2.015125303606169,-0.39999999999999947,4.3832020997375265
CA,2014-04-15,7.8,236.468,84.1,3.977,2.015125303606169,-0.39999999999999947,4.3832020997375265
CA,2014-04-16,7.8,236.468,84.1,3.977,2.015125303606169,-0.39999999999999947,4.3832020997375265
CA,2014-04-17,7.8,236.468,84.1,3.977,2.015125303606169,-0.39999999999999947,4.3832020997375265
CA,2014-04-18,7.8,236.468,84.1,3.977,2.015125303606169,-0.39999999999999947,4.3832020997375265
CA,2014-04-19,7.8,236.468,84.1,3.977,2.015125303606169,-0.39999999999999947,4.3832020997375265
CA,2014-04-20,7.8,236.468,84.1,3.977,2.015125303606169,-0.39999999999999947,4.3832020997375265
CA,2014-04-21,7.8,236.468,84.1,4.027,2.015125303606169,-0.39999999999999947,5.336123463248765
CA,2014-04-22,7.8,236.468,84.1,4.027,2.015125303606169,-0.39999999999999947,5.336123463248765
CA,2014-04-23,7.8,236.468,84.1,4.027,2.015125303606169,-0.39999999999999947,5.336123463248765
CA,2014-04-24,7.8,236.468,84.1,4.027,2.015125303606169,-0.39999999999999947,5.336123463248765
CA,2014-04-25,7.8,236.468,84.1,4.027,2.015125303606169,-0.39999999999999947,5.336123463248765
CA,2014-04-26,7.8,236.468,84.1,4.027,2.015125303606169,-0.39999999999999947,5.336123463248765
CA,2014-04-27,7.8,236.468,84.1,4.027,2.015125303606169,-0.39999999999999947,5.336123463248765
CA,2014-04-28,7.8,236.468,84.1,4.073,2.015125303606169,-0.39999999999999947,5.737279335410195
CA,2014-04-29,7.8,236.468,84.1,4.073,2.015125303606169,-0.39999999999999947,5.737279335410195
CA,2014-04-30,7.8,236.468,84.1,4.073,2.015125303606169,-0.39999999999999947,5.737279335410195
CA,2014-05-01,7.7,236.918,81.9,4.073,2.166947687079812,-0.4999999999999991,5.737279335410195
CA,2014-05-02,7.7,236.918,81.9,4.073,2.166947687079812,-0.39999999999999947,5.737279335410195
CA,2014-05-03,7.7,236.918,81.9,4.073,2.166947687079812,-0.39999999999999947,5.737279335410195
CA,2014-05-04,7.7,236.918,81.9,4.073,2.166947687079812,-0.39999999999999947,5.737279335410195
CA,2014-05-05,7.7,236.918,81.9,4.055,2.166947687079812,-0.39999999999999947,4.510309278350522
CA,2014-05-06,7.7,236.918,81.9,4.055,2.166947687079812,-0.39999999999999947,4.510309278350522
CA,2014-05-07,7.7,236.918,81.9,4.055,2.166947687079812,-0.39999999999999947,4.510309278350522
CA,2014-05-08,7.7,236.918,81.9,4.055,2.166947687079812,-0.39999999999999947,4.510309278350522
CA,2014-05-09,7.7,236.918,81.9,4.055,2.166947687079812,-0.39999999999999947,4.510309278350522
CA,2014-05-10,7.7,236.918,81.9,4.055,2.166947687079812,-0.39999999999999947,4.510309278350522
CA,2014-05-11,7.7,236.918,81.9,4.055,2.166947687079812,-0.39999999999999947,4.510309278350522
CA,2014-05-12,7.7,236.918,81.9,4.022,2.166947687079812,-0.39999999999999947,1.1315061604224352
CA,2014-05-13,7.7,236.918,81.9,4.022,2.166947687079812,-0.39999999999999947,1.1315061604224352
CA,2014-05-14,7.7,236.918,81.9,4.022,2.166947687079812,-0.39999999999999947,1.1315061604224352
CA,2014-05-15,7.7,236.918,81.9,4.022,2.166947687079812,-0.39999999999999947,1.1315061604224352
CA,2014-05-16,7.7,236.918,81.9,4.022,2.166947687079812,-0.39999999999999947,1.1315061604224352
CA,2014-05-17,7.7,236.918,81.9,4.022,2.166947687079812,-0.39999999999999947,1.1315061604224352
CA,2014-05-18,7.7,236.918,81.9,4.022,2.166947687079812,-0.39999999999999947,1.1315061604224352
CA,2014-05-19,7.7,236.918,81.9,4.015,2.166947687079812,-0.39999999999999947,-0.2979885771045576
CA,2014-05-20,7.7,236.918,81.9,4.015,2.166947687079812,-0.39999999999999947,-0.2979885771045576
CA,2014-05-21,7.7,236.918,81.9,4.015,2.166947687079812,-0.39999999999999947,-0.2979885771045576
CA,2014-05-22,7.7,236.918,81.9,4.015,2.166947687079812,-0.39999999999999947,-0.2979885771045576
CA,2014-05-23,7.7,236.918,81.9,4.015,2.166947687079812,-0.39999999999999947,-0.2979885771045576
CA,2014-05-24,7.7,236.918,81.9,4.015,2.166947687079812,-0.39999999999999947,-0.2979885771045576
CA,2014-05-25,7.7,236.918,81.9,4.015,2.166947687079812,-0.39999999999999947,-0.2979885771045576
CA,2014-05-26,7.7,236.918,81.9,4.004,2.166947687079812,-0.39999999999999947,-1.694082985514378
CA,2014-05-27,7.7,236.918,81.9,4.004,2.166947687079812,-0.39999999999999947,-1.694082985514378
CA,2014-05-28,7.7,236.918,81.9,4.004,2.166947687079812,-0.39999999999999947,-1.694082985514378
CA,2014-05-29,7.7,236.918,81.9,4.004,2.166947687079812,-0.39999999999999947,-1.694082985514378
CA,2014-05-30,7.7,236.918,81.9,4.004,2.166947687079812,-0.2999999999999998,-1.694082985514378
CA,2014-05-31,7.7,236.918,81.9,4.004,2.166947687079812,-0.2999999999999998,-1.694082985514378
CA,2014-06-01,7.6,237.231,82.5,4.004,2.0589816945944195,-0.40000000000000036,-1.694082985514378
CA,2014-06-02,7.6,237.231,82.5,4.007,2.0589816945944195,-0.40000000000000036,-1.1837237977805226
CA,2014-06-03,7.6,237.231,82.5,4.007,2.0589816945944195,-0.40000000000000036,-1.1837237977805226
CA,2014-06-04,7.6,237.231,82.5,4.007,2.0589816945944195,-0.40000000000000036,-1.1837237977805226
CA,2014-06-05,7.6,237.231,82.5,4.007,2.0589816945944195,-0.40000000000000036,-1.1837237977805226
CA,2014-06-06,7.6,237.231,82.5,4.007,2.0589816945944195,-0.40000000000000036,-1.1837237977805226
CA,2014-06-07,7.6,237.231,82.5,4.007,2.0589816945944195,-0.40000000000000036,-1.1837237977805226
CA,2014-06-08,7.6,237.231,82.5,4.007,2.0589816945944195,-0.40000000000000036,-1.1837237977805226
CA,2014-06-09,7.6,237.231,82.5,3.995,2.0589816945944195,-0.40000000000000036,-0.6713078070611722
CA,2014-06-10,7.6,237.231,82.5,3.995,2.0589816945944195,-0.40000000000000036,-0.6713078070611722
CA,2014-06-11,7.6,237.231,82.5,3.995,2.0589816945944195,-0.40000000000000036,-0.6713078070611722
CA,2014-06-12,7.6,237.231,82.5,3.995,2.0589816945944195,-0.40000000000000036,-0.6713078070611722
CA,2014-06-13,7.6,237.231,82.5,3.995,2.0589816945944195,-0.40000000000000036,-0.6713078070611722
CA,2014-06-14,7.6,237.231,82.5,3.995,2.0589816945944195,-0.40000000000000036,-0.6713078070611722
CA,2014-06-15,7.6,237.231,82.5,3.995,2.0589816945944195,-0.40000000000000036,-0.6713078070611722
CA,2014-06-16,7.6,237.231,82.5,3.999,2.0589816945944195,-0.40000000000000036,-0.3985056039850443
CA,2014-06-17,7.6,237.231,82.5,3.999,2.0589816945944195,-0.40000000000000036,-0.3985056039850443
CA,2014-06-18,7.6,237.231,82.5,3.999,2.0589816945944195,-0.40000000000000036,-0.3985056039850443
CA,2014-06-19,7.6,237.231,82.5,3.999,2.0589816945944195,-0.40000000000000036,-0.3985056039850443
CA,2014-06-20,7.6,237.231,82.5,3.999,2.0589816945944195,-0.40000000000000036,-0.3985056039850443
CA,2014-06-21,7.6,237.231,82.5,3.999,2.0589816945944195,-0.40000000000000036,-0.3985056039850443
CA,2014-06-22,7.6,237.231,82.5,3.999,2.0589816945944195,-0.40000000000000036,-0.3985056039850443
CA,2014-06-23,7.6,237.231,82.5,4.011,2.0589816945944195,-0.40000000000000036,0.17482517482518833
CA,2014-06-24,7.6,237.231,82.5,4.011,2.0589816945944195,-0.40000000000000036,0.17482517482518833
CA,2014-06-25,7.6,237.231,82.5,4.011,2.0589816945944195,-0.40000000000000036,0.17482517482518833
CA,2014-06-26,7.6,237.231,82.5,4.011,2.0589816945944195,-0.40000000000000036,0.17482517482518833
CA,2014-06-27,7.6,237.231,82.5,4.011,2.0589816945944195,-0.40000000000000036,0.17482517482518833
CA,2014-06-28,7.6,237.231,82.5,4.011,2.0589816945944195,-0.40000000000000036,0.17482517482518833
CA,2014-06-29,7.6,237.231,82.5,4.011,2.0589816945944195,-0.40000000000000036,0.17482517482518833
CA,2014-06-30,7.6,237.231,82.5,4.036,2.0589816945944195,-0.20000000000000018,0.7237334664337292
CA,2014-07-01,7.5,237.498,81.8,4.036,1.9742378703305974,-0.2999999999999998,0.7237334664337292
CA,2014-07-02,7.5,237.498,81.8,4.036,1.9742378703305974,-0.2999999999999998,0.7237334664337292
CA,2014-07-03,7.5,237.498,81.8,4.036,1.9742378703305974,-0.2999999999999998,0.7237334664337292
CA,2014-07-04,7.5,237.498,81.8,4.036,1.9742378703305974,-0.2999999999999998,0.7237334664337292
CA,2014-07-05,7.5,237.498,81.8,4.036,1.9742378703305974,-0.2999999999999998,0.7237334664337292
CA,2014-07-06,7.5,237.498,81.8,4.036,1.9742378703305974,-0.2999999999999998,0.7237334664337292
CA,2014-07-07,7.5,237.498,81.8,4.037,1.9742378703305974,-0.2999999999999998,1.051314142678339
CA,2014-07-08,7.5,237.498,81.8,4.037,1.9742378703305974,-0.2999999999999998,1.051314142678339
CA,2014-07-09,7.5,237.498,81.8,4.037,1.9742378703305974,-0.2999999999999998,1.051314142678339
CA,2014-07-10,7.5,237.498,81.8,4.037,1.9742378703305974,-0.2999999999999998,1.051314142678339
CA,2014-07-11,7.5,237.498,81.8,4.037,1.9742378703305974,-0.2999999999999998,1.051314142678339
CA,2014-07-12,7.5,237.498,81.8,4.037,1.9742378703305974,-0.2999999999999998,1.051314142678339
CA,2014-07-13,7.5,237.498,81.8,4.037,1.9742378703305974,-0.2999999999999998,1.051314142678339
CA,2014-07-14,7.5,237.498,81.8,4.001,1.9742378703305974,-0.2999999999999998,0.05001250312579586
CA,2014-07-15,7.5,237.498,81.8,4.001,1.9742378703305974,-0.2999999999999998,0.05001250312579586
CA,2014-07-16,7.5,237.498,81.8,4.001,1.9742378703305974,-0.2999999999999998,0.05001250312579586
CA,2014-07-17,7.5,237.498,81.8,4.001,1.9742378703305974,-0.2999999999999998,0.05001250312579586
CA,2014-07-18,7.5,237.498,81.8,4.001,1.9742378703305974,-0.2999999999999998,0.05001250312579586
CA,2014-07-19,7.5,237.498,81.8,4.001,1.9742378703305974,-0.2999999999999998,0.05001250312579586
CA,2014-07-20,7.5,237.498,81.8,4.001,1.9742378703305974,-0.2999999999999998,0.05001250312579586
CA,2014-07-21,7.5,237.498,81.8,3.957,1.9742378703305974,-0.2999999999999998,-1.3462976813762184
CA,2014-07-22,7.5,237.498,81.8,3.957,1.9742378703305974,-0.2999999999999998,-1.3462976813762184
CA,2014-07-23,7.5,237.498,81.8,3.957,1.9742378703305974,-0.2999999999999998,-1.3462976813762184
CA,2014-07-24,7.5,237.498,81.8,3.957,1.9742378703305974,-0.2999999999999998,-1.3462976813762184
CA,2014-07-25,7.5,237.498,81.8,3.957,1.9742378703305974,-0.2999999999999998,-1.3462976813762184
CA,2014-07-26,7.5,237.498,81.8,3.957,1.9742378703305974,-0.2999999999999998,-1.3462976813762184
CA,2014-07-27,7.5,237.498,81.8,3.957,1.9742378703305974,-0.2999999999999998,-1.3462976813762184
CA,2014-07-28,7.5,237.498,81.8,3.922,1.9742378703305974,-0.2999999999999998,-2.8245787908820486
CA,2014-07-29,7.5,237.498,81.8,3.922,1.9742378703305974,-0.2999999999999998,-2.8245787908820486
CA,2014-07-30,7.5,237.498,81.8,3.922,1.9742378703305974,-0.20000000000000018,-2.8245787908820486
CA,2014-07-31,7.5,237.498,81.8,3.922,1.9742378703305974,-0.20000000000000018,-2.8245787908820486
CA,2014-08-01,7.4,237.46,82.5,3.922,1.7150983482969062,-0.2999999999999998,-2.8245787908820486
CA,2014-08-02,7.4,237.46,82.5,3.922,1.7150983482969062,-0.2999999999999998,-2.8245787908820486
CA,2014-08-03,7.4,237.46,82.5,3.922,1.7150983482969062,-0.2999999999999998,-2.8245787908820486
CA,2014-08-04,7.4,237.46,82.5,3.891,1.7150983482969062,-0.2999999999999998,-3.616546940797616
CA,2014-08-05,7.4,237.46,82.5,3.891,1.7150983482969062,-0.2999999999999998,-3.616546940797616
CA,2014-08-06,7.4,237.46,82.5,3.891,1.7150983482969062,-0.2999999999999998,-3.616546940797616
CA,2014-08-07,7.4,237.46,82.5,3.891,1.7150983482969062,-0.2999999999999998,-3.616546940797616
CA,2014-08-08,7.4,237.46,82.5,3.891,1.7150983482969062,-0.2999999999999998,-3.616546940797616
CA,2014-08-09,7.4,237.46,82.5,3.891,1.7150983482969062,-0.2999999999999998,-3.616546940797616
CA,2014-08-10,7.4,237.46,82.5,3.891,1.7150983482969062,-0.2999999999999998,-3.616546940797616
CA,2014-08-11,7.4,237.46,82.5,3.87,1.7150983482969062,-0.2999999999999998,-3.274181454636349
CA,2014-08-12,7.4,237.46,82.5,3.87,1.7150983482969062,-0.2999999999999998,-3.274181454636349
CA,2014-08-13,7.4,237.46,82.5,3.87,1.7150983482969062,-0.2999999999999998,-3.274181454636349
CA,2014-08-14,7.4,237.46,82.5,3.87,1.7150983482969062,-0.2999999999999998,-3.274181454636349
CA,2014-08-15,7.4,237.46,82.5,3.87,1.7150983482969062,-0.2999999999999998,-3.274181454636349
CA,2014-08-16,7.4,237.46,82.5,3.87,1.7150983482969062,-0.2999999999999998,-3.274181454636349
CA,2014-08-17,7.4,237.46,82.5,3.87,1.7150983482969062,-0.2999999999999998,-3.274181454636349
CA,2014-08-18,7.4,237.46,82.5,3.845,1.7150983482969062,-0.2999999999999998,-2.830427091230725
CA,2014-08-19,7.4,237.46,82.5,3.845,1.7150983482969062,-0.2999999999999998,-2.830427091230725
CA,2014-08-20,7.4,237.46,82.5,3.845,1.7150983482969062,-0.2999999999999998,-2.830427091230725
CA,2014-08-21,7.4,237.46,82.5,3.845,1.7150983482969062,-0.2999999999999998,-2.830427091230725
CA,2014-08-22,7.4,237.46,82.5,3.845,1.7150983482969062,-0.2999999999999998,-2.830427091230725
CA,2014-08-23,7.4,237.46,82.5,3.845,1.7150983482969062,-0.2999999999999998,-2.830427091230725
CA,2014-08-24,7.4,237.46,82.5,3.845,1.7150983482969062,-0.2999999999999998,-2.830427091230725
CA,2014-08-25,7.4,237.46,82.5,3.825,1.7150983482969062,-0.2999999999999998,-2.4732279449260597
CA,2014-08-26,7.4,237.46,82.5,3.825,1.7150983482969062,-0.2999999999999998,-2.4732279449260597
CA,2014-08-27,7.4,237.46,82.5,3.825,1.7150983482969062,-0.2999999999999998,-2.4732279449260597
CA,2014-08-28,7.4,237.46,82.5,3.825,1.7150983482969062,-0.2999999999999998,-2.4732279449260597
CA,2014-08-29,7.4,237.46,82.5,3.825,1.7150983482969062,-0.2999999999999998,-2.4732279449260597
CA,2014-08-30,7.4,237.46,82.5,3.825,1.7150983482969062,-0.1999999999999993,-2.4732279449260597
CA,2014-08-31,7.4,237.46,82.5,3.825,1.7150983482969062,-0.1999999999999993,-2.4732279449260597
CA,2014-09-01,7.3,237.477,84.6,3.797,1.6840509711232077,-0.2999999999999998,-2.4158314058082775
CA,2014-09-02,7.3,237.477,84.6,3.797,1.6840509711232077,-0.2999999999999998,-2.4158314058082775
CA,2014-09-03,7.3,237.477,84.6,3.797,1.6840509711232077,-0.2999999999999998,-2.4158314058082775
CA,2014-09-04,7.3,237.477,84.6,3.797,1.6840509711232077,-0.2999999999999998,-2.4158314058082775
CA,2014-09-05,7.3,237.477,84.6,3.797,1.6840509711232077,-0.2999999999999998,-2.4158314058082775
CA,2014-09-06,7.3,237.477,84.6,3.797,1.6840509711232077,-0.2999999999999998,-2.4158314058082775
CA,2014-09-07,7.3,237.477,84.6,3.797,1.6840509711232077,-0.2999999999999998,-2.4158314058082775
CA,2014-09-08,7.3,237.477,84.6,3.774,1.6840509711232077,-0.2999999999999998,-2.4806201550387597
CA,2014-09-09,7.3,237.477,84.6,3.774,1.6840509711232077,-0.2999999999999998,-2.4806201550387597
CA,2014-09-10,7.3,237.477,84.6,3.774,1.6840509711232077,-0.2999999999999998,-2.4806201550387597
CA,2014-09-11,7.3,237.477,84.6,3.774,1.6840509711232077,-0.2999999999999998,-2.4806201550387597
CA,2014-09-12,7.3,237.477,84.6,3.774,1.6840509711232077,-0.2999999999999998,-2.4806201550387597
CA,2014-09-13,7.3,237.477,84.6,3.774,1.6840509711232077,-0.2999999999999998,-2.4806201550387597
CA,2014-09-14,7.3,237.477,84.6,3.774,1.6840509711232077,-0.2999999999999998,-2.4806201550387597
CA,2014-09-15,7.3,237.477,84.6,3.741,1.6840509711232077,-0.2999999999999998,-2.7048114434330306
CA,2014-09-16,7.3,237.477,84.6,3.741,1.6840509711232077,-0.2999999999999998,-2.7048114434330306
CA,2014-09-17,7.3,237.477,84.6,3.741,1.6840509711232077,-0.2999999999999998,-2.7048114434330306
CA,2014-09-18,7.3,237.477,84.6,3.741,1.6840509711232077,-0.2999999999999998,-2.7048114434330306
CA,2014-09-19,7.3,237.477,84.6,3.741,1.6840509711232077,-0.2999999999999998,-2.7048114434330306
CA,2014-09-20,7.3,237.477,84.6,3.741,1.6840509711232077,-0.2999999999999998,-2.7048114434330306
CA,2014-09-21,7.3,237.477,84.6,3.741,1.6840509711232077,-0.2999999999999998,-2.7048114434330306
CA,2014-09-22,7.3,237.477,84.6,3.683,1.6840509711232077,-0.2999999999999998,-3.7124183006536082
CA,2014-09-23,7.3,237.477,84.6,3.683,1.6840509711232077,-0.2999999999999998,-3.7124183006536082
CA,2014-09-24,7.3,237.477,84.6,3.683,1.6840509711232077,-0.2999999999999998,-3.7124183006536082
CA,2014-09-25,7.3,237.477,84.6,3.683,1.6840509711232077,-0.2999999999999998,-3.7124183006536082
CA,2014-09-26,7.3,237.477,84.6,3.683,1.6840509711232077,-0.2999999999999998,-3.7124183006536082
CA,2014-09-27,7.3,237.477,84.6,3.683,1.6840509711232077,-0.2999999999999998,-3.7124183006536082
CA,2014-09-28,7.3,237.477,84.6,3.683,1.6840509711232077,-0.2999999999999998,-3.7124183006536082
CA,2014-09-29,7.3,237.477,84.6,3.645,1.6840509711232077,-0.20000000000000018,-4.003160389781413
CA,2014-09-30,7.3,237.477,84.6,3.645,1.6840509711232077,-0.20000000000000018,-4.003160389781413
CA,2014-10-01,7.2,237.43,86.9,3.645,1.6095417021513292,-0.2999999999999998,-4.003160389781413
CA,2014-10-02,7.2,237.43,86.9,3.645,1.6095417021513292,-0.2999999999999998,-4.003160389781413
CA,2014-10-03,7.2,237.43,86.9,3.645,1.6095417021513292,-0.2999999999999998,-4.003160389781413
CA,2014-10-04,7.2,237.43,86.9,3.645,1.6095417021513292,-0.2999999999999998,-4.003160389781413
CA,2014-10-05,7.2,237.43,86.9,3.645,1.6095417021513292,-0.2999999999999998,-4.003160389781413
CA,2014-10-06,7.2,237.43,86.9,3.61,1.6095417021513292,-0.2999999999999998,-4.345521992580825
CA,2014-10-07,7.2,237.43,86.9,3.61,1.6095417021513292,-0.2999999999999998,-4.345521992580825
CA,2014-10-08,7.2,237.43,86.9,3.61,1.6095417021513292,-0.2999999999999998,-4.345521992580825
CA,2014-10-09,7.2,237.43,86.9,3.61,1.6095417021513292,-0.2999999999999998,-4.345521992580825
CA,2014-10-10,7.2,237.43,86.9,3.61,1.6095417021513292,-0.2999999999999998,-4.345521992580825
CA,2014-10-11,7.2,237.43,86.9,3.61,1.6095417021513292,-0.2999999999999998,-4.345521992580825
CA,2014-10-12,7.2,237.43,86.9,3.61,1.6095417021513292,-0.2999999999999998,-4.345521992580825
CA,2014-10-13,7.2,237.43,86.9,3.536,1.6095417021513292,-0.2999999999999998,-5.479818230419675
CA,2014-10-14,7.2,237.43,86.9,3.536,1.6095417021513292,-0.2999999999999998,-5.479818230419675
CA,2014-10-15,7.2,237.43,86.9,3.536,1.6095417021513292,-0.2999999999999998,-5.479818230419675
CA,2014-10-16,7.2,237.43,86.9,3.536,1.6095417021513292,-0.2999999999999998,-5.479818230419675
CA,2014-10-17,7.2,237.43,86.9,3.536,1.6095417021513292,-0.2999999999999998,-5.479818230419675
CA,2014-10-18,7.2,237.43,86.9,3.536,1.6095417021513292,-0.2999999999999998,-5.479818230419675
CA,2014-10-19,7.2,237.43,86.9,3.536,1.6095417021513292,-0.2999999999999998,-5.479818230419675
CA,2014-10-20,7.2,237.43,86.9,3.424,1.6095417021513292,-0.2999999999999998,-7.032310616345372
CA,2014-10-21,7.2,237.43,86.9,3.424,1.6095417021513292,-0.2999999999999998,-7.032310616345372
CA,2014-10-22,7.2,237.43,86.9,3.424,1.6095417021513292,-0.2999999999999998,-7.032310616345372
CA,2014-10-23,7.2,237.43,86.9,3.424,1.6095417021513292,-0.2999999999999998,-7.032310616345372
CA,2014-10-24,7.2,237.43,86.9,3.424,1.6095417021513292,-0.2999999999999998,-7.032310616345372
CA,2014-10-25,7.2,237.43,86.9,3.424,1.6095417021513292,-0.2999999999999998,-7.032310616345372
CA,2014-10-26,7.2,237.43,86.9,3.424,1.6095417021513292,-0.2999999999999998,-7.032310616345372
CA,2014-10-27,7.2,237.43,86.9,3.324,1.6095417021513292,-0.2999999999999998,-8.806584362139924
CA,2014-10-28,7.2,237.43,86.9,3.324,1.6095417021513292,-0.2999999999999998,-8.806584362139924
CA,2014-10-29,7.2,237.43,86.9,3.324,1.6095417021513292,-0.2999999999999998,-8.806584362139924
CA,2014-10-30,7.2,237.43,86.9,3.324,1.6095417021513292,-0.20000000000000018,-8.806584362139924
CA,2014-10-31,7.2,237.43,86.9,3.324,1.6095417021513292,-0.20000000000000018,-8.806584362139924
CA,2014-11-01,7.1,236.983,88.8,3.324,1.231524989320798,-0.3000000000000007,-8.806584362139924
CA,2014-11-02,7.1,236.983,88.8,3.324,1.231524989320798,-0.3000000000000007,-8.806584362139924
CA,2014-11-03,7.1,236.983,88.8,3.237,1.231524989320798,-0.3000000000000007,-10.33240997229916
CA,2014-11-04,7.1,236.983,88.8,3.237,1.231524989320798,-0.3000000000000007,-10.33240997229916
CA,2014-11-05,7.1,236.983,88.8,3.237,1.231524989320798,-0.3000000000000007,-10.33240997229916
CA,2014-11-06,7.1,236.983,88.8,3.237,1.231524989320798,-0.3000000000000007,-10.33240997229916
CA,2014-11-07,7.1,236.983,88.8,3.237,1.231524989320798,-0.3000000000000007,-10.33240997229916
CA,2014-11-08,7.1,236.983,88.8,3.237,1.231524989320798,-0.3000000000000007,-10.33240997229916
CA,2014-11-09,7.1,236.983,88.8,3.237,1.231524989320798,-0.3000000000000007,-10.33240997229916
CA,2014-11-10,7.1,236.983,88.8,3.168,1.231524989320798,-0.3000000000000007,-10.407239819004522
CA,2014-11-11,7.1,236.983,88.8,3.168,1.231524989320798,-0.3000000000000007,-10.407239819004522
CA,2014-11-12,7.1,236.983,88.8,3.168,1.231524989320798,-0.3000000000000007,-10.407239819004522
CA,2014-11-13,7.1,236.983,88.8,3.168,1.231524989320798,-0.3000000000000007,-10.407239819004522
CA,2014-11-14,7.1,236.983,88.8,3.168,1.231524989320798,-0.3000000000000007,-10.407239819004522
CA,2014-11-15,7.1,236.983,88.8,3.168,1.231524989320798,-0.3000000000000007,-10.407239819004522
CA,2014-11-16,7.1,236.983,88.8,3.168,1.231524989320798,-0.3000000000000007,-10.407239819004522
CA,2014-11-17,7.1,236.983,88.8,3.114,1.231524989320798,-0.3000000000000007,-9.05373831775701
CA,2014-11-18,7.1,236.983,88.8,3.114,1.231524989320798,-0.3000000000000007,-9.05373831775701
CA,2014-11-19,7.1,236.983,88.8,3.114,1.231524989320798,-0.3000000000000007,-9.05373831775701
CA,2014-11-20,7.1,236.983,88.8,3.114,1.231524989320798,-0.3000000000000007,-9.05373831775701
CA,2014-11-21,7.1,236.983,88.8,3.114,1.231524989320798,-0.3000000000000007,-9.05373831775701
CA,2014-11-22,7.1,236.983,88.8,3.114,1.231524989320798,-0.3000000000000007,-9.05373831775701
CA,2014-11-23,7.1,236.983,88.8,3.114,1.231524989320798,-0.3000000000000007,-9.05373831775701
CA,2014-11-24,7.1,236.983,88.8,3.048,1.231524989320798,-0.3000000000000007,-8.30324909747292
CA,2014-11-25,7.1,236.983,88.8,3.048,1.231524989320798,-0.3000000000000007,-8.30324909747292
CA,2014-11-26,7.1,236.983,88.8,3.048,1.231524989320798,-0.3000000000000007,-8.30324909747292
CA,2014-11-27,7.1,236.983,88.8,3.048,1.231524989320798,-0.3000000000000007,-8.30324909747292
CA,2014-11-28,7.1,236.983,88.8,3.048,1.231524989320798,-0.3000000000000007,-8.30324909747292
CA,2014-11-29,7.1,236.983,88.8,3.048,1.231524989320798,-0.3000000000000007,-8.30324909747292
CA,2014-11-30,7.1,236.983,88.8,3.048,1.231524989320798,-0.20000000000000018,-8.30324909747292
CA,2014-12-01,6.9,236.252,93.6,3.016,0.6531213919623191,-0.39999999999999947,-6.827309236947798
CA,2014-12-02,6.9,236.252,93.6,3.016,0.6531213919623191,-0.39999999999999947,-6.827309236947798
CA,2014-12-03,6.9,236.252,93.6,3.016,0.6531213919623191,-0.39999999999999947,-6.827309236947798
CA,2014-12-04,6.9,236.252,93.6,3.016,0.6531213919623191,-0.39999999999999947,-6.827309236947798
CA,2014-12-05,6.9,236.252,93.6,3.016,0.6531213919623191,-0.39999999999999947,-6.827309236947798
CA,2014-12-06,6.9,236.252,93.6,3.016,0.6531213919623191,-0.39999999999999947,-6.827309236947798
CA,2014-12-07,6.9,236.252,93.6,3.016,0.6531213919623191,-0.39999999999999947,-6.827309236947798
CA,2014-12-08,6.9,236.252,93.6,2.94,0.6531213919623191,-0.39999999999999947,-7.196969696969702
CA,2014-12-09,6.9,236.252,93.6,2.94,0.6531213919623191,-0.39999999999999947,-7.196969696969702
CA,2014-12-10,6.9,236.252,93.6,2.94,0.6531213919623191,-0.39999999999999947,-7.196969696969702
CA,2014-12-11,6.9,236.252,93.6,2.94,0.6531213919623191,-0.39999999999999947,-7.196969696969702
CA,2014-12-12,6.9,236.252,93.6,2.94,0.6531213919623191,-0.39999999999999947,-7.196969696969702
CA,2014-12-13,6.9,236.252,93.6,2.94,0.6531213919623191,-0.39999999999999947,-7.196969696969702
CA,2014-12-14,6.9,236.252,93.6,2.94,0.6531213919623191,-0.39999999999999947,-7.196969696969702
CA,2014-12-15,6.9,236.252,93.6,2.833,0.6531213919623191,-0.39999999999999947,-9.023763648041093
CA,2014-12-16,6.9,236.252,93.6,2.833,0.6531213919623191,-0.39999999999999947,-9.023763648041093
CA,2014-12-17,6.9,236.252,93.6,2.833,0.6531213919623191,-0.39999999999999947,-9.023763648041093
CA,2014-12-18,6.9,236.252,93.6,2.833,0.6531213919623191,-0.39999999999999947,-9.023763648041093
CA,2014-12-19,6.9,236.252,93.6,2.833,0.6531213919623191,-0.39999999999999947,-9.023763648041093
CA,2014-12-20,6.9,236.252,93.6,2.833,0.6531213919623191,-0.39999999999999947,-9.023763648041093
CA,2014-12-21,6.9,236.252,93.6,2.833,0.6531213919623191,-0.39999999999999947,-9.023763648041093
CA,2014-12-22,6.9,236.252,93.6,2.699,0.6531213919623191,-0.39999999999999947,-11.450131233595807
CA,2014-12-23,6.9,236.252,93.6,2.699,0.6531213919623191,-0.39999999999999947,-11.450131233595807
CA,2014-12-24,6.9,236.252,93.6,2.699,0.6531213919623191,-0.39999999999999947,-11.450131233595807
CA,2014-12-25,6.9,236.252,93.6,2.699,0.6531213919623191,-0.39999999999999947,-11.450131233595807
CA,2014-12-26,6.9,236.252,93.6,2.699,0.6531213919623191,-0.39999999999999947,-11.450131233595807
CA,2014-12-27,6.9,236.252,93.6,2.699,0.6531213919623191,-0.39999999999999947,-11.450131233595807
CA,2014-12-28,6.9,236.252,93.6,2.699,0.6531213919623191,-0.39999999999999947,-11.450131233595807
CA,2014-12-29,6.9,236.252,93.6,2.617,0.6531213919623191,-0.39999999999999947,-13.22944297082228
CA,2014-12-30,6.9,236.252,93.6,2.617,0.6531213919623191,-0.2999999999999998,-13.22944297082228
CA,2014-12-31,6.9,236.252,93.6,2.617,0.6531213919623191,-0.2999999999999998,-13.22944297082228
CA,2015-01-01,6.8,234.747,98.1,2.617,-0.22993097820542818,-0.40000000000000036,-13.22944297082228
CA,2015-01-02,6.8,234.747,98.1,2.617,-0.22993097820542818,-0.40000000000000036,-13.22944297082228
CA,2015-01-03,6.8,234.747,98.1,2.617,-0.22993097820542818,-0.40000000000000036,-13.22944297082228
CA,2015-01-04,6.8,234.747,98.1,2.617,-0.22993097820542818,-0.40000000000000036,-13.22944297082228
CA,2015-01-05,6.8,234.747,98.1,2.582,-0.22993097820542818,-0.40000000000000036,-12.176870748299319
CA,2015-01-06,6.8,234.747,98.1,2.582,-0.22993097820542818,-0.40000000000000036,-12.176870748299319
CA,2015-01-07,6.8,234.747,98.1,2.582,-0.22993097820542818,-0.40000000000000036,-12.176870748299319
CA,2015-01-08,6.8,234.747,98.1,2.582,-0.22993097820542818,-0.40000000000000036,-12.176870748299319
CA,2015-01-09,6.8,234.747,98.1,2.582,-0.22993097820542818,-0.40000000000000036,-12.176870748299319
CA,2015-01-10,6.8,234.747,98.1,2.582,-0.22993097820542818,-0.40000000000000036,-12.176870748299319
CA,2015-01-11,6.8,234.747,98.1,2.582,-0.22993097820542818,-0.40000000000000036,-12.176870748299319
CA,2015-01-12,6.8,234.747,98.1,2.49,-0.22993097820542818,-0.40000000000000036,-12.107306741969637
CA,2015-01-13,6.8,234.747,98.1,2.49,-0.22993097820542818,-0.40000000000000036,-12.107306741969637
CA,2015-01-14,6.8,234.747,98.1,2.49,-0.22993097820542818,-0.40000000000000036,-12.107306741969637
CA,2015-01-15,6.8,234.747,98.1,2.49,-0.22993097820542818,-0.40000000000000036,-12.107306741969637
CA,2015-01-16,6.8,234.747,98.1,2.49,-0.22993097820542818,-0.40000000000000036,-12.107306741969637
CA,2015-01-17,6.8,234.747,98.1,2.49,-0.22993097820542818,-0.40000000000000036,-12.107306741969637
CA,2015-01-18,6.8,234.747,98.1,2.49,-0.22993097820542818,-0.40000000000000036,-12.107306741969637
CA,2015-01-19,6.8,234.747,98.1,2.382,-0.22993097820542818,-0.40000000000000036,-11.745090774360866
CA,2015-01-20,6.8,234.747,98.1,2.382,-0.22993097820542818,-0.40000000000000036,-11.745090774360866
CA,2015-01-21,6.8,234.747,98.1,2.382,-0.22993097820542818,-0.40000000000000036,-11.745090774360866
CA,2015-01-22,6.8,234.747,98.1,2.382,-0.22993097820542818,-0.40000000000000036,-11.745090774360866
CA,2015-01-23,6.8,234.747,98.1,2.382,-0.22993097820542818,-0.40000000000000036,-11.745090774360866
CA,2015-01-24,6.8,234.747,98.1,2.382,-0.22993097820542818,-0.40000000000000036,-11.745090774360866
CA,2015-01-25,6.8,234.747,98.1,2.382,-0.22993097820542818,-0.40000000000000036,-11.745090774360866
CA,2015-01-26,6.8,234.747,98.1,2.329,-0.22993097820542818,-0.40000000000000036,-11.004967520061125
CA,2015-01-27,6.8,234.747,98.1,2.329,-0.22993097820542818,-0.40000000000000036,-11.004967520061125
CA,2015-01-28,6.8,234.747,98.1,2.329,-0.22993097820542818,-0.40000000000000036,-11.004967520061125
CA,2015-01-29,6.8,234.747,98.1,2.329,-0.22993097820542818,-0.40000000000000036,-11.004967520061125
CA,2015-01-30,6.8,234.747,98.1,2.329,-0.22993097820542818,-0.2999999999999998,-11.004967520061125
CA,2015-01-31,6.8,234.747,98.1,2.329,-0.22993097820542818,-0.2999999999999998,-11.004967520061125
CA,2015-02-01,6.7,235.342,95.4,2.329,-0.08703146293520536,-0.39999999999999947,-11.004967520061125
CA,2015-02-02,6.7,235.342,95.4,2.328,-0.08703146293520536,-0.39999999999999947,-9.83733539891557
CA,2015-02-03,6.7,235.342,95.4,2.328,-0.08703146293520536,-0.39999999999999947,-9.83733539891557
CA,2015-02-04,6.7,235.342,95.4,2.328,-0.08703146293520536,-0.39999999999999947,-9.83733539891557
CA,2015-02-05,6.7,235.342,95.4,2.328,-0.08703146293520536,-0.39999999999999947,-9.83733539891557
CA,2015-02-06,6.7,235.342,95.4,2.328,-0.08703146293520536,-0.39999999999999947,-9.83733539891557
CA,2015-02-07,6.7,235.342,95.4,2.328,-0.08703146293520536,-0.39999999999999947,-9.83733539891557
CA,2015-02-08,6.7,235.342,95.4,2.328,-0.08703146293520536,-0.39999999999999947,-9.83733539891557
CA,2015-02-09,6.7,235.342,95.4,2.474,-0.08703146293520536,-0.39999999999999947,-0.6425702811244993
CA,2015-02-10,6.7,235.342,95.4,2.474,-0.08703146293520536,-0.39999999999999947,-0.6425702811244993
CA,2015-02-11,6.7,235.342,95.4,2.474,-0.08703146293520536,-0.39999999999999947,-0.6425702811244993
CA,2015-02-12,6.7,235.342,95.4,2.474,-0.08703146293520536,-0.39999999999999947,-0.6425702811244993
CA,2015-02-13,6.7,235.342,95.4,2.474,-0.08703146293520536,-0.39999999999999947,-0.6425702811244993
CA,2015-02-14,6.7,235.342,95.4,2.474,-0.08703146293520536,-0.39999999999999947,-0.6425702811244993
CA,2015-02-15,6.7,235.342,95.4,2.474,-0.08703146293520536,-0.39999999999999947,-0.6425702811244993
CA,2015-02-16,6.7,235.342,95.4,2.622,-0.08703146293520536,-0.39999999999999947,10.075566750629704
CA,2015-02-17,6.7,235.342,95.4,2.622,-0.08703146293520536,-0.39999999999999947,10.075566750629704
CA,2015-02-18,6.7,235.342,95.4,2.622,-0.08703146293520536,-0.39999999999999947,10.075566750629704
CA,2015-02-19,6.7,235.342,95.4,2.622,-0.08703146293520536,-0.39999999999999947,10.075566750629704
CA,2015-02-20,6.7,235.342,95.4,2.622,-0.08703146293520536,-0.39999999999999947,10.075566750629704
CA,2015-02-21,6.7,235.342,95.4,2.622,-0.08703146293520536,-0.39999999999999947,10.075566750629704
CA,2015-02-22,6.7,235.342,95.4,2.622,-0.08703146293520536,-0.39999999999999947,10.075566750629704
CA,2015-02-23,6.7,235.342,95.4,2.758,-0.08703146293520536,-0.39999999999999947,18.419922713610994
CA,2015-02-24,6.7,235.342,95.4,2.758,-0.08703146293520536,-0.39999999999999947,18.419922713610994
CA,2015-02-25,6.7,235.342,95.4,2.758,-0.08703146293520536,-0.39999999999999947,18.419922713610994
CA,2015-02-26,6.7,235.342,95.4,2.758,-0.08703146293520536,-0.39999999999999947,18.419922713610994
CA,2015-02-27,6.7,235.342,95.4,2.758,-0.08703146293520536,-0.39999999999999947,18.419922713610994
CA,2015-02-28,6.7,235.342,95.4,2.758,-0.08703146293520536,-0.39999999999999947,18.419922713610994
CA,2015-03-01,6.6,235.976,93.0,2.758,-0.022031284423873476,-0.3000000000000007,18.419922713610994
CA,2015-03-02,6.6,235.976,93.0,3.13,-0.022031284423873476,-0.3000000000000007,34.45017182130585
CA,2015-03-03,6.6,235.976,93.0,3.13,-0.022031284423873476,-0.3000000000000007,34.45017182130585
CA,2015-03-04,6.6,235.976,93.0,3.13,-0.022031284423873476,-0.3000000000000007,34.45017182130585
CA,2015-03-05,6.6,235.976,93.0,3.13,-0.022031284423873476,-0.3000000000000007,34.45017182130585
CA,2015-03-06,6.6,235.976,93.0,3.13,-0.022031284423873476,-0.3000000000000007,34.45017182130585
CA,2015-03-07,6.6,235.976,93.0,3.13,-0.022031284423873476,-0.3000000000000007,34.45017182130585
CA,2015-03-08,6.6,235.976,93.0,3.13,-0.022031284423873476,-0.3000000000000007,34.45017182130585
CA,2015-03-09,6.6,235.976,93.0,3.182,-0.022031284423873476,-0.3000000000000007,28.617623282134176
CA,2015-03-10,6.6,235.976,93.0,3.182,-0.022031284423873476,-0.3000000000000007,28.617623282134176
CA,2015-03-11,6.6,235.976,93.0,3.182,-0.022031284423873476,-0.3000000000000007,28.617623282134176
CA,2015-03-12,6.6,235.976,93.0,3.182,-0.022031284423873476,-0.3000000000000007,28.617623282134176
CA,2015-03-13,6.6,235.976,93.0,3.182,-0.022031284423873476,-0.3000000000000007,28.617623282134176
CA,2015-03-14,6.6,235.976,93.0,3.182,-0.022031284423873476,-0.3000000000000007,28.617623282134176
CA,2015-03-15,6.6,235.976,93.0,3.182,-0.022031284423873476,-0.3000000000000007,28.617623282134176
CA,2015-03-16,6.6,235.976,93.0,3.116,-0.022031284423873476,-0.3000000000000007,18.840579710144944
CA,2015-03-17,6.6,235.976,93.0,3.116,-0.022031284423873476,-0.3000000000000007,18.840579710144944
CA,2015-03-18,6.6,235.976,93.0,3.116,-0.022031284423873476,-0.3000000000000007,18.840579710144944
CA,2015-03-19,6.6,235.976,93.0,3.116,-0.022031284423873476,-0.3000000000000007,18.840579710144944
CA,2015-03-20,6.6,235.976,93.0,3.116,-0.022031284423873476,-0.3000000000000007,18.840579710144944
CA,2015-03-21,6.6,235.976,93.0,3.116,-0.022031284423873476,-0.3000000000000007,18.840579710144944
CA,2015-03-22,6.6,235.976,93.0,3.116,-0.022031284423873476,-0.3000000000000007,18.840579710144944
CA,2015-03-23,6.6,235.976,93.0,3.047,-0.022031284423873476,-0.3000000000000007,10.478607686729525
CA,2015-03-24,6.6,235.976,93.0,3.047,-0.022031284423873476,-0.3000000000000007,10.478607686729525
CA,2015-03-25,6.6,235.976,93.0,3.047,-0.022031284423873476,-0.3000000000000007,10.478607686729525
CA,2015-03-26,6.6,235.976,93.0,3.047,-0.022031284423873476,-0.3000000000000007,10.478607686729525
CA,2015-03-27,6.6,235.976,93.0,3.047,-0.022031284423873476,-0.3000000000000007,10.478607686729525
CA,2015-03-28,6.6,235.976,93.0,3.047,-0.022031284423873476,-0.3000000000000007,10.478607686729525
CA,2015-03-29,6.6,235.976,93.0,3.047,-0.022031284423873476,-0.3000000000000007,10.478607686729525
CA,2015-03-30,6.6,235.976,93.0,3.0,-0.022031284423873476,-0.3000000000000007,-4.153354632587858
CA,2015-03-31,6.6,235.976,93.0,3.0,-0.022031284423873476,-0.3000000000000007,-4.153354632587858
CA,2015-04-01,6.5,236.222,95.9,3.0,-0.10403098939391064,-0.2999999999999998,-4.153354632587858
CA,2015-04-02,6.5,236.222,95.9,3.0,-0.10403098939391064,-0.2999999999999998,-4.153354632587858
CA,2015-04-03,6.5,236.222,95.9,3.0,-0.10403098939391064,-0.2999999999999998,-4.153354632587858
CA,2015-04-04,6.5,236.222,95.9,3.0,-0.10403098939391064,-0.2999999999999998,-4.153354632587858
CA,2015-04-05,6.5,236.222,95.9,3.0,-0.10403098939391064,-0.2999999999999998,-4.153354632587858
CA,2015-04-06,6.5,236.222,95.9,2.954,-0.10403098939391064,-0.2999999999999998,-7.165304839723441
CA,2015-04-07,6.5,236.222,95.9,2.954,-0.10403098939391064,-0.2999999999999998,-7.165304839723441
CA,2015-04-08,6.5,236.222,95.9,2.954,-0.10403098939391064,-0.2999999999999998,-7.165304839723441
CA,2015-04-09,6.5,236.222,95.9,2.954,-0.10403098939391064,-0.2999999999999998,-7.165304839723441
CA,2015-04-10,6.5,236.222,95.9,2.954,-0.10403098939391064,-0.2999999999999998,-7.165304839723441
CA,2015-04-11,6.5,236.222,95.9,2.954,-0.10403098939391064,-0.2999999999999998,-7.165304839723441
CA,2015-04-12,6.5,236.222,95.9,2.954,-0.10403098939391064,-0.2999999999999998,-7.165304839723441
CA,2015-04-13,6.5,236.222,95.9,2.922,-0.10403098939391064,-0.2999999999999998,-6.225930680359437
CA,2015-04-14,6.5,236.222,95.9,2.922,-0.10403098939391064,-0.2999999999999998,-6.225930680359437
CA,2015-04-15,6.5,236.222,95.9,2.922,-0.10403098939391064,-0.2999999999999998,-6.225930680359437
CA,2015-04-16,6.5,236.222,95.9,2.922,-0.10403098939391064,-0.2999999999999998,-6.225930680359437
CA,2015-04-17,6.5,236.222,95.9,2.922,-0.10403098939391064,-0.2999999999999998,-6.225930680359437
CA,2015-04-18,6.5,236.222,95.9,2.922,-0.10403098939391064,-0.2999999999999998,-6.225930680359437
CA,2015-04-19,6.5,236.222,95.9,2.922,-0.10403098939391064,-0.2999999999999998,-6.225930680359437
CA,2015-04-20,6.5,236.222,95.9,2.968,-0.10403098939391064,-0.2999999999999998,-2.592714145060726
CA,2015-04-21,6.5,236.222,95.9,2.968,-0.10403098939391064,-0.2999999999999998,-2.592714145060726
CA,2015-04-22,6.5,236.222,95.9,2.968,-0.10403098939391064,-0.2999999999999998,-2.592714145060726
CA,2015-04-23,6.5,236.222,95.9,2.968,-0.10403098939391064,-0.2999999999999998,-2.592714145060726
CA,2015-04-24,6.5,236.222,95.9,2.968,-0.10403098939391064,-0.2999999999999998,-2.592714145060726
CA,2015-04-25,6.5,236.222,95.9,2.968,-0.10403098939391064,-0.2999999999999998,-2.592714145060726
CA,2015-04-26,6.5,236.222,95.9,2.968,-0.10403098939391064,-0.2999999999999998,-2.592714145060726
CA,2015-04-27,6.5,236.222,95.9,3.182,-0.10403098939391064,-0.2999999999999998,6.066666666666665
CA,2015-04-28,6.5,236.222,95.9,3.182,-0.10403098939391064,-0.2999999999999998,6.066666666666665
CA,2015-04-29,6.5,236.222,95.9,3.182,-0.10403098939391064,-0.2999999999999998,6.066666666666665
CA,2015-04-30,6.5,236.222,95.9,3.182,-0.10403098939391064,-0.2999999999999998,6.066666666666665
CA,2015-05-01,6.4,237.001,90.7,3.182,0.03503321824429584,-0.39999999999999947,6.066666666666665
CA,2015-05-02,6.4,237.001,90.7,3.182,0.03503321824429584,-0.2999999999999998,6.066666666666665
CA,2015-05-03,6.4,237.001,90.7,3.182,0.03503321824429584,-0.2999999999999998,6.066666666666665
CA,2015-05-04,6.4,237.001,90.7,3.416,0.03503321824429584,-0.2999999999999998,15.63981042654028
CA,2015-05-05,6.4,237.001,90.7,3.416,0.03503321824429584,-0.2999999999999998,15.63981042654028
CA,2015-05-06,6.4,237.001,90.7,3.416,0.03503321824429584,-0.2999999999999998,15.63981042654028
CA,2015-05-07,6.4,237.001,90.7,3.416,0.03503321824429584,-0.2999999999999998,15.63981042654028
CA,2015-05-08,6.4,237.001,90.7,3.416,0.03503321824429584,-0.2999999999999998,15.63981042654028
CA,2015-05-09,6.4,237.001,90.7,3.416,0.03503321824429584,-0.2999999999999998,15.63981042654028
CA,2015-05-10,6.4,237.001,90.7,3.416,0.03503321824429584,-0.2999999999999998,15.63981042654028
CA,2015-05-11,6.4,237.001,90.7,3.444,0.03503321824429584,-0.2999999999999998,17.86447638603694
CA,2015-05-12,6.4,237.001,90.7,3.444,0.03503321824429584,-0.2999999999999998,17.86447638603694
CA,2015-05-13,6.4,237.001,90.7,3.444,0.03503321824429584,-0.2999999999999998,17.86447638603694
CA,2015-05-14,6.4,237.001,90.7,3.444,0.03503321824429584,-0.2999999999999998,17.86447638603694
CA,2015-05-15,6.4,237.001,90.7,3.444,0.03503321824429584,-0.2999999999999998,17.86447638603694
CA,2015-05-16,6.4,237.001,90.7,3.444,0.03503321824429584,-0.2999999999999998,17.86447638603694
CA,2015-05-17,6.4,237.001,90.7,3.444,0.03503321824429584,-0.2999999999999998,17.86447638603694
CA,2015-05-18,6.4,237.001,90.7,3.513,0.03503321824429584,-0.2999999999999998,18.36253369272236
CA,2015-05-19,6.4,237.001,90.7,3.513,0.03503321824429584,-0.2999999999999998,18.36253369272236
CA,2015-05-20,6.4,237.001,90.7,3.513,0.03503321824429584,-0.2999999999999998,18.36253369272236
CA,2015-05-21,6.4,237.001,90.7,3.513,0.03503321824429584,-0.2999999999999998,18.36253369272236
CA,2015-05-22,6.4,237.001,90.7,3.513,0.03503321824429584,-0.2999999999999998,18.36253369272236
CA,2015-05-23,6.4,237.001,90.7,3.513,0.03503321824429584,-0.2999999999999998,18.36253369272236
CA,2015-05-24,6.4,237.001,90.7,3.513,0.03503321824429584,-0.2999999999999998,18.36253369272236
CA,2015-05-25,6.4,237.001,90.7,3.487,0.03503321824429584,-0.2999999999999998,9.585166561910752
CA,2015-05-26,6.4,237.001,90.7,3.487,0.03503321824429584,-0.2999999999999998,9.585166561910752
CA,2015-05-27,6.4,237.001,90.7,3.487,0.03503321824429584,-0.2999999999999998,9.585166561910752
CA,2015-05-28,6.4,237.001,90.7,3.487,0.03503321824429584,-0.2999999999999998,9.585166561910752
CA,2015-05-29,6.4,237.001,90.7,3.487,0.03503321824429584,-0.2999999999999998,9.585166561910752
CA,2015-05-30,6.4,237.001,90.7,3.487,0.03503321824429584,-0.1999999999999993,9.585166561910752
CA,2015-05-31,6.4,237.001,90.7,3.487,0.03503321824429584,-0.1999999999999993,9.585166561910752
CA,2015-06-01,6.3,237.657,96.1,3.444,0.1795718097550525,-0.2999999999999998,0.8196721311475308
CA,2015-06-02,6.3,237.657,96.1,3.444,0.1795718097550525,-0.2999999999999998,0.8196721311475308
CA,2015-06-03,6.3,237.657,96.1,3.444,0.1795718097550525,-0.2999999999999998,0.8196721311475308
CA,2015-06-04,6.3,237.657,96.1,3.444,0.1795718097550525,-0.2999999999999998,0.8196721311475308
CA,2015-06-05,6.3,237.657,96.1,3.444,0.1795718097550525,-0.2999999999999998,0.8196721311475308
CA,2015-06-06,6.3,237.657,96.1,3.444,0.1795718097550525,-0.2999999999999998,0.8196721311475308
CA,2015-06-07,6.3,237.657,96.1,3.444,0.1795718097550525,-0.2999999999999998,0.8196721311475308
CA,2015-06-08,6.3,237.657,96.1,3.377,0.1795718097550525,-0.2999999999999998,-1.9454123112659705
CA,2015-06-09,6.3,237.657,96.1,3.377,0.1795718097550525,-0.2999999999999998,-1.9454123112659705
CA,2015-06-10,6.3,237.657,96.1,3.377,0.1795718097550525,-0.2999999999999998,-1.9454123112659705
CA,2015-06-11,6.3,237.657,96.1,3.377,0.1795718097550525,-0.2999999999999998,-1.9454123112659705
CA,2015-06-12,6.3,237.657,96.1,3.377,0.1795718097550525,-0.2999999999999998,-1.9454123112659705
CA,2015-06-13,6.3,237.657,96.1,3.377,0.1795718097550525,-0.2999999999999998,-1.9454123112659705
CA,2015-06-14,6.3,237.657,96.1,3.377,0.1795718097550525,-0.2999999999999998,-1.9454123112659705
CA,2015-06-15,6.3,237.657,96.1,3.334,0.1795718097550525,-0.2999999999999998,-5.095360091090228
CA,2015-06-16,6.3,237.657,96.1,3.334,0.1795718097550525,-0.2999999999999998,-5.095360091090228
CA,2015-06-17,6.3,237.657,96.1,3.334,0.1795718097550525,-0.2999999999999998,-5.095360091090228
CA,2015-06-18,6.3,237.657,96.1,3.334,0.1795718097550525,-0.2999999999999998,-5.095360091090228
CA,2015-06-19,6.3,237.657,96.1,3.334,0.1795718097550525,-0.2999999999999998,-5.095360091090228
CA,2015-06-20,6.3,237.657,96.1,3.334,0.1795718097550525,-0.2999999999999998,-5.095360091090228
CA,2015-06-21,6.3,237.657,96.1,3.334,0.1795718097550525,-0.2999999999999998,-5.095360091090228
CA,2015-06-22,6.3,237.657,96.1,3.329,0.1795718097550525,-0.2999999999999998,-4.531115572125033
CA,2015-06-23,6.3,237.657,96.1,3.329,0.1795718097550525,-0.2999999999999998,-4.531115572125033
CA,2015-06-24,6.3,237.657,96.1,3.329,0.1795718097550525,-0.2999999999999998,-4.531115572125033
CA,2015-06-25,6.3,237.657,96.1,3.329,0.1795718097550525,-0.2999999999999998,-4.531115572125033
CA,2015-06-26,6.3,237.657,96.1,3.329,0.1795718097550525,-0.2999999999999998,-4.531115572125033
CA,2015-06-27,6.3,237.657,96.1,3.329,0.1795718097550525,-0.2999999999999998,-4.531115572125033
CA,2015-06-28,6.3,237.657,96.1,3.329,0.1795718097550525,-0.2999999999999998,-4.531115572125033
CA,2015-06-29,6.3,237.657,96.1,3.309,0.1795718097550525,-0.2999999999999998,-3.919860627177696
CA,2015-06-30,6.3,237.657,96.1,3.309,0.1795718097550525,-0.20000000000000018,-3.919860627177696
CA,2015-07-01,6.1,238.034,93.1,3.309,0.22568611104094582,-0.40000000000000036,-3.919860627177696
CA,2015-07-02,6.1,238.034,93.1,3.309,0.22568611104094582,-0.40000000000000036,-3.919860627177696
CA,2015-07-03,6.1,238.034,93.1,3.309,0.22568611104094582,-0.40000000000000036,-3.919860627177696
CA,2015-07-04,6.1,238.034,93.1,3.309,0.22568611104094582,-0.40000000000000036,-3.919860627177696
CA,2015-07-05,6.1,238.034,93.1,3.309,0.22568611104094582,-0.40000000000000036,-3.919860627177696
CA,2015-07-06,6.1,238.034,93.1,3.297,0.22568611104094582,-0.40000000000000036,-2.368966538347639
CA,2015-07-07,6.1,238.034,93.1,3.297,0.22568611104094582,-0.40000000000000036,-2.368966538347639
CA,2015-07-08,6.1,238.034,93.1,3.297,0.22568611104094582,-0.40000000000000036,-2.368966538347639
CA,2015-07-09,6.1,238.034,93.1,3.297,0.22568611104094582,-0.40000000000000036,-2.368966538347639
CA,2015-07-10,6.1,238.034,93.1,3.297,0.22568611104094582,-0.40000000000000036,-2.368966538347639
CA,2015-07-11,6.1,238.034,93.1,3.297,0.22568611104094582,-0.40000000000000036,-2.368966538347639
CA,2015-07-12,6.1,238.034,93.1,3.297,0.22568611104094582,-0.40000000000000036,-2.368966538347639
CA,2015-07-13,6.1,238.034,93.1,3.589,0.22568611104094582,-0.40000000000000036,7.648470305938804
CA,2015-07-14,6.1,238.034,93.1,3.589,0.22568611104094582,-0.40000000000000036,7.648470305938804
CA,2015-07-15,6.1,238.034,93.1,3.589,0.22568611104094582,-0.40000000000000036,7.648470305938804
CA,2015-07-16,6.1,238.034,93.1,3.589,0.22568611104094582,-0.40000000000000036,7.648470305938804
CA,2015-07-17,6.1,238.034,93.1,3.589,0.22568611104094582,-0.40000000000000036,7.648470305938804
CA,2015-07-18,6.1,238.034,93.1,3.589,0.22568611104094582,-0.40000000000000036,7.648470305938804
CA,2015-07-19,6.1,238.034,93.1,3.589,0.22568611104094582,-0.40000000000000036,7.648470305938804
CA,2015-07-20,6.1,238.034,93.1,3.604,0.22568611104094582,-0.40000000000000036,8.260738960648851
CA,2015-07-21,6.1,238.034,93.1,3.604,0.22568611104094582,-0.40000000000000036,8.260738960648851
CA,2015-07-22,6.1,238.034,93.1,3.604,0.22568611104094582,-0.40000000000000036,8.260738960648851
CA,2015-07-23,6.1,238.034,93.1,3.604,0.22568611104094582,-0.40000000000000036,8.260738960648851
CA,2015-07-24,6.1,238.034,93.1,3.604,0.22568611104094582,-0.40000000000000036,8.260738960648851
CA,2015-07-25,6.1,238.034,93.1,3.604,0.22568611104094582,-0.40000000000000036,8.260738960648851
CA,2015-07-26,6.1,238.034,93.1,3.604,0.22568611104094582,-0.40000000000000036,8.260738960648851
CA,2015-07-27,6.1,238.034,93.1,3.545,0.22568611104094582,-0.40000000000000036,7.132064067694155
CA,2015-07-28,6.1,238.034,93.1,3.545,0.22568611104094582,-0.40000000000000036,7.132064067694155
CA,2015-07-29,6.1,238.034,93.1,3.545,0.22568611104094582,-0.40000000000000036,7.132064067694155
CA,2015-07-30,6.1,238.034,93.1,3.545,0.22568611104094582,-0.3000000000000007,7.132064067694155
CA,2015-07-31,6.1,238.034,93.1,3.545,0.22568611104094582,-0.3000000000000007,7.132064067694155
CA,2015-08-01,6.0,238.033,91.9,3.545,0.2413037985344868,-0.40000000000000036,7.132064067694155
CA,2015-08-02,6.0,238.033,91.9,3.545,0.2413037985344868,-0.40000000000000036,7.132064067694155
CA,2015-08-03,6.0,238.033,91.9,3.48,0.2413037985344868,-0.40000000000000036,5.55050045495904
CA,2015-08-04,6.0,238.033,91.9,3.48,0.2413037985344868,-0.40000000000000036,5.55050045495904
CA,2015-08-05,6.0,238.033,91.9,3.48,0.2413037985344868,-0.40000000000000036,5.55050045495904
CA,2015-08-06,6.0,238.033,91.9,3.48,0.2413037985344868,-0.40000000000000036,5.55050045495904
CA,2015-08-07,6.0,238.033,91.9,3.48,0.2413037985344868,-0.40000000000000036,5.55050045495904
CA,2015-08-08,6.0,238.033,91.9,3.48,0.2413037985344868,-0.40000000000000036,5.55050045495904
CA,2015-08-09,6.0,238.033,91.9,3.48,0.2413037985344868,-0.40000000000000036,5.55050045495904
CA,2015-08-10,6.0,238.033,91.9,3.361,0.2413037985344868,-0.40000000000000036,-6.352744497074392
CA,2015-08-11,6.0,238.033,91.9,3.361,0.2413037985344868,-0.40000000000000036,-6.352744497074392
CA,2015-08-12,6.0,238.033,91.9,3.361,0.2413037985344868,-0.40000000000000036,-6.352744497074392
CA,2015-08-13,6.0,238.033,91.9,3.361,0.2413037985344868,-0.40000000000000036,-6.352744497074392
CA,2015-08-14,6.0,238.033,91.9,3.361,0.2413037985344868,-0.40000000000000036,-6.352744497074392
CA,2015-08-15,6.0,238.033,91.9,3.361,0.2413037985344868,-0.40000000000000036,-6.352744497074392
CA,2015-08-16,6.0,238.033,91.9,3.361,0.2413037985344868,-0.40000000000000036,-6.352744497074392
CA,2015-08-17,6.0,238.033,91.9,3.363,0.2413037985344868,-0.40000000000000036,-6.6870144284128745
CA,2015-08-18,6.0,238.033,91.9,3.363,0.2413037985344868,-0.40000000000000036,-6.6870144284128745
CA,2015-08-19,6.0,238.033,91.9,3.363,0.2413037985344868,-0.40000000000000036,-6.6870144284128745
CA,2015-08-20,6.0,238.033,91.9,3.363,0.2413037985344868,-0.40000000000000036,-6.6870144284128745
CA,2015-08-21,6.0,238.033,91.9,3.363,0.2413037985344868,-0.40000000000000036,-6.6870144284128745
CA,2015-08-22,6.0,238.033,91.9,3.363,0.2413037985344868,-0.40000000000000036,-6.6870144284128745
CA,2015-08-23,6.0,238.033,91.9,3.363,0.2413037985344868,-0.40000000000000036,-6.6870144284128745
CA,2015-08-24,6.0,238.033,91.9,3.283,0.2413037985344868,-0.40000000000000036,-7.390691114245418
CA,2015-08-25,6.0,238.033,91.9,3.283,0.2413037985344868,-0.40000000000000036,-7.390691114245418
CA,2015-08-26,6.0,238.033,91.9,3.283,0.2413037985344868,-0.40000000000000036,-7.390691114245418
CA,2015-08-27,6.0,238.033,91.9,3.283,0.2413037985344868,-0.40000000000000036,-7.390691114245418
CA,2015-08-28,6.0,238.033,91.9,3.283,0.2413037985344868,-0.40000000000000036,-7.390691114245418
CA,2015-08-29,6.0,238.033,91.9,3.283,0.2413037985344868,-0.40000000000000036,-7.390691114245418
CA,2015-08-30,6.0,238.033,91.9,3.283,0.2413037985344868,-0.2999999999999998,-7.390691114245418
CA,2015-08-31,6.0,238.033,91.9,3.162,0.2413037985344868,-0.2999999999999998,-9.13793103448276
CA,2015-09-01,5.9,237.498,87.2,3.162,0.008842961634170088,-0.39999999999999947,-9.13793103448276
CA,2015-09-02,5.9,237.498,87.2,3.162,0.008842961634170088,-0.39999999999999947,-9.13793103448276
CA,2015-09-03,5.9,237.498,87.2,3.162,0.008842961634170088,-0.39999999999999947,-9.13793103448276
CA,2015-09-04,5.9,237.498,87.2,3.162,0.008842961634170088,-0.39999999999999947,-9.13793103448276
CA,2015-09-05,5.9,237.498,87.2,3.162,0.008842961634170088,-0.39999999999999947,-9.13793103448276
CA,2015-09-06,5.9,237.498,87.2,3.162,0.008842961634170088,-0.39999999999999947,-9.13793103448276
CA,2015-09-07,5.9,237.498,87.2,3.091,0.008842961634170088,-0.39999999999999947,-8.033323415650106
CA,2015-09-08,5.9,237.498,87.2,3.091,0.008842961634170088,-0.39999999999999947,-8.033323415650106
CA,2015-09-09,5.9,237.498,87.2,3.091,0.008842961634170088,-0.39999999999999947,-8.033323415650106
CA,2015-09-10,5.9,237.498,87.2,3.091,0.008842961634170088,-0.39999999999999947,-8.033323415650106
CA,2015-09-11,5.9,237.498,87.2,3.091,0.008842961634170088,-0.39999999999999947,-8.033323415650106
CA,2015-09-12,5.9,237.498,87.2,3.091,0.008842961634170088,-0.39999999999999947,-8.033323415650106
CA,2015-09-13,5.9,237.498,87.2,3.091,0.008842961634170088,-0.39999999999999947,-8.033323415650106
CA,2015-09-14,5.9,237.498,87.2,2.992,0.008842961634170088,-0.39999999999999947,-11.031816830211117
CA,2015-09-15,5.9,237.498,87.2,2.992,0.008842961634170088,-0.39999999999999947,-11.031816830211117
CA,2015-09-16,5.9,237.498,87.2,2.992,0.008842961634170088,-0.39999999999999947,-11.031816830211117
CA,2015-09-17,5.9,237.498,87.2,2.992,0.008842961634170088,-0.39999999999999947,-11.031816830211117
CA,2015-09-18,5.9,237.498,87.2,2.992,0.008842961634170088,-0.39999999999999947,-11.031816830211117
CA,2015-09-19,5.9,237.498,87.2,2.992,0.008842961634170088,-0.39999999999999947,-11.031816830211117
CA,2015-09-20,5.9,237.498,87.2,2.992,0.008842961634170088,-0.39999999999999947,-11.031816830211117
CA,2015-09-21,5.9,237.498,87.2,2.911,0.008842961634170088,-0.39999999999999947,-11.33109960402071
CA,2015-09-22,5.9,237.498,87.2,2.911,0.008842961634170088,-0.39999999999999947,-11.33109960402071
CA,2015-09-23,5.9,237.498,87.2,2.911,0.008842961634170088,-0.39999999999999947,-11.33109960402071
CA,2015-09-24,5.9,237.498,87.2,2.911,0.008842961634170088,-0.39999999999999947,-11.33109960402071
CA,2015-09-25,5.9,237.498,87.2,2.911,0.008842961634170088,-0.39999999999999947,-11.33109960402071
CA,2015-09-26,5.9,237.498,87.2,2.911,0.008842961634170088,-0.39999999999999947,-11.33109960402071
CA,2015-09-27,5.9,237.498,87.2,2.911,0.008842961634170088,-0.39999999999999947,-11.33109960402071
CA,2015-09-28,5.9,237.498,87.2,2.836,0.008842961634170088,-0.39999999999999947,-10.30993042378242
CA,2015-09-29,5.9,237.498,87.2,2.836,0.008842961634170088,-0.1999999999999993,-10.30993042378242
CA,2015-09-30,5.9,237.498,87.2,2.836,0.008842961634170088,-0.1999999999999993,-10.30993042378242
CA,2015-10-01,5.8,237.733,90.0,2.836,0.12761656067050708,-0.2999999999999998,-10.30993042378242
CA,2015-10-02,5.8,237.733,90.0,2.836,0.12761656067050708,-0.2999999999999998,-10.30993042378242
CA,2015-10-03,5.8,237.733,90.0,2.836,0.12761656067050708,-0.2999999999999998,-10.30993042378242
CA,2015-10-04,5.8,237.733,90.0,2.836,0.12761656067050708,-0.2999999999999998,-10.30993042378242
CA,2015-10-05,5.8,237.733,90.0,2.785,0.12761656067050708,-0.2999999999999998,-9.899708832093179
CA,2015-10-06,5.8,237.733,90.0,2.785,0.12761656067050708,-0.2999999999999998,-9.899708832093179
CA,2015-10-07,5.8,237.733,90.0,2.785,0.12761656067050708,-0.2999999999999998,-9.899708832093179
CA,2015-10-08,5.8,237.733,90.0,2.785,0.12761656067050708,-0.2999999999999998,-9.899708832093179
CA,2015-10-09,5.8,237.733,90.0,2.785,0.12761656067050708,-0.2999999999999998,-9.899708832093179
CA,2015-10-10,5.8,237.733,90.0,2.785,0.12761656067050708,-0.2999999999999998,-9.899708832093179
CA,2015-10-11,5.8,237.733,90.0,2.785,0.12761656067050708,-0.2999999999999998,-9.899708832093179
CA,2015-10-12,5.8,237.733,90.0,2.748,0.12761656067050708,-0.2999999999999998,-8.155080213903732
CA,2015-10-13,5.8,237.733,90.0,2.748,0.12761656067050708,-0.2999999999999998,-8.155080213903732
CA,2015-10-14,5.8,237.733,90.0,2.748,0.12761656067050708,-0.2999999999999998,-8.155080213903732
CA,2015-10-15,5.8,237.733,90.0,2.748,0.12761656067050708,-0.2999999999999998,-8.155080213903732
CA,2015-10-16,5.8,237.733,90.0,2.748,0.12761656067050708,-0.2999999999999998,-8.155080213903732
CA,2015-10-17,5.8,237.733,90.0,2.748,0.12761656067050708,-0.2999999999999998,-8.155080213903732
CA,2015-10-18,5.8,237.733,90.0,2.748,0.12761656067050708,-0.2999999999999998,-8.155080213903732
CA,2015-10-19,5.8,237.733,90.0,2.699,0.12761656067050708,-0.2999999999999998,-7.282720714531099
CA,2015-10-20,5.8,237.733,90.0,2.699,0.12761656067050708,-0.2999999999999998,-7.282720714531099
CA,2015-10-21,5.8,237.733,90.0,2.699,0.12761656067050708,-0.2999999999999998,-7.282720714531099
CA,2015-10-22,5.8,237.733,90.0,2.699,0.12761656067050708,-0.2999999999999998,-7.282720714531099
CA,2015-10-23,5.8,237.733,90.0,2.699,0.12761656067050708,-0.2999999999999998,-7.282720714531099
CA,2015-10-24,5.8,237.733,90.0,2.699,0.12761656067050708,-0.2999999999999998,-7.282720714531099
CA,2015-10-25,5.8,237.733,90.0,2.699,0.12761656067050708,-0.2999999999999998,-7.282720714531099
CA,2015-10-26,5.8,237.733,90.0,2.677,0.12761656067050708,-0.2999999999999998,-5.606488011283495
CA,2015-10-27,5.8,237.733,90.0,2.677,0.12761656067050708,-0.2999999999999998,-5.606488011283495
CA,2015-10-28,5.8,237.733,90.0,2.677,0.12761656067050708,-0.2999999999999998,-5.606488011283495
CA,2015-10-29,5.8,237.733,90.0,2.677,0.12761656067050708,-0.2999999999999998,-5.606488011283495
CA,2015-10-30,5.8,237.733,90.0,2.677,0.12761656067050708,-0.20000000000000018,-5.606488011283495
CA,2015-10-31,5.8,237.733,90.0,2.677,0.12761656067050708,-0.20000000000000018,-5.606488011283495
CA,2015-11-01,5.8,238.017,91.3,2.677,0.4363182169185187,-0.20000000000000018,-5.606488011283495
CA,2015-11-02,5.8,238.017,91.3,2.646,0.4363182169185187,-0.20000000000000018,-4.991023339317779
CA,2015-11-03,5.8,238.017,91.3,2.646,0.4363182169185187,-0.20000000000000018,-4.991023339317779
CA,2015-11-04,5.8,238.017,91.3,2.646,0.4363182169185187,-0.20000000000000018,-4.991023339317779
CA,2015-11-05,5.8,238.017,91.3,2.646,0.4363182169185187,-0.20000000000000018,-4.991023339317779
CA,2015-11-06,5.8,238.017,91.3,2.646,0.4363182169185187,-0.20000000000000018,-4.991023339317779
CA,2015-11-07,5.8,238.017,91.3,2.646,0.4363182169185187,-0.20000000000000018,-4.991023339317779
CA,2015-11-08,5.8,238.017,91.3,2.646,0.4363182169185187,-0.20000000000000018,-4.991023339317779
CA,2015-11-09,5.8,238.017,91.3,2.667,0.4363182169185187,-0.20000000000000018,-2.947598253275119
CA,2015-11-10,5.8,238.017,91.3,2.667,0.4363182169185187,-0.20000000000000018,-2.947598253275119
CA,2015-11-11,5.8,238.017,91.3,2.667,0.4363182169185187,-0.20000000000000018,-2.947598253275119
CA,2015-11-12,5.8,238.017,91.3,2.667,0.4363182169185187,-0.20000000000000018,-2.947598253275119
CA,2015-11-13,5.8,238.017,91.3,2.667,0.4363182169185187,-0.20000000000000018,-2.947598253275119
CA,2015-11-14,5.8,238.017,91.3,2.667,0.4363182169185187,-0.20000000000000018,-2.947598253275119
CA,2015-11-15,5.8,238.017,91.3,2.667,0.4363182169185187,-0.20000000000000018,-2.947598253275119
CA,2015-11-16,5.8,238.017,91.3,2.636,0.4363182169185187,-0.20000000000000018,-2.3341978510559414
CA,2015-11-17,5.8,238.017,91.3,2.636,0.4363182169185187,-0.20000000000000018,-2.3341978510559414
CA,2015-11-18,5.8,238.017,91.3,2.636,0.4363182169185187,-0.20000000000000018,-2.3341978510559414
CA,2015-11-19,5.8,238.017,91.3,2.636,0.4363182169185187,-0.20000000000000018,-2.3341978510559414
CA,2015-11-20,5.8,238.017,91.3,2.636,0.4363182169185187,-0.20000000000000018,-2.3341978510559414
CA,2015-11-21,5.8,238.017,91.3,2.636,0.4363182169185187,-0.20000000000000018,-2.3341978510559414
CA,2015-11-22,5.8,238.017,91.3,2.636,0.4363182169185187,-0.20000000000000018,-2.3341978510559414
CA,2015-11-23,5.8,238.017,91.3,2.579,0.4363182169185187,-0.20000000000000018,-3.6608143444153862
CA,2015-11-24,5.8,238.017,91.3,2.579,0.4363182169185187,-0.20000000000000018,-3.6608143444153862
CA,2015-11-25,5.8,238.017,91.3,2.579,0.4363182169185187,-0.20000000000000018,-3.6608143444153862
CA,2015-11-26,5.8,238.017,91.3,2.579,0.4363182169185187,-0.20000000000000018,-3.6608143444153862
CA,2015-11-27,5.8,238.017,91.3,2.579,0.4363182169185187,-0.20000000000000018,-3.6608143444153862
CA,2015-11-28,5.8,238.017,91.3,2.579,0.4363182169185187,-0.20000000000000018,-3.6608143444153862
CA,2015-11-29,5.8,238.017,91.3,2.579,0.4363182169185187,-0.20000000000000018,-3.6608143444153862
CA,2015-11-30,5.8,238.017,91.3,2.551,0.4363182169185187,-0.10000000000000053,-3.590325018896434
CA,2015-12-01,5.7,237.761,92.6,2.551,0.6387247515364791,-0.20000000000000018,-3.590325018896434
CA,2015-12-02,5.7,237.761,92.6,2.551,0.6387247515364791,-0.20000000000000018,-3.590325018896434
CA,2015-12-03,5.7,237.761,92.6,2.551,0.6387247515364791,-0.20000000000000018,-3.590325018896434
CA,2015-12-04,5.7,237.761,92.6,2.551,0.6387247515364791,-0.20000000000000018,-3.590325018896434
CA,2015-12-05,5.7,237.761,92.6,2.551,0.6387247515364791,-0.20000000000000018,-3.590325018896434
CA,2015-12-06,5.7,237.761,92.6,2.551,0.6387247515364791,-0.20000000000000018,-3.590325018896434
CA,2015-12-07,5.7,237.761,92.6,2.537,0.6387247515364791,-0.20000000000000018,-4.874390701162346
CA,2015-12-08,5.7,237.761,92.6,2.537,0.6387247515364791,-0.20000000000000018,-4.874390701162346
CA,2015-12-09,5.7,237.761,92.6,2.537,0.6387247515364791,-0.20000000000000018,-4.874390701162346
CA,2015-12-10,5.7,237.761,92.6,2.537,0.6387247515364791,-0.20000000000000018,-4.874390701162346
CA,2015-12-11,5.7,237.761,92.6,2.537,0.6387247515364791,-0.20000000000000018,-4.874390701162346
CA,2015-12-12,5.7,237.761,92.6,2.537,0.6387247515364791,-0.20000000000000018,-4.874390701162346
CA,2015-12-13,5.7,237.761,92.6,2.537,0.6387247515364791,-0.20000000000000018,-4.874390701162346
CA,2015-12-14,5.7,237.761,92.6,2.514,0.6387247515364791,-0.20000000000000018,-4.62822458270108
CA,2015-12-15,5.7,237.761,92.6,2.514,0.6387247515364791,-0.20000000000000018,-4.62822458270108
CA,2015-12-16,5.7,237.761,92.6,2.514,0.6387247515364791,-0.20000000000000018,-4.62822458270108
CA,2015-12-17,5.7,237.761,92.6,2.514,0.6387247515364791,-0.20000000000000018,-4.62822458270108
CA,2015-12-18,5.7,237.761,92.6,2.514,0.6387247515364791,-0.20000000000000018,-4.62822458270108
CA,2015-12-19,5.7,237.761,92.6,2.514,0.6387247515364791,-0.20000000000000018,-4.62822458270108
CA,2015-12-20,5.7,237.761,92.6,2.514,0.6387247515364791,-0.20000000000000018,-4.62822458270108
CA,2015-12-21,5.7,237.761,92.6,2.57,0.6387247515364791,-0.20000000000000018,-0.3489724699496044
CA,2015-12-22,5.7,237.761,92.6,2.57,0.6387247515364791,-0.20000000000000018,-0.3489724699496044
CA,2015-12-23,5.7,237.761,92.6,2.57,0.6387247515364791,-0.20000000000000018,-0.3489724699496044
CA,2015-12-24,5.7,237.761,92.6,2.57,0.6387247515364791,-0.20000000000000018,-0.3489724699496044
CA,2015-12-25,5.7,237.761,92.6,2.57,0.6387247515364791,-0.20000000000000018,-0.3489724699496044
CA,2015-12-26,5.7,237.761,92.6,2.57,0.6387247515364791,-0.20000000000000018,-0.3489724699496044
CA,2015-12-27,5.7,237.761,92.6,2.57,0.6387247515364791,-0.20000000000000018,-0.3489724699496044
CA,2015-12-28,5.7,237.761,92.6,2.63,0.6387247515364791,-0.20000000000000018,3.0968247745981836
CA,2015-12-29,5.7,237.761,92.6,2.63,0.6387247515364791,-0.20000000000000018,3.0968247745981836
CA,2015-12-30,5.7,237.761,92.6,2.63,0.6387247515364791,-0.09999999999999964,3.0968247745981836
CA,2015-12-31,5.7,237.761,92.6,2.63,0.6387247515364791,-0.09999999999999964,3.0968247745981836
CA,2016-01-01,5.7,237.652,92.0,2.63,1.2375025026943876,-0.09999999999999964,3.0968247745981836
CA,2016-01-02,5.7,237.652,92.0,2.63,1.2375025026943876,-0.09999999999999964,3.0968247745981836
CA,2016-01-03,5.7,237.652,92.0,2.63,1.2375025026943876,-0.09999999999999964,3.0968247745981836
CA,2016-01-04,5.7,237.652,92.0,2.663,1.2375025026943876,-0.09999999999999964,4.966495861253439
CA,2016-01-05,5.7,237.652,92.0,2.663,1.2375025026943876,-0.09999999999999964,4.966495861253439
CA,2016-01-06,5.7,237.652,92.0,2.663,1.2375025026943876,-0.09999999999999964,4.966495861253439
CA,2016-01-07,5.7,237.652,92.0,2.663,1.2375025026943876,-0.09999999999999964,4.966495861253439
CA,2016-01-08,5.7,237.652,92.0,2.663,1.2375025026943876,-0.09999999999999964,4.966495861253439
CA,2016-01-09,5.7,237.652,92.0,2.663,1.2375025026943876,-0.09999999999999964,4.966495861253439
CA,2016-01-10,5.7,237.652,92.0,2.663,1.2375025026943876,-0.09999999999999964,4.966495861253439
CA,2016-01-11,5.7,237.652,92.0,2.63,1.2375025026943876,-0.09999999999999964,4.6141607000795615
CA,2016-01-12,5.7,237.652,92.0,2.63,1.2375025026943876,-0.09999999999999964,4.6141607000795615
CA,2016-01-13,5.7,237.652,92.0,2.63,1.2375025026943876,-0.09999999999999964,4.6141607000795615
CA,2016-01-14,5.7,237.652,92.0,2.63,1.2375025026943876,-0.09999999999999964,4.6141607000795615
CA,2016-01-15,5.7,237.652,92.0,2.63,1.2375025026943876,-0.09999999999999964,4.6141607000795615
CA,2016-01-16,5.7,237.652,92.0,2.63,1.2375025026943876,-0.09999999999999964,4.6141607000795615
CA,2016-01-17,5.7,237.652,92.0,2.63,1.2375025026943876,-0.09999999999999964,4.6141607000795615
CA,2016-01-18,5.7,237.652,92.0,2.523,1.2375025026943876,-0.09999999999999964,-1.8287937743190597
CA,2016-01-19,5.7,237.652,92.0,2.523,1.2375025026943876,-0.09999999999999964,-1.8287937743190597
CA,2016-01-20,5.7,237.652,92.0,2.523,1.2375025026943876,-0.09999999999999964,-1.8287937743190597
CA,2016-01-21,5.7,237.652,92.0,2.523,1.2375025026943876,-0.09999999999999964,-1.8287937743190597
CA,2016-01-22,5.7,237.652,92.0,2.523,1.2375025026943876,-0.09999999999999964,-1.8287937743190597
CA,2016-01-23,5.7,237.652,92.0,2.523,1.2375025026943876,-0.09999999999999964,-1.8287937743190597
CA,2016-01-24,5.7,237.652,92.0,2.523,1.2375025026943876,-0.09999999999999964,-1.8287937743190597
CA,2016-01-25,5.7,237.652,92.0,2.459,1.2375025026943876,-0.09999999999999964,-6.501901140684407
CA,2016-01-26,5.7,237.652,92.0,2.459,1.2375025026943876,-0.09999999999999964,-6.501901140684407
CA,2016-01-27,5.7,237.652,92.0,2.459,1.2375025026943876,-0.09999999999999964,-6.501901140684407
CA,2016-01-28,5.7,237.652,92.0,2.459,1.2375025026943876,-0.09999999999999964,-6.501901140684407
CA,2016-01-29,5.7,237.652,92.0,2.459,1.2375025026943876,-0.09999999999999964,-6.501901140684407
CA,2016-01-30,5.7,237.652,92.0,2.459,1.2375025026943876,-0.09999999999999964,-6.501901140684407
CA,2016-01-31,5.7,237.652,92.0,2.459,1.2375025026943876,-0.09999999999999964,-6.501901140684407
CA,2016-02-01,5.6,237.336,91.7,2.375,0.8472775790126619,-0.20000000000000018,-10.814870446864433
CA,2016-02-02,5.6,237.336,91.7,2.375,0.8472775790126619,-0.20000000000000018,-10.814870446864433
CA,2016-02-03,5.6,237.336,91.7,2.375,0.8472775790126619,-0.20000000000000018,-10.814870446864433
CA,2016-02-04,5.6,237.336,91.7,2.375,0.8472775790126619,-0.20000000000000018,-10.814870446864433
CA,2016-02-05,5.6,237.336,91.7,2.375,0.8472775790126619,-0.20000000000000018,-10.814870446864433
CA,2016-02-06,5.6,237.336,91.7,2.375,0.8472775790126619,-0.20000000000000018,-10.814870446864433
CA,2016-02-07,5.6,237.336,91.7,2.375,0.8472775790126619,-0.20000000000000018,-10.814870446864433
CA,2016-02-08,5.6,237.336,91.7,2.312,0.8472775790126619,-0.20000000000000018,-12.091254752851711
CA,2016-02-09,5.6,237.336,91.7,2.312,0.8472775790126619,-0.20000000000000018,-12.091254752851711
CA,2016-02-10,5.6,237.336,91.7,2.312,0.8472775790126619,-0.20000000000000018,-12.091254752851711
CA,2016-02-11,5.6,237.336,91.7,2.312,0.8472775790126619,-0.20000000000000018,-12.091254752851711
CA,2016-02-12,5.6,237.336,91.7,2.312,0.8472775790126619,-0.20000000000000018,-12.091254752851711
CA,2016-02-13,5.6,237.336,91.7,2.312,0.8472775790126619,-0.20000000000000018,-12.091254752851711
CA,2016-02-14,5.6,237.336,91.7,2.312,0.8472775790126619,-0.20000000000000018,-12.091254752851711
CA,2016-02-15,5.6,237.336,91.7,2.217,0.8472775790126619,-0.20000000000000018,-12.128418549346021
CA,2016-02-16,5.6,237.336,91.7,2.217,0.8472775790126619,-0.20000000000000018,-12.128418549346021
CA,2016-02-17,5.6,237.336,91.7,2.217,0.8472775790126619,-0.20000000000000018,-12.128418549346021
CA,2016-02-18,5.6,237.336,91.7,2.217,0.8472775790126619,-0.20000000000000018,-12.128418549346021
CA,2016-02-19,5.6,237.336,91.7,2.217,0.8472775790126619,-0.20000000000000018,-12.128418549346021
CA,2016-02-20,5.6,237.336,91.7,2.217,0.8472775790126619,-0.20000000000000018,-12.128418549346021
CA,2016-02-21,5.6,237.336,91.7,2.217,0.8472775790126619,-0.20000000000000018,-12.128418549346021
CA,2016-02-22,5.6,237.336,91.7,2.141,0.8472775790126619,-0.20000000000000018,-12.93208621390809
CA,2016-02-23,5.6,237.336,91.7,2.141,0.8472775790126619,-0.20000000000000018,-12.93208621390809
CA,2016-02-24,5.6,237.336,91.7,2.141,0.8472775790126619,-0.20000000000000018,-12.93208621390809
CA,2016-02-25,5.6,237.336,91.7,2.141,0.8472775790126619,-0.20000000000000018,-12.93208621390809
CA,2016-02-26,5.6,237.336,91.7,2.141,0.8472775790126619,-0.20000000000000018,-12.93208621390809
CA,2016-02-27,5.6,237.336,91.7,2.141,0.8472775790126619,-0.20000000000000018,-12.93208621390809
CA,2016-02-28,5.6,237.336,91.7,2.141,0.8472775790126619,-0.20000000000000018,-12.93208621390809
CA,2016-02-29,5.6,237.336,91.7,2.208,0.5763297962504632,-0.10000000000000053,-7.031578947368411
CA,2016-03-01,5.6,238.08,91.0,2.208,0.8916160965521946,-0.10000000000000053,-7.031578947368411
CA,2016-03-02,5.6,238.08,91.0,2.208,0.8916160965521946,-0.10000000000000053,-7.031578947368411
CA,2016-03-03,5.6,238.08,91.0,2.208,0.8916160965521946,-0.10000000000000053,-7.031578947368411
CA,2016-03-04,5.6,238.08,91.0,2.208,0.8916160965521946,-0.10000000000000053,-7.031578947368411
CA,2016-03-05,5.6,238.08,91.0,2.208,0.8916160965521946,-0.10000000000000053,-7.031578947368411
CA,2016-03-06,5.6,238.08,91.0,2.208,0.8916160965521946,-0.10000000000000053,-7.031578947368411
CA,2016-03-07,5.6,238.08,91.0,2.244,0.8916160965521946,-0.10000000000000053,-2.9411764705882137
CA,2016-03-08,5.6,238.08,91.0,2.244,0.8916160965521946,-0.10000000000000053,-2.9411764705882137
CA,2016-03-09,5.6,238.08,91.0,2.244,0.8916160965521946,-0.10000000000000053,-2.9411764705882137
CA,2016-03-10,5.6,238.08,91.0,2.244,0.8916160965521946,-0.10000000000000053,-2.9411764705882137
CA,2016-03-11,5.6,238.08,91.0,2.244,0.8916160965521946,-0.10000000000000053,-2.9411764705882137
CA,2016-03-12,5.6,238.08,91.0,2.244,0.8916160965521946,-0.10000000000000053,-2.9411764705882137
CA,2016-03-13,5.6,238.08,91.0,2.244,0.8916160965521946,-0.10000000000000053,-2.9411764705882137
CA,2016-03-14,5.6,238.08,91.0,2.394,0.8916160965521946,-0.10000000000000053,7.983761840324766
CA,2016-03-15,5.6,238.08,91.0,2.394,0.8916160965521946,-0.10000000000000053,7.983761840324766
CA,2016-03-16,5.6,238.08,91.0,2.394,0.8916160965521946,-0.10000000000000053,7.983761840324766
CA,2016-03-17,5.6,238.08,91.0,2.394,0.8916160965521946,-0.10000000000000053,7.983761840324766
CA,2016-03-18,5.6,238.08,91.0,2.394,0.8916160965521946,-0.10000000000000053,7.983761840324766
CA,2016-03-19,5.6,238.08,91.0,2.394,0.8916160965521946,-0.10000000000000053,7.983761840324766
CA,2016-03-20,5.6,238.08,91.0,2.394,0.8916160965521946,-0.10000000000000053,7.983761840324766
CA,2016-03-21,5.6,238.08,91.0,2.48,0.8916160965521946,-0.10000000000000053,15.8337225595516
CA,2016-03-22,5.6,238.08,91.0,2.48,0.8916160965521946,-0.10000000000000053,15.8337225595516
CA,2016-03-23,5.6,238.08,91.0,2.48,0.8916160965521946,-0.10000000000000053,15.8337225595516
CA,2016-03-24,5.6,238.08,91.0,2.48,0.8916160965521946,-0.10000000000000053,15.8337225595516
CA,2016-03-25,5.6,238.08,91.0,2.48,0.8916160965521946,-0.10000000000000053,15.8337225595516
CA,2016-03-26,5.6,238.08,91.0,2.48,0.8916160965521946,-0.10000000000000053,15.8337225595516
CA,2016-03-27,5.6,238.08,91.0,2.48,0.8916160965521946,-0.10000000000000053,15.8337225595516
CA,2016-03-28,5.6,238.08,91.0,2.57,0.8916160965521946,-0.10000000000000053,16.39492753623186
CA,2016-03-29,5.6,238.08,91.0,2.57,0.8916160965521946,-0.10000000000000053,16.39492753623186
CA,2016-03-30,5.6,238.08,91.0,2.57,0.8916160965521946,-0.10000000000000053,16.39492753623186
CA,2016-03-31,5.6,238.08,91.0,2.57,0.7865482469880059,-0.10000000000000053,16.39492753623186
CA,2016-04-01,5.5,238.992,89.0,2.57,1.1726257503534843,-0.20000000000000018,16.39492753623186
CA,2016-04-02,5.5,238.992,89.0,2.57,1.1726257503534843,-0.20000000000000018,16.39492753623186
CA,2016-04-03,5.5,238.992,89.0,2.57,1.1726257503534843,-0.20000000000000018,16.39492753623186
CA,2016-04-04,5.5,238.992,89.0,2.58,1.1726257503534843,-0.20000000000000018,14.973262032085554
CA,2016-04-05,5.5,238.992,89.0,2.58,1.1726257503534843,-0.20000000000000018,14.973262032085554
CA,2016-04-06,5.5,238.992,89.0,2.58,1.1726257503534843,-0.20000000000000018,14.973262032085554
CA,2016-04-07,5.5,238.992,89.0,2.58,1.1726257503534843,-0.20000000000000018,14.973262032085554
CA,2016-04-08,5.5,238.992,89.0,2.58,1.1726257503534843,-0.20000000000000018,14.973262032085554
CA,2016-04-09,5.5,238.992,89.0,2.58,1.1726257503534843,-0.20000000000000018,14.973262032085554
CA,2016-04-10,5.5,238.992,89.0,2.58,1.1726257503534843,-0.20000000000000018,14.973262032085554
CA,2016-04-11,5.5,238.992,89.0,2.563,1.1726257503534843,-0.20000000000000018,7.059314954051787
CA,2016-04-12,5.5,238.992,89.0,2.563,1.1726257503534843,-0.20000000000000018,7.059314954051787
CA,2016-04-13,5.5,238.992,89.0,2.563,1.1726257503534843,-0.20000000000000018,7.059314954051787
CA,2016-04-14,5.5,238.992,89.0,2.563,1.1726257503534843,-0.20000000000000018,7.059314954051787
CA,2016-04-15,5.5,238.992,89.0,2.563,1.1726257503534843,-0.20000000000000018,7.059314954051787
CA,2016-04-16,5.5,238.992,89.0,2.563,1.1726257503534843,-0.20000000000000018,7.059314954051787
CA,2016-04-17,5.5,238.992,89.0,2.563,1.1726257503534843,-0.20000000000000018,7.059314954051787
CA,2016-04-18,5.5,238.992,89.0,2.591,1.1726257503534843,-0.20000000000000018,4.475806451612918
CA,2016-04-19,5.5,238.992,89.0,2.591,1.1726257503534843,-0.20000000000000018,4.475806451612918
CA,2016-04-20,5.5,238.992,89.0,2.591,1.1726257503534843,-0.20000000000000018,4.475806451612918
CA,2016-04-21,5.5,238.992,89.0,2.591,1.1726257503534843,-0.20000000000000018,4.475806451612918
CA,2016-04-22,5.5,238.992,89.0,2.591,1.1726257503534843,-0.20000000000000018,4.475806451612918
CA,2016-04-23,5.5,238.992,89.0,2.591,1.1726257503534843,-0.20000000000000018,4.475806451612918
CA,2016-04-24,5.5,238.992,89.0,2.591,1.1726257503534843,-0.20000000000000018,4.475806451612918
CA,2016-04-25,5.5,238.992,89.0,2.596,1.1726257503534843,-0.20000000000000018,1.0116731517509914
CA,2016-04-26,5.5,238.992,89.0,2.596,1.1726257503534843,-0.20000000000000018,1.0116731517509914
CA,2016-04-27,5.5,238.992,89.0,2.596,1.1726257503534843,-0.20000000000000018,1.0116731517509914
CA,2016-04-28,5.5,238.992,89.0,2.596,1.1726257503534843,-0.20000000000000018,1.0116731517509914
CA,2016-04-29,5.5,238.992,89.0,2.596,1.1726257503534843,-0.20000000000000018,1.0116731517509914
CA,2016-04-30,5.5,238.992,89.0,2.596,0.840080843540747,-0.20000000000000018,1.0116731517509914
CA,2016-05-01,5.5,239.557,94.7,2.596,1.0784764621246223,-0.09999999999999964,1.0116731517509914
CA,2016-05-02,5.5,239.557,94.7,2.635,1.0784764621246223,-0.09999999999999964,2.1317829457364157
CA,2016-05-03,5.5,239.557,94.7,2.635,1.0784764621246223,-0.09999999999999964,2.1317829457364157
CA,2016-05-04,5.5,239.557,94.7,2.635,1.0784764621246223,-0.09999999999999964,2.1317829457364157
CA,2016-05-05,5.5,239.557,94.7,2.635,1.0784764621246223,-0.09999999999999964,2.1317829457364157
CA,2016-05-06,5.5,239.557,94.7,2.635,1.0784764621246223,-0.09999999999999964,2.1317829457364157
CA,2016-05-07,5.5,239.557,94.7,2.635,1.0784764621246223,-0.09999999999999964,2.1317829457364157
CA,2016-05-08,5.5,239.557,94.7,2.635,1.0784764621246223,-0.09999999999999964,2.1317829457364157
CA,2016-05-09,5.5,239.557,94.7,2.634,1.0784764621246223,-0.09999999999999964,2.770191182208337
CA,2016-05-10,5.5,239.557,94.7,2.634,1.0784764621246223,-0.09999999999999964,2.770191182208337
CA,2016-05-11,5.5,239.557,94.7,2.634,1.0784764621246223,-0.09999999999999964,2.770191182208337
CA,2016-05-12,5.5,239.557,94.7,2.634,1.0784764621246223,-0.09999999999999964,2.770191182208337
CA,2016-05-13,5.5,239.557,94.7,2.634,1.0784764621246223,-0.09999999999999964,2.770191182208337
CA,2016-05-14,5.5,239.557,94.7,2.634,1.0784764621246223,-0.09999999999999964,2.770191182208337
CA,2016-05-15,5.5,239.557,94.7,2.634,1.0784764621246223,-0.09999999999999964,2.770191182208337
CA,2016-05-16,5.5,239.557,94.7,2.644,1.0784764621246223,-0.09999999999999964,2.0455422616750374
CA,2016-05-17,5.5,239.557,94.7,2.644,1.0784764621246223,-0.09999999999999964,2.0455422616750374
CA,2016-05-18,5.5,239.557,94.7,2.644,1.0784764621246223,-0.09999999999999964,2.0455422616750374
CA,2016-05-19,5.5,239.557,94.7,2.644,1.0784764621246223,-0.09999999999999964,2.0455422616750374
CA,2016-05-20,5.5,239.557,94.7,2.644,1.0784764621246223,-0.09999999999999964,2.0455422616750374
CA,2016-05-21,5.5,239.557,94.7,2.644,1.0784764621246223,-0.09999999999999964,2.0455422616750374
CA,2016-05-22,5.5,239.557,94.7,2.644,1.0784764621246223,-0.09999999999999964,2.0455422616750374
CA,2016-05-23,5.5,239.557,94.7,2.658,1.0784764621246223,-0.09999999999999964,2.3882896764252592
CA,2016-05-24,5.5,239.557,94.7,2.658,1.0784764621246223,-0.09999999999999964,2.3882896764252592
CA,2016-05-25,5.5,239.557,94.7,2.658,1.0784764621246223,-0.09999999999999964,2.3882896764252592
CA,2016-05-26,5.5,239.557,94.7,2.658,1.0784764621246223,-0.09999999999999964,2.3882896764252592
CA,2016-05-27,5.5,239.557,94.7,2.658,1.0784764621246223,-0.09999999999999964,2.3882896764252592
CA,2016-05-28,5.5,239.557,94.7,2.658,1.0784764621246223,-0.09999999999999964,2.3882896764252592
CA,2016-05-29,5.5,239.557,94.7,2.658,1.0784764621246223,-0.09999999999999964,2.3882896764252592
CA,2016-05-30,5.5,239.557,94.7,2.673,1.0784764621246223,-0.09999999999999964,1.4421252371916715
CA,2016-05-31,5.5,239.557,94.7,2.673,0.7994715072562553,-0.09999999999999964,1.4421252371916715
CA,2016-06-01,5.5,240.222,93.5,2.673,1.0792865347959424,-0.09999999999999964,1.4421252371916715
CA,2016-06-02,5.5,240.222,93.5,2.673,1.0792865347959424,-0.09999999999999964,1.4421252371916715
CA,2016-06-03,5.5,240.222,93.5,2.673,1.0792865347959424,-0.09999999999999964,1.4421252371916715
CA,2016-06-04,5.5,240.222,93.5,2.673,1.0792865347959424,-0.09999999999999964,1.4421252371916715
CA,2016-06-05,5.5,240.222,93.5,2.673,1.0792865347959424,-0.09999999999999964,1.4421252371916715
CA,2016-06-06,5.5,240.222,93.5,2.673,1.0792865347959424,-0.09999999999999964,1.4806378132118603
CA,2016-06-07,5.5,240.222,93.5,2.673,1.0792865347959424,-0.09999999999999964,1.4806378132118603
CA,2016-06-08,5.5,240.222,93.5,2.673,1.0792865347959424,-0.09999999999999964,1.4806378132118603
CA,2016-06-09,5.5,240.222,93.5,2.673,1.0792865347959424,-0.09999999999999964,1.4806378132118603
CA,2016-06-10,5.5,240.222,93.5,2.673,1.0792865347959424,-0.09999999999999964,1.4806378132118603
CA,2016-06-11,5.5,240.222,93.5,2.673,1.0792865347959424,-0.09999999999999964,1.4806378132118603
CA,2016-06-12,5.5,240.222,93.5,2.673,1.0792865347959424,-0.09999999999999964,1.4806378132118603
CA,2016-06-13,5.5,240.222,93.5,2.673,1.0792865347959424,-0.09999999999999964,1.0968229954614106
CA,2016-06-14,5.5,240.222,93.5,2.673,1.0792865347959424,-0.09999999999999964,1.0968229954614106
CA,2016-06-15,5.5,240.222,93.5,2.673,1.0792865347959424,-0.09999999999999964,1.0968229954614106
CA,2016-06-16,5.5,240.222,93.5,2.673,1.0792865347959424,-0.09999999999999964,1.0968229954614106
CA,2016-06-17,5.5,240.222,93.5,2.673,1.0792865347959424,-0.09999999999999964,1.0968229954614106
CA,2016-06-18,5.5,240.222,93.5,2.673,1.0792865347959424,-0.09999999999999964,1.0968229954614106
CA,2016-06-19,5.5,240.222,93.5,2.673,1.0792865347959424,-0.09999999999999964,1.0968229954614106
TX,2011-01-29,8.2,221.898,77.5,2.937,0.0,0.0,0.0
TX,2011-01-30,8.2,221.898,77.5,2.937,0.0,0.0,0.0
TX,2011-01-31,8.2,221.898,77.5,2.937,0.0,0.0,0.0
TX,2011-02-01,8.2,221.898,77.5,2.937,0.0,0.0,0.0
TX,2011-02-02,8.2,221.898,77.5,2.937,0.0,0.0,0.0
TX,2011-02-03,8.2,221.898,77.5,2.937,0.0,0.0,0.0
TX,2011-02-04,8.2,221.898,77.5,2.937,0.0,0.0,0.0
TX,2011-02-05,8.2,221.898,77.5,2.937,0.0,0.0,0.0
TX,2011-02-06,8.2,221.898,77.5,2.937,0.0,0.0,0.0
TX,2011-02-07,8.2,221.898,77.5,2.974,0.0,0.0,0.0
TX,2011-02-08,8.2,221.898,77.5,2.974,0.0,0.0,0.0
TX,2011-02-09,8.2,221.898,77.5,2.974,0.0,0.0,0.0
TX,2011-02-10,8.2,221.898,77.5,2.974,0.0,0.0,0.0
TX,2011-02-11,8.2,221.898,77.5,2.974,0.0,0.0,0.0
TX,2011-02-12,8.2,221.898,77.5,2.974,0.0,0.0,0.0
TX,2011-02-13,8.2,221.898,77.5,2.974,0.0,0.0,0.0
TX,2011-02-14,8.2,221.898,77.5,3.001,0.0,0.0,0.0
TX,2011-02-15,8.2,221.898,77.5,3.001,0.0,0.0,0.0
TX,2011-02-16,8.2,221.898,77.5,3.001,0.0,0.0,0.0
TX,2011-02-17,8.2,221.898,77.5,3.001,0.0,0.0,0.0
TX,2011-02-18,8.2,221.898,77.5,3.001,0.0,0.0,0.0
TX,2011-02-19,8.2,221.898,77.5,3.001,0.0,0.0,0.0
TX,2011-02-20,8.2,221.898,77.5,3.001,0.0,0.0,0.0
TX,2011-02-21,8.2,221.898,77.5,3.03,0.0,0.0,0.0
TX,2011-02-22,8.2,221.898,77.5,3.03,0.0,0.0,0.0
TX,2011-02-23,8.2,221.898,77.5,3.03,0.0,0.0,0.0
TX,2011-02-24,8.2,221.898,77.5,3.03,0.0,0.0,0.0
TX,2011-02-25,8.2,221.898,77.5,3.03,0.0,0.0,0.0
TX,2011-02-26,8.2,221.898,77.5,3.03,0.0,0.0,3.166496424923393
TX,2011-02-27,8.2,221.898,77.5,3.03,0.0,0.0,3.166496424923393
TX,2011-02-28,8.2,221.898,77.5,3.248,0.0,0.0,10.589036431733078
TX,2011-03-01,8.1,223.046,67.5,3.248,0.0,0.0,10.589036431733078
TX,2011-03-02,8.1,223.046,67.5,3.248,0.0,0.0,10.589036431733078
TX,2011-03-03,8.1,223.046,67.5,3.248,0.0,0.0,10.589036431733078
TX,2011-03-04,8.1,223.046,67.5,3.248,0.0,0.0,10.589036431733078
TX,2011-03-05,8.1,223.046,67.5,3.248,0.0,0.0,10.589036431733078
TX,2011-03-06,8.1,223.046,67.5,3.248,0.0,0.0,10.589036431733078
TX,2011-03-07,8.1,223.046,67.5,3.402,0.0,0.0,14.391392064559504
TX,2011-03-08,8.1,223.046,67.5,3.402,0.0,0.0,14.391392064559504
TX,2011-03-09,8.1,223.046,67.5,3.402,0.0,0.0,14.391392064559504
TX,2011-03-10,8.1,223.046,67.5,3.402,0.0,0.0,14.391392064559504
TX,2011-03-11,8.1,223.046,67.5,3.402,0.0,0.0,14.391392064559504
TX,2011-03-12,8.1,223.046,67.5,3.402,0.0,0.0,14.391392064559504
TX,2011-03-13,8.1,223.046,67.5,3.402,0.0,0.0,14.391392064559504
TX,2011-03-14,8.1,223.046,67.5,3.437,0.0,0.0,14.528490503165603
TX,2011-03-15,8.1,223.046,67.5,3.437,0.0,0.0,14.528490503165603
TX,2011-03-16,8.1,223.046,67.5,3.437,0.0,0.0,14.528490503165603
TX,2011-03-17,8.1,223.046,67.5,3.437,0.0,0.0,14.528490503165603
TX,2011-03-18,8.1,223.046,67.5,3.437,0.0,0.0,14.528490503165603
TX,2011-03-19,8.1,223.046,67.5,3.437,0.0,0.0,14.528490503165603
TX,2011-03-20,8.1,223.046,67.5,3.437,0.0,0.0,14.528490503165603
TX,2011-03-21,8.1,223.046,67.5,3.421,0.0,0.0,12.90429042904291
TX,2011-03-22,8.1,223.046,67.5,3.421,0.0,0.0,12.90429042904291
TX,2011-03-23,8.1,223.046,67.5,3.421,0.0,0.0,12.90429042904291
TX,2011-03-24,8.1,223.046,67.5,3.421,0.0,0.0,12.90429042904291
TX,2011-03-25,8.1,223.046,67.5,3.421,0.0,0.0,12.90429042904291
TX,2011-03-26,8.1,223.046,67.5,3.421,0.0,0.0,12.90429042904291
TX,2011-03-27,8.1,223.046,67.5,3.421,0.0,0.0,12.90429042904291
TX,2011-03-28,8.1,223.046,67.5,3.462,0.0,0.0,6.5886699507389235
TX,2011-03-29,8.1,223.046,67.5,3.462,0.0,0.0,6.5886699507389235
TX,2011-03-30,8.1,223.046,67.5,3.462,0.0,0.0,6.5886699507389235
TX,2011-03-31,8.1,223.046,67.5,3.462,0.0,0.0,6.5886699507389235
TX,2011-04-01,8.1,224.093,69.8,3.462,0.0,0.0,6.5886699507389235
TX,2011-04-02,8.1,224.093,69.8,3.462,0.0,0.0,6.5886699507389235
TX,2011-04-03,8.1,224.093,69.8,3.462,0.0,0.0,6.5886699507389235
TX,2011-04-04,8.1,224.093,69.8,3.547,0.0,0.0,4.26219870664315
TX,2011-04-05,8.1,224.093,69.8,3.547,0.0,0.0,4.26219870664315
TX,2011-04-06,8.1,224.093,69.8,3.547,0.0,0.0,4.26219870664315
TX,2011-04-07,8.1,224.093,69.8,3.547,0.0,0.0,4.26219870664315
TX,2011-04-08,8.1,224.093,69.8,3.547,0.0,0.0,4.26219870664315
TX,2011-04-09,8.1,224.093,69.8,3.547,0.0,0.0,4.26219870664315
TX,2011-04-10,8.1,224.093,69.8,3.547,0.0,0.0,4.26219870664315
TX,2011-04-11,8.1,224.093,69.8,3.667,0.0,0.0,6.691882455629905
TX,2011-04-12,8.1,224.093,69.8,3.667,0.0,0.0,6.691882455629905
TX,2011-04-13,8.1,224.093,69.8,3.667,0.0,0.0,6.691882455629905
TX,2011-04-14,8.1,224.093,69.8,3.667,0.0,0.0,6.691882455629905
TX,2011-04-15,8.1,224.093,69.8,3.667,0.0,0.0,6.691882455629905
TX,2011-04-16,8.1,224.093,69.8,3.667,0.0,0.0,6.691882455629905
TX,2011-04-17,8.1,224.093,69.8,3.667,0.0,0.0,6.691882455629905
TX,2011-04-18,8.1,224.093,69.8,3.723,0.0,0.0,8.827828120432635
TX,2011-04-19,8.1,224.093,69.8,3.723,0.0,0.0,8.827828120432635
TX,2011-04-20,8.1,224.093,69.8,3.723,0.0,0.0,8.827828120432635
TX,2011-04-21,8.1,224.093,69.8,3.723,0.0,0.0,8.827828120432635
TX,2011-04-22,8.1,224.093,69.8,3.723,0.0,0.0,8.827828120432635
TX,2011-04-23,8.1,224.093,69.8,3.723,0.0,0.0,8.827828120432635
TX,2011-04-24,8.1,224.093,69.8,3.723,0.0,0.0,8.827828120432635
TX,2011-04-25,8.1,224.093,69.8,3.725,0.0,0.0,7.596764875794326
TX,2011-04-26,8.1,224.093,69.8,3.725,0.0,0.0,7.596764875794326
TX,2011-04-27,8.1,224.093,69.8,3.725,0.0,0.0,7.596764875794326
TX,2011-04-28,8.1,224.093,69.8,3.725,0.0,0.0,7.596764875794326
TX,2011-04-29,8.1,224.093,69.8,3.725,0.0,-0.09999999999999964,7.596764875794326
TX,2011-04-30,8.1,224.093,69.8,3.725,0.0,-0.09999999999999964,7.596764875794326
TX,2011-05-01,8.2,224.806,74.3,3.725,0.0,0.0,7.596764875794326
TX,2011-05-02,8.2,224.806,74.3,3.809,0.0,0.0,7.386523822948976
TX,2011-05-03,8.2,224.806,74.3,3.809,0.0,0.0,7.386523822948976
TX,2011-05-04,8.2,224.806,74.3,3.809,0.0,0.0,7.386523822948976
TX,2011-05-05,8.2,224.806,74.3,3.809,0.0,0.0,7.386523822948976
TX,2011-05-06,8.2,224.806,74.3,3.809,0.0,0.0,7.386523822948976
TX,2011-05-07,8.2,224.806,74.3,3.809,0.0,0.0,7.386523822948976
TX,2011-05-08,8.2,224.806,74.3,3.809,0.0,0.0,7.386523822948976
TX,2011-05-09,8.2,224.806,74.3,3.814,0.0,0.0,4.008726479410973
TX,2011-05-10,8.2,224.806,74.3,3.814,0.0,0.0,4.008726479410973
TX,2011-05-11,8.2,224.806,74.3,3.814,0.0,0.0,4.008726479410973
TX,2011-05-12,8.2,224.806,74.3,3.814,0.0,0.0,4.008726479410973
TX,2011-05-13,8.2,224.806,74.3,3.814,0.0,0.0,4.008726479410973
TX,2011-05-14,8.2,224.806,74.3,3.814,0.0,0.0,4.008726479410973
TX,2011-05-15,8.2,224.806,74.3,3.814,0.0,0.0,4.008726479410973
TX,2011-05-16,8.2,224.806,74.3,3.823,0.0,0.0,2.686005909212996
TX,2011-05-17,8.2,224.806,74.3,3.823,0.0,0.0,2.686005909212996
TX,2011-05-18,8.2,224.806,74.3,3.823,0.0,0.0,2.686005909212996
TX,2011-05-19,8.2,224.806,74.3,3.823,0.0,0.0,2.686005909212996
TX,2011-05-20,8.2,224.806,74.3,3.823,0.0,0.0,2.686005909212996
TX,2011-05-21,8.2,224.806,74.3,3.823,0.0,0.0,2.686005909212996
TX,2011-05-22,8.2,224.806,74.3,3.823,0.0,0.0,2.686005909212996
TX,2011-05-23,8.2,224.806,74.3,3.71,0.0,0.0,-0.4026845637583931
TX,2011-05-24,8.2,224.806,74.3,3.71,0.0,0.0,-0.4026845637583931
TX,2011-05-25,8.2,224.806,74.3,3.71,0.0,0.0,-0.4026845637583931
TX,2011-05-26,8.2,224.806,74.3,3.71,0.0,0.0,-0.4026845637583931
TX,2011-05-27,8.2,224.806,74.3,3.71,0.0,0.0,-0.4026845637583931
TX,2011-05-28,8.2,224.806,74.3,3.71,0.0,0.0,-0.4026845637583931
TX,2011-05-29,8.2,224.806,74.3,3.71,0.0,0.0,-0.4026845637583931
TX,2011-05-30,8.2,224.806,74.3,3.623,0.0,0.09999999999999964,-4.883171436072454
TX,2011-05-31,8.2,224.806,74.3,3.623,0.0,0.09999999999999964,-4.883171436072454
TX,2011-06-01,8.3,224.806,71.5,3.623,0.0,0.20000000000000107,-4.883171436072454
TX,2011-06-02,8.3,224.806,71.5,3.623,0.0,0.20000000000000107,-4.883171436072454
TX,2011-06-03,8.3,224.806,71.5,3.623,0.0,0.20000000000000107,-4.883171436072454
TX,2011-06-04,8.3,224.806,71.5,3.623,0.0,0.20000000000000107,-4.883171436072454
TX,2011-06-05,8.3,224.806,71.5,3.623,0.0,0.20000000000000107,-4.883171436072454
TX,2011-06-06,8.3,224.806,71.5,3.579,0.0,0.20000000000000107,-6.161510225485056
TX,2011-06-07,8.3,224.806,71.5,3.579,0.0,0.20000000000000107,-6.161510225485056
TX,2011-06-08,8.3,224.806,71.5,3.579,0.0,0.20000000000000107,-6.161510225485056
TX,2011-06-09,8.3,224.806,71.5,3.579,0.0,0.20000000000000107,-6.161510225485056
TX,2011-06-10,8.3,224.806,71.5,3.579,0.0,0.20000000000000107,-6.161510225485056
TX,2011-06-11,8.3,224.806,71.5,3.579,0.0,0.20000000000000107,-6.161510225485056
TX,2011-06-12,8.3,224.806,71.5,3.579,0.0,0.20000000000000107,-6.161510225485056
TX,2011-06-13,8.3,224.806,71.5,3.558,0.0,0.20000000000000107,-6.9317290086319705
TX,2011-06-14,8.3,224.806,71.5,3.558,0.0,0.20000000000000107,-6.9317290086319705
TX,2011-06-15,8.3,224.806,71.5,3.558,0.0,0.20000000000000107,-6.9317290086319705
TX,2011-06-16,8.3,224.806,71.5,3.558,0.0,0.20000000000000107,-6.9317290086319705
TX,2011-06-17,8.3,224.806,71.5,3.558,0.0,0.20000000000000107,-6.9317290086319705
TX,2011-06-18,8.3,224.806,71.5,3.558,0.0,0.20000000000000107,-6.9317290086319705
TX,2011-06-19,8.3,224.806,71.5,3.558,0.0,0.20000000000000107,-6.9317290086319705
TX,2011-06-20,8.3,224.806,71.5,3.51,0.0,0.20000000000000107,-5.39083557951483
TX,2011-06-21,8.3,224.806,71.5,3.51,0.0,0.20000000000000107,-5.39083557951483
TX,2011-06-22,8.3,224.806,71.5,3.51,0.0,0.20000000000000107,-5.39083557951483
TX,2011-06-23,8.3,224.806,71.5,3.51,0.0,0.20000000000000107,-5.39083557951483
TX,2011-06-24,8.3,224.806,71.5,3.51,0.0,0.20000000000000107,-5.39083557951483
TX,2011-06-25,8.3,224.806,71.5,3.51,0.0,0.20000000000000107,-5.39083557951483
TX,2011-06-26,8.3,224.806,71.5,3.51,0.0,0.20000000000000107,-5.39083557951483
TX,2011-06-27,8.3,224.806,71.5,3.444,0.0,0.20000000000000107,-4.940656914159547
TX,2011-06-28,8.3,224.806,71.5,3.444,0.0,0.20000000000000107,-4.940656914159547
TX,2011-06-29,8.3,224.806,71.5,3.444,0.0,0.20000000000000107,-4.940656914159547
TX,2011-06-30,8.3,224.806,71.5,3.444,0.0,0.20000000000000107,-4.940656914159547
TX,2011-07-01,8.4,225.395,63.7,3.444,0.0,0.3000000000000007,-4.940656914159547
TX,2011-07-02,8.4,225.395,63.7,3.444,0.0,0.3000000000000007,-4.940656914159547
TX,2011-07-03,8.4,225.395,63.7,3.444,0.0,0.3000000000000007,-4.940656914159547
TX,2011-07-04,8.4,225.395,63.7,3.409,0.0,0.3000000000000007,-4.749930148086068
TX,2011-07-05,8.4,225.395,63.7,3.409,0.0,0.3000000000000007,-4.749930148086068
TX,2011-07-06,8.4,225.395,63.7,3.409,0.0,0.3000000000000007,-4.749930148086068
TX,2011-07-07,8.4,225.395,63.7,3.409,0.0,0.3000000000000007,-4.749930148086068
TX,2011-07-08,8.4,225.395,63.7,3.409,0.0,0.3000000000000007,-4.749930148086068
TX,2011-07-09,8.4,225.395,63.7,3.409,0.0,0.3000000000000007,-4.749930148086068
TX,2011-07-10,8.4,225.395,63.7,3.409,0.0,0.3000000000000007,-4.749930148086068
TX,2011-07-11,8.4,225.395,63.7,3.502,0.0,0.3000000000000007,-1.573917931422153
TX,2011-07-12,8.4,225.395,63.7,3.502,0.0,0.3000000000000007,-1.573917931422153
TX,2011-07-13,8.4,225.395,63.7,3.502,0.0,0.3000000000000007,-1.573917931422153
TX,2011-07-14,8.4,225.395,63.7,3.502,0.0,0.3000000000000007,-1.573917931422153
TX,2011-07-15,8.4,225.395,63.7,3.502,0.0,0.3000000000000007,-1.573917931422153
TX,2011-07-16,8.4,225.395,63.7,3.502,0.0,0.3000000000000007,-1.573917931422153
TX,2011-07-17,8.4,225.395,63.7,3.502,0.0,0.3000000000000007,-1.573917931422153
TX,2011-07-18,8.4,225.395,63.7,3.568,0.0,0.3000000000000007,1.652421652421654
TX,2011-07-19,8.4,225.395,63.7,3.568,0.0,0.3000000000000007,1.652421652421654
TX,2011-07-20,8.4,225.395,63.7,3.568,0.0,0.3000000000000007,1.652421652421654
TX,2011-07-21,8.4,225.395,63.7,3.568,0.0,0.3000000000000007,1.652421652421654
TX,2011-07-22,8.4,225.395,63.7,3.568,0.0,0.3000000000000007,1.652421652421654
TX,2011-07-23,8.4,225.395,63.7,3.568,0.0,0.3000000000000007,1.652421652421654
TX,2011-07-24,8.4,225.395,63.7,3.568,0.0,0.3000000000000007,1.652421652421654
TX,2011-07-25,8.4,225.395,63.7,3.6,0.0,0.3000000000000007,4.529616724738683
TX,2011-07-26,8.4,225.395,63.7,3.6,0.0,0.3000000000000007,4.529616724738683
TX,2011-07-27,8.4,225.395,63.7,3.6,0.0,0.3000000000000007,4.529616724738683
TX,2011-07-28,8.4,225.395,63.7,3.6,0.0,0.3000000000000007,4.529616724738683
TX,2011-07-29,8.4,225.395,63.7,3.6,0.0,0.3000000000000007,4.529616724738683
TX,2011-07-30,8.4,225.395,63.7,3.6,0.0,0.20000000000000107,4.529616724738683
TX,2011-07-31,8.4,225.395,63.7,3.6,0.0,0.20000000000000107,4.529616724738683
TX,2011-08-01,8.2,226.106,55.8,3.602,0.0,0.0,5.661484306248177
TX,2011-08-02,8.2,226.106,55.8,3.602,0.0,0.0,5.661484306248177
TX,2011-08-03,8.2,226.106,55.8,3.602,0.0,0.0,5.661484306248177
TX,2011-08-04,8.2,226.106,55.8,3.602,0.0,0.0,5.661484306248177
TX,2011-08-05,8.2,226.106,55.8,3.602,0.0,0.0,5.661484306248177
TX,2011-08-06,8.2,226.106,55.8,3.602,0.0,0.0,5.661484306248177
TX,2011-08-07,8.2,226.106,55.8,3.602,0.0,0.0,5.661484306248177
TX,2011-08-08,8.2,226.106,55.8,3.558,0.0,0.0,1.59908623643632
TX,2011-08-09,8.2,226.106,55.8,3.558,0.0,0.0,1.59908623643632
TX,2011-08-10,8.2,226.106,55.8,3.558,0.0,0.0,1.59908623643632
TX,2011-08-11,8.2,226.106,55.8,3.558,0.0,0.0,1.59908623643632
TX,2011-08-12,8.2,226.106,55.8,3.558,0.0,0.0,1.59908623643632
TX,2011-08-13,8.2,226.106,55.8,3.558,0.0,0.0,1.59908623643632
TX,2011-08-14,8.2,226.106,55.8,3.558,0.0,0.0,1.59908623643632
TX,2011-08-15,8.2,226.106,55.8,3.489,0.0,0.0,-2.214125560538127
TX,2011-08-16,8.2,226.106,55.8,3.489,0.0,0.0,-2.214125560538127
TX,2011-08-17,8.2,226.106,55.8,3.489,0.0,0.0,-2.214125560538127
TX,2011-08-18,8.2,226.106,55.8,3.489,0.0,0.0,-2.214125560538127
TX,2011-08-19,8.2,226.106,55.8,3.489,0.0,0.0,-2.214125560538127
TX,2011-08-20,8.2,226.106,55.8,3.489,0.0,0.0,-2.214125560538127
TX,2011-08-21,8.2,226.106,55.8,3.489,0.0,0.0,-2.214125560538127
TX,2011-08-22,8.2,226.106,55.8,3.462,0.0,0.0,-3.833333333333333
TX,2011-08-23,8.2,226.106,55.8,3.462,0.0,0.0,-3.833333333333333
TX,2011-08-24,8.2,226.106,55.8,3.462,0.0,0.0,-3.833333333333333
TX,2011-08-25,8.2,226.106,55.8,3.462,0.0,0.0,-3.833333333333333
TX,2011-08-26,8.2,226.106,55.8,3.462,0.0,0.0,-3.833333333333333
TX,2011-08-27,8.2,226.106,55.8,3.462,0.0,0.0,-3.833333333333333
TX,2011-08-28,8.2,226.106,55.8,3.462,0.0,0.0,-3.833333333333333
TX,2011-08-29,8.2,226.106,55.8,3.473,0.0,0.0,-3.5813436979455826
TX,2011-08-30,8.2,226.106,55.8,3.473,0.0,-0.10000000000000142,-3.5813436979455826
TX,2011-08-31,8.2,226.106,55.8,3.473,0.0,-0.10000000000000142,-3.5813436979455826
TX,2011-09-01,8.1,226.597,59.5,3.473,0.0,-0.20000000000000107,-3.5813436979455826
TX,2011-09-02,8.1,226.597,59.5,3.473,0.0,-0.20000000000000107,-3.5813436979455826
TX,2011-09-03,8.1,226.597,59.5,3.473,0.0,-0.20000000000000107,-3.5813436979455826
TX,2011-09-04,8.1,226.597,59.5,3.473,0.0,-0.20000000000000107,-3.5813436979455826
TX,2011-09-05,8.1,226.597,59.5,3.494,0.0,-0.20000000000000107,-1.7987633501967304
TX,2011-09-06,8.1,226.597,59.5,3.494,0.0,-0.20000000000000107,-1.7987633501967304
TX,2011-09-07,8.1,226.597,59.5,3.494,0.0,-0.20000000000000107,-1.7987633501967304
TX,2011-09-08,8.1,226.597,59.5,3.494,0.0,-0.20000000000000107,-1.7987633501967304
TX,2011-09-09,8.1,226.597,59.5,3.494,0.0,-0.20000000000000107,-1.7987633501967304
TX,2011-09-10,8.1,226.597,59.5,3.494,0.0,-0.20000000000000107,-1.7987633501967304
TX,2011-09-11,8.1,226.597,59.5,3.494,0.0,-0.20000000000000107,-1.7987633501967304
TX,2011-09-12,8.1,226.597,59.5,3.472,0.0,-0.20000000000000107,-0.48724562912009217
TX,2011-09-13,8.1,226.597,59.5,3.472,0.0,-0.20000000000000107,-0.48724562912009217
TX,2011-09-14,8.1,226.597,59.5,3.472,0.0,-0.20000000000000107,-0.48724562912009217
TX,2011-09-15,8.1,226.597,59.5,3.472,0.0,-0.20000000000000107,-0.48724562912009217
TX,2011-09-16,8.1,226.597,59.5,3.472,0.0,-0.20000000000000107,-0.48724562912009217
TX,2011-09-17,8.1,226.597,59.5,3.472,0.0,-0.20000000000000107,-0.48724562912009217
TX,2011-09-18,8.1,226.597,59.5,3.472,0.0,-0.20000000000000107,-0.48724562912009217
TX,2011-09-19,8.1,226.597,59.5,3.412,0.0,-0.20000000000000107,-1.444251877527447
TX,2011-09-20,8.1,226.597,59.5,3.412,0.0,-0.20000000000000107,-1.444251877527447
TX,2011-09-21,8.1,226.597,59.5,3.412,0.0,-0.20000000000000107,-1.444251877527447
TX,2011-09-22,8.1,226.597,59.5,3.412,0.0,-0.20000000000000107,-1.444251877527447
TX,2011-09-23,8.1,226.597,59.5,3.412,0.0,-0.20000000000000107,-1.444251877527447
TX,2011-09-24,8.1,226.597,59.5,3.412,0.0,-0.20000000000000107,-1.444251877527447
TX,2011-09-25,8.1,226.597,59.5,3.412,0.0,-0.20000000000000107,-1.444251877527447
TX,2011-09-26,8.1,226.597,59.5,3.309,0.0,-0.20000000000000107,-4.722142240138205
TX,2011-09-27,8.1,226.597,59.5,3.309,0.0,-0.20000000000000107,-4.722142240138205
TX,2011-09-28,8.1,226.597,59.5,3.309,0.0,-0.20000000000000107,-4.722142240138205
TX,2011-09-29,8.1,226.597,59.5,3.309,0.0,-0.3000000000000007,-4.722142240138205
TX,2011-09-30,8.1,226.597,59.5,3.309,0.0,-0.3000000000000007,-4.722142240138205
TX,2011-10-01,7.8,226.75,60.8,3.309,0.0,-0.6000000000000005,-4.722142240138205
TX,2011-10-02,7.8,226.75,60.8,3.309,0.0,-0.6000000000000005,-4.722142240138205
TX,2011-10-03,7.8,226.75,60.8,3.238,0.0,-0.6000000000000005,-7.326846021751576
TX,2011-10-04,7.8,226.75,60.8,3.238,0.0,-0.6000000000000005,-7.326846021751576
TX,2011-10-05,7.8,226.75,60.8,3.238,0.0,-0.6000000000000005,-7.326846021751576
TX,2011-10-06,7.8,226.75,60.8,3.238,0.0,-0.6000000000000005,-7.326846021751576
TX,2011-10-07,7.8,226.75,60.8,3.238,0.0,-0.6000000000000005,-7.326846021751576
TX,2011-10-08,7.8,226.75,60.8,3.238,0.0,-0.6000000000000005,-7.326846021751576
TX,2011-10-09,7.8,226.75,60.8,3.238,0.0,-0.6000000000000005,-7.326846021751576
TX,2011-10-10,7.8,226.75,60.8,3.221,0.0,-0.6000000000000005,-7.229262672811054
TX,2011-10-11,7.8,226.75,60.8,3.221,0.0,-0.6000000000000005,-7.229262672811054
TX,2011-10-12,7.8,226.75,60.8,3.221,0.0,-0.6000000000000005,-7.229262672811054
TX,2011-10-13,7.8,226.75,60.8,3.221,0.0,-0.6000000000000005,-7.229262672811054
TX,2011-10-14,7.8,226.75,60.8,3.221,0.0,-0.6000000000000005,-7.229262672811054
TX,2011-10-15,7.8,226.75,60.8,3.221,0.0,-0.6000000000000005,-7.229262672811054
TX,2011-10-16,7.8,226.75,60.8,3.221,0.0,-0.6000000000000005,-7.229262672811054
TX,2011-10-17,7.8,226.75,60.8,3.301,0.0,-0.6000000000000005,-3.2532239155920184
TX,2011-10-18,7.8,226.75,60.8,3.301,0.0,-0.6000000000000005,-3.2532239155920184
TX,2011-10-19,7.8,226.75,60.8,3.301,0.0,-0.6000000000000005,-3.2532239155920184
TX,2011-10-20,7.8,226.75,60.8,3.301,0.0,-0.6000000000000005,-3.2532239155920184
TX,2011-10-21,7.8,226.75,60.8,3.301,0.0,-0.6000000000000005,-3.2532239155920184
TX,2011-10-22,7.8,226.75,60.8,3.301,0.0,-0.6000000000000005,-3.2532239155920184
TX,2011-10-23,7.8,226.75,60.8,3.301,0.0,-0.6000000000000005,-3.2532239155920184
TX,2011-10-24,7.8,226.75,60.8,3.3,0.0,-0.6000000000000005,-0.2719854941069966
TX,2011-10-25,7.8,226.75,60.8,3.3,0.0,-0.6000000000000005,-0.2719854941069966
TX,2011-10-26,7.8,226.75,60.8,3.3,0.0,-0.6000000000000005,-0.2719854941069966
TX,2011-10-27,7.8,226.75,60.8,3.3,0.0,-0.6000000000000005,-0.2719854941069966
TX,2011-10-28,7.8,226.75,60.8,3.3,0.0,-0.6000000000000005,-0.2719854941069966
TX,2011-10-29,7.8,226.75,60.8,3.3,0.0,-0.6000000000000005,-0.2719854941069966
TX,2011-10-30,7.8,226.75,60.8,3.3,0.0,-0.39999999999999947,-0.2719854941069966
TX,2011-10-31,7.8,226.75,60.8,3.26,0.0,-0.39999999999999947,0.6794317479925871
TX,2011-11-01,7.5,227.169,63.7,3.26,0.0,-0.6999999999999993,0.6794317479925871
TX,2011-11-02,7.5,227.169,63.7,3.26,0.0,-0.6999999999999993,0.6794317479925871
TX,2011-11-03,7.5,227.169,63.7,3.26,0.0,-0.6999999999999993,0.6794317479925871
TX,2011-11-04,7.5,227.169,63.7,3.26,0.0,-0.6999999999999993,0.6794317479925871
TX,2011-11-05,7.5,227.169,63.7,3.26,0.0,-0.6999999999999993,0.6794317479925871
TX,2011-11-06,7.5,227.169,63.7,3.26,0.0,-0.6999999999999993,0.6794317479925871
TX,2011-11-07,7.5,227.169,63.7,3.224,0.0,-0.6999999999999993,0.09313877677741278
TX,2011-11-08,7.5,227.169,63.7,3.224,0.0,-0.6999999999999993,0.09313877677741278
TX,2011-11-09,7.5,227.169,63.7,3.224,0.0,-0.6999999999999993,0.09313877677741278
TX,2011-11-10,7.5,227.169,63.7,3.224,0.0,-0.6999999999999993,0.09313877677741278
TX,2011-11-11,7.5,227.169,63.7,3.224,0.0,-0.6999999999999993,0.09313877677741278
TX,2011-11-12,7.5,227.169,63.7,3.224,0.0,-0.6999999999999993,0.09313877677741278
TX,2011-11-13,7.5,227.169,63.7,3.224,0.0,-0.6999999999999993,0.09313877677741278
TX,2011-11-14,7.5,227.169,63.7,3.231,0.0,-0.6999999999999993,-2.120569524386562
TX,2011-11-15,7.5,227.169,63.7,3.231,0.0,-0.6999999999999993,-2.120569524386562
TX,2011-11-16,7.5,227.169,63.7,3.231,0.0,-0.6999999999999993,-2.120569524386562
TX,2011-11-17,7.5,227.169,63.7,3.231,0.0,-0.6999999999999993,-2.120569524386562
TX,2011-11-18,7.5,227.169,63.7,3.231,0.0,-0.6999999999999993,-2.120569524386562
TX,2011-11-19,7.5,227.169,63.7,3.231,0.0,-0.6999999999999993,-2.120569524386562
TX,2011-11-20,7.5,227.169,63.7,3.231,0.0,-0.6999999999999993,-2.120569524386562
TX,2011-11-21,7.5,227.169,63.7,3.163,0.0,-0.6999999999999993,-4.1515151515151505
TX,2011-11-22,7.5,227.169,63.7,3.163,0.0,-0.6999999999999993,-4.1515151515151505
TX,2011-11-23,7.5,227.169,63.7,3.163,0.0,-0.6999999999999993,-4.1515151515151505
TX,2011-11-24,7.5,227.169,63.7,3.163,0.0,-0.6999999999999993,-4.1515151515151505
TX,2011-11-25,7.5,227.169,63.7,3.163,0.0,-0.6999999999999993,-4.1515151515151505
TX,2011-11-26,7.5,227.169,63.7,3.163,0.0,-0.6999999999999993,-4.1515151515151505
TX,2011-11-27,7.5,227.169,63.7,3.163,0.0,-0.6999999999999993,-4.1515151515151505
TX,2011-11-28,7.5,227.169,63.7,3.112,0.0,-0.6999999999999993,-4.539877300613493
TX,2011-11-29,7.5,227.169,63.7,3.112,0.0,-0.6999999999999993,-4.539877300613493
TX,2011-11-30,7.5,227.169,63.7,3.112,0.0,-0.5999999999999996,-4.539877300613493
TX,2011-12-01,7.3,227.223,69.9,3.112,0.0,-0.7999999999999998,-4.539877300613493
TX,2011-12-02,7.3,227.223,69.9,3.112,0.0,-0.7999999999999998,-4.539877300613493
TX,2011-12-03,7.3,227.223,69.9,3.112,0.0,-0.7999999999999998,-4.539877300613493
TX,2011-12-04,7.3,227.223,69.9,3.112,0.0,-0.7999999999999998,-4.539877300613493
TX,2011-12-05,7.3,227.223,69.9,3.09,0.0,-0.7999999999999998,-4.156327543424332
TX,2011-12-06,7.3,227.223,69.9,3.09,0.0,-0.7999999999999998,-4.156327543424332
TX,2011-12-07,7.3,227.223,69.9,3.09,0.0,-0.7999999999999998,-4.156327543424332
TX,2011-12-08,7.3,227.223,69.9,3.09,0.0,-0.7999999999999998,-4.156327543424332
TX,2011-12-09,7.3,227.223,69.9,3.09,0.0,-0.7999999999999998,-4.156327543424332
TX,2011-12-10,7.3,227.223,69.9,3.09,0.0,-0.7999999999999998,-4.156327543424332
TX,2011-12-11,7.3,227.223,69.9,3.09,0.0,-0.7999999999999998,-4.156327543424332
TX,2011-12-12,7.3,227.223,69.9,3.087,0.0,-0.7999999999999998,-4.456824512534807
TX,2011-12-13,7.3,227.223,69.9,3.087,0.0,-0.7999999999999998,-4.456824512534807
TX,2011-12-14,7.3,227.223,69.9,3.087,0.0,-0.7999999999999998,-4.456824512534807
TX,2011-12-15,7.3,227.223,69.9,3.087,0.0,-0.7999999999999998,-4.456824512534807
TX,2011-12-16,7.3,227.223,69.9,3.087,0.0,-0.7999999999999998,-4.456824512534807
TX,2011-12-17,7.3,227.223,69.9,3.087,0.0,-0.7999999999999998,-4.456824512534807
TX,2011-12-18,7.3,227.223,69.9,3.087,0.0,-0.7999999999999998,-4.456824512534807
TX,2011-12-19,7.3,227.223,69.9,3.041,0.0,-0.7999999999999998,-3.857097692064493
TX,2011-12-20,7.3,227.223,69.9,3.041,0.0,-0.7999999999999998,-3.857097692064493
TX,2011-12-21,7.3,227.223,69.9,3.041,0.0,-0.7999999999999998,-3.857097692064493
TX,2011-12-22,7.3,227.223,69.9,3.041,0.0,-0.7999999999999998,-3.857097692064493
TX,2011-12-23,7.3,227.223,69.9,3.041,0.0,-0.7999999999999998,-3.857097692064493
TX,2011-12-24,7.3,227.223,69.9,3.041,0.0,-0.7999999999999998,-3.857097692064493
TX,2011-12-25,7.3,227.223,69.9,3.041,0.0,-0.7999999999999998,-3.857097692064493
TX,2011-12-26,7.3,227.223,69.9,3.056,0.0,-0.7999999999999998,-1.799485861182526
TX,2011-12-27,7.3,227.223,69.9,3.056,0.0,-0.7999999999999998,-1.799485861182526
TX,2011-12-28,7.3,227.223,69.9,3.056,0.0,-0.7999999999999998,-1.799485861182526
TX,2011-12-29,7.3,227.223,69.9,3.056,0.0,-0.7999999999999998,-1.799485861182526
TX,2011-12-30,7.3,227.223,69.9,3.056,0.0,-0.5,-1.799485861182526
TX,2011-12-31,7.3,227.223,69.9,3.056,0.0,-0.5,-1.799485861182526
TX,2012-01-01,7.1,227.842,75.0,3.056,0.0,-0.7000000000000002,-1.799485861182526
TX,2012-01-02,7.1,227.842,75.0,3.097,0.0,-0.7000000000000002,0.22653721682848182
TX,2012-01-03,7.1,227.842,75.0,3.097,0.0,-0.7000000000000002,0.22653721682848182
TX,2012-01-04,7.1,227.842,75.0,3.097,0.0,-0.7000000000000002,0.22653721682848182
TX,2012-01-05,7.1,227.842,75.0,3.097,0.0,-0.7000000000000002,0.22653721682848182
TX,2012-01-06,7.1,227.842,75.0,3.097,0.0,-0.7000000000000002,0.22653721682848182
TX,2012-01-07,7.1,227.842,75.0,3.097,0.0,-0.7000000000000002,0.22653721682848182
TX,2012-01-08,7.1,227.842,75.0,3.097,0.0,-0.7000000000000002,0.22653721682848182
TX,2012-01-09,7.1,227.842,75.0,3.2,0.0,-0.7000000000000002,3.660511823777135
TX,2012-01-10,7.1,227.842,75.0,3.2,0.0,-0.7000000000000002,3.660511823777135
TX,2012-01-11,7.1,227.842,75.0,3.2,0.0,-0.7000000000000002,3.660511823777135
TX,2012-01-12,7.1,227.842,75.0,3.2,0.0,-0.7000000000000002,3.660511823777135
TX,2012-01-13,7.1,227.842,75.0,3.2,0.0,-0.7000000000000002,3.660511823777135
TX,2012-01-14,7.1,227.842,75.0,3.2,0.0,-0.7000000000000002,3.660511823777135
TX,2012-01-15,7.1,227.842,75.0,3.2,0.0,-0.7000000000000002,3.660511823777135
TX,2012-01-16,7.1,227.842,75.0,3.21,0.0,-0.7000000000000002,5.557382439986847
TX,2012-01-17,7.1,227.842,75.0,3.21,0.0,-0.7000000000000002,5.557382439986847
TX,2012-01-18,7.1,227.842,75.0,3.21,0.0,-0.7000000000000002,5.557382439986847
TX,2012-01-19,7.1,227.842,75.0,3.21,0.0,-0.7000000000000002,5.557382439986847
TX,2012-01-20,7.1,227.842,75.0,3.21,0.0,-0.7000000000000002,5.557382439986847
TX,2012-01-21,7.1,227.842,75.0,3.21,0.0,-0.7000000000000002,5.557382439986847
TX,2012-01-22,7.1,227.842,75.0,3.21,0.0,-0.7000000000000002,5.557382439986847
TX,2012-01-23,7.1,227.842,75.0,3.228,0.0,-0.7000000000000002,5.628272251308908
TX,2012-01-24,7.1,227.842,75.0,3.228,0.0,-0.7000000000000002,5.628272251308908
TX,2012-01-25,7.1,227.842,75.0,3.228,0.0,-0.7000000000000002,5.628272251308908
TX,2012-01-26,7.1,227.842,75.0,3.228,0.0,-0.7000000000000002,5.628272251308908
TX,2012-01-27,7.1,227.842,75.0,3.228,0.0,-0.7000000000000002,5.628272251308908
TX,2012-01-28,7.1,227.842,75.0,3.228,0.0,-0.7000000000000002,5.628272251308908
TX,2012-01-29,7.1,227.842,75.0,3.228,2.67870823531533,-0.7000000000000002,5.628272251308908
TX,2012-01-30,7.1,227.842,75.0,3.291,2.67870823531533,-0.40000000000000036,6.264126574103979
TX,2012-01-31,7.1,227.842,75.0,3.291,2.67870823531533,-0.40000000000000036,6.264126574103979
TX,2012-02-01,7.0,228.329,75.3,3.291,2.8981784423473878,-0.5,6.264126574103979
TX,2012-02-02,7.0,228.329,75.3,3.291,2.8981784423473878,-0.5,6.264126574103979
TX,2012-02-03,7.0,228.329,75.3,3.291,2.8981784423473878,-0.5,6.264126574103979
TX,2012-02-04,7.0,228.329,75.3,3.291,2.8981784423473878,-0.5,6.264126574103979
TX,2012-02-05,7.0,228.329,75.3,3.291,2.8981784423473878,-0.5,6.264126574103979
TX,2012-02-06,7.0,228.329,75.3,3.349,2.8981784423473878,-0.5,4.656250000000006
TX,2012-02-07,7.0,228.329,75.3,3.349,2.8981784423473878,-0.5,4.656250000000006
TX,2012-02-08,7.0,228.329,75.3,3.349,2.8981784423473878,-0.5,4.656250000000006
TX,2012-02-09,7.0,228.329,75.3,3.349,2.8981784423473878,-0.5,4.656250000000006
TX,2012-02-10,7.0,228.329,75.3,3.349,2.8981784423473878,-0.5,4.656250000000006
TX,2012-02-11,7.0,228.329,75.3,3.349,2.8981784423473878,-0.5,4.656250000000006
TX,2012-02-12,7.0,228.329,75.3,3.349,2.8981784423473878,-0.5,4.656250000000006
TX,2012-02-13,7.0,228.329,75.3,3.431,2.8981784423473878,-0.5,6.88473520249222
TX,2012-02-14,7.0,228.329,75.3,3.431,2.8981784423473878,-0.5,6.88473520249222
TX,2012-02-15,7.0,228.329,75.3,3.431,2.8981784423473878,-0.5,6.88473520249222
TX,2012-02-16,7.0,228.329,75.3,3.431,2.8981784423473878,-0.5,6.88473520249222
TX,2012-02-17,7.0,228.329,75.3,3.431,2.8981784423473878,-0.5,6.88473520249222
TX,2012-02-18,7.0,228.329,75.3,3.431,2.8981784423473878,-0.5,6.88473520249222
TX,2012-02-19,7.0,228.329,75.3,3.431,2.8981784423473878,-0.5,6.88473520249222
TX,2012-02-20,7.0,228.329,75.3,3.479,2.8981784423473878,-0.5,7.775712515489452
TX,2012-02-21,7.0,228.329,75.3,3.479,2.8981784423473878,-0.5,7.775712515489452
TX,2012-02-22,7.0,228.329,75.3,3.479,2.8981784423473878,-0.5,7.775712515489452
TX,2012-02-23,7.0,228.329,75.3,3.479,2.8981784423473878,-0.5,7.775712515489452
TX,2012-02-24,7.0,228.329,75.3,3.479,2.8981784423473878,-0.5,7.775712515489452
TX,2012-02-25,7.0,228.329,75.3,3.479,2.8981784423473878,-0.5,7.775712515489452
TX,2012-02-26,7.0,228.329,75.3,3.479,2.8981784423473878,-0.5,7.775712515489452
TX,2012-02-27,7.0,228.329,75.3,3.558,2.8981784423473878,-0.5,8.113035551504089
TX,2012-02-28,7.0,228.329,75.3,3.558,2.8981784423473878,-0.5,8.113035551504089
TX,2012-02-29,7.0,228.329,75.3,3.558,2.3685697120773286,-0.2999999999999998,8.113035551504089
TX,2012-03-01,6.7,228.807,76.2,3.558,2.5828752813320977,-0.5999999999999996,8.113035551504089
TX,2012-03-02,6.7,228.807,76.2,3.558,2.5828752813320977,-0.5999999999999996,8.113035551504089
TX,2012-03-03,6.7,228.807,76.2,3.558,2.5828752813320977,-0.5999999999999996,8.113035551504089
TX,2012-03-04,6.7,228.807,76.2,3.558,2.5828752813320977,-0.5999999999999996,8.113035551504089
TX,2012-03-05,6.7,228.807,76.2,3.606,2.5828752813320977,-0.5999999999999996,7.673932517169302
TX,2012-03-06,6.7,228.807,76.2,3.606,2.5828752813320977,-0.5999999999999996,7.673932517169302
TX,2012-03-07,6.7,228.807,76.2,3.606,2.5828752813320977,-0.5999999999999996,7.673932517169302
TX,2012-03-08,6.7,228.807,76.2,3.606,2.5828752813320977,-0.5999999999999996,7.673932517169302
TX,2012-03-09,6.7,228.807,76.2,3.606,2.5828752813320977,-0.5999999999999996,7.673932517169302
TX,2012-03-10,6.7,228.807,76.2,3.606,2.5828752813320977,-0.5999999999999996,7.673932517169302
TX,2012-03-11,6.7,228.807,76.2,3.606,2.5828752813320977,-0.5999999999999996,7.673932517169302
TX,2012-03-12,6.7,228.807,76.2,3.647,2.5828752813320977,-0.5999999999999996,6.295540658700083
TX,2012-03-13,6.7,228.807,76.2,3.647,2.5828752813320977,-0.5999999999999996,6.295540658700083
TX,2012-03-14,6.7,228.807,76.2,3.647,2.5828752813320977,-0.5999999999999996,6.295540658700083
TX,2012-03-15,6.7,228.807,76.2,3.647,2.5828752813320977,-0.5999999999999996,6.295540658700083
TX,2012-03-16,6.7,228.807,76.2,3.647,2.5828752813320977,-0.5999999999999996,6.295540658700083
TX,2012-03-17,6.7,228.807,76.2,3.647,2.5828752813320977,-0.5999999999999996,6.295540658700083
TX,2012-03-18,6.7,228.807,76.2,3.647,2.5828752813320977,-0.5999999999999996,6.295540658700083
TX,2012-03-19,6.7,228.807,76.2,3.698,2.5828752813320977,-0.5999999999999996,6.294912331129621
TX,2012-03-20,6.7,228.807,76.2,3.698,2.5828752813320977,-0.5999999999999996,6.294912331129621
TX,2012-03-21,6.7,228.807,76.2,3.698,2.5828752813320977,-0.5999999999999996,6.294912331129621
TX,2012-03-22,6.7,228.807,76.2,3.698,2.5828752813320977,-0.5999999999999996,6.294912331129621
TX,2012-03-23,6.7,228.807,76.2,3.698,2.5828752813320977,-0.5999999999999996,6.294912331129621
TX,2012-03-24,6.7,228.807,76.2,3.698,2.5828752813320977,-0.5999999999999996,6.294912331129621
TX,2012-03-25,6.7,228.807,76.2,3.698,2.5828752813320977,-0.5999999999999996,6.294912331129621
TX,2012-03-26,6.7,228.807,76.2,3.758,2.5828752813320977,-0.5999999999999996,5.621135469364824
TX,2012-03-27,6.7,228.807,76.2,3.758,2.5828752813320977,-0.5999999999999996,5.621135469364824
TX,2012-03-28,6.7,228.807,76.2,3.758,2.5828752813320977,-0.5999999999999996,5.621135469364824
TX,2012-03-29,6.7,228.807,76.2,3.758,2.5828752813320977,-0.5999999999999996,5.621135469364824
TX,2012-03-30,6.7,228.807,76.2,3.758,2.5828752813320977,-0.5999999999999996,5.621135469364824
TX,2012-03-31,6.7,228.807,76.2,3.758,2.103590919841314,-0.39999999999999947,5.621135469364824
TX,2012-04-01,6.8,229.187,76.4,3.758,2.2731633741348567,-0.2999999999999998,5.621135469364824
TX,2012-04-02,6.8,229.187,76.4,3.802,2.2731633741348567,-0.2999999999999998,5.435385468663334
TX,2012-04-03,6.8,229.187,76.4,3.802,2.2731633741348567,-0.2999999999999998,5.435385468663334
TX,2012-04-04,6.8,229.187,76.4,3.802,2.2731633741348567,-0.2999999999999998,5.435385468663334
TX,2012-04-05,6.8,229.187,76.4,3.802,2.2731633741348567,-0.2999999999999998,5.435385468663334
TX,2012-04-06,6.8,229.187,76.4,3.802,2.2731633741348567,-0.2999999999999998,5.435385468663334
TX,2012-04-07,6.8,229.187,76.4,3.802,2.2731633741348567,-0.2999999999999998,5.435385468663334
TX,2012-04-08,6.8,229.187,76.4,3.802,2.2731633741348567,-0.2999999999999998,5.435385468663334
TX,2012-04-09,6.8,229.187,76.4,3.818,2.2731633741348567,-0.2999999999999998,4.688785302988774
TX,2012-04-10,6.8,229.187,76.4,3.818,2.2731633741348567,-0.2999999999999998,4.688785302988774
TX,2012-04-11,6.8,229.187,76.4,3.818,2.2731633741348567,-0.2999999999999998,4.688785302988774
TX,2012-04-12,6.8,229.187,76.4,3.818,2.2731633741348567,-0.2999999999999998,4.688785302988774
TX,2012-04-13,6.8,229.187,76.4,3.818,2.2731633741348567,-0.2999999999999998,4.688785302988774
TX,2012-04-14,6.8,229.187,76.4,3.818,2.2731633741348567,-0.2999999999999998,4.688785302988774
TX,2012-04-15,6.8,229.187,76.4,3.818,2.2731633741348567,-0.2999999999999998,4.688785302988774
TX,2012-04-16,6.8,229.187,76.4,3.802,2.2731633741348567,-0.2999999999999998,2.8123309897241766
TX,2012-04-17,6.8,229.187,76.4,3.802,2.2731633741348567,-0.2999999999999998,2.8123309897241766
TX,2012-04-18,6.8,229.187,76.4,3.802,2.2731633741348567,-0.2999999999999998,2.8123309897241766
TX,2012-04-19,6.8,229.187,76.4,3.802,2.2731633741348567,-0.2999999999999998,2.8123309897241766
TX,2012-04-20,6.8,229.187,76.4,3.802,2.2731633741348567,-0.2999999999999998,2.8123309897241766
TX,2012-04-21,6.8,229.187,76.4,3.802,2.2731633741348567,-0.2999999999999998,2.8123309897241766
TX,2012-04-22,6.8,229.187,76.4,3.802,2.2731633741348567,-0.2999999999999998,2.8123309897241766
TX,2012-04-23,6.8,229.187,76.4,3.747,2.2731633741348567,-0.2999999999999998,-0.2927088877062278
TX,2012-04-24,6.8,229.187,76.4,3.747,2.2731633741348567,-0.2999999999999998,-0.2927088877062278
TX,2012-04-25,6.8,229.187,76.4,3.747,2.2731633741348567,-0.2999999999999998,-0.2927088877062278
TX,2012-04-26,6.8,229.187,76.4,3.747,2.2731633741348567,-0.2999999999999998,-0.2927088877062278
TX,2012-04-27,6.8,229.187,76.4,3.747,2.2731633741348567,-0.2999999999999998,-0.2927088877062278
TX,2012-04-28,6.8,229.187,76.4,3.747,2.2731633741348567,-0.2999999999999998,-0.2927088877062278
TX,2012-04-29,6.8,229.187,76.4,3.747,2.2731633741348567,-0.2999999999999998,-0.2927088877062278
TX,2012-04-30,6.8,229.187,76.4,3.685,1.9487914023647024,-0.2999999999999998,-3.077327722251444
TX,2012-05-01,6.8,228.713,79.3,3.685,1.7379429374660749,-0.20000000000000018,-3.077327722251444
TX,2012-05-02,6.8,228.713,79.3,3.685,1.7379429374660749,-0.20000000000000018,-3.077327722251444
TX,2012-05-03,6.8,228.713,79.3,3.685,1.7379429374660749,-0.20000000000000018,-3.077327722251444
TX,2012-05-04,6.8,228.713,79.3,3.685,1.7379429374660749,-0.20000000000000018,-3.077327722251444
TX,2012-05-05,6.8,228.713,79.3,3.685,1.7379429374660749,-0.20000000000000018,-3.077327722251444
TX,2012-05-06,6.8,228.713,79.3,3.685,1.7379429374660749,-0.20000000000000018,-3.077327722251444
TX,2012-05-07,6.8,228.713,79.3,3.622,1.7379429374660749,-0.20000000000000018,-5.133577789418553
TX,2012-05-08,6.8,228.713,79.3,3.622,1.7379429374660749,-0.20000000000000018,-5.133577789418553
TX,2012-05-09,6.8,228.713,79.3,3.622,1.7379429374660749,-0.20000000000000018,-5.133577789418553
TX,2012-05-10,6.8,228.713,79.3,3.622,1.7379429374660749,-0.20000000000000018,-5.133577789418553
TX,2012-05-11,6.8,228.713,79.3,3.622,1.7379429374660749,-0.20000000000000018,-5.133577789418553
TX,2012-05-12,6.8,228.713,79.3,3.622,1.7379429374660749,-0.20000000000000018,-5.133577789418553
TX,2012-05-13,6.8,228.713,79.3,3.622,1.7379429374660749,-0.20000000000000018,-5.133577789418553
TX,2012-05-14,6.8,228.713,79.3,3.558,1.7379429374660749,-0.20000000000000018,-6.417674907943194
TX,2012-05-15,6.8,228.713,79.3,3.558,1.7379429374660749,-0.20000000000000018,-6.417674907943194
TX,2012-05-16,6.8,228.713,79.3,3.558,1.7379429374660749,-0.20000000000000018,-6.417674907943194
TX,2012-05-17,6.8,228.713,79.3,3.558,1.7379429374660749,-0.20000000000000018,-6.417674907943194
TX,2012-05-18,6.8,228.713,79.3,3.558,1.7379429374660749,-0.20000000000000018,-6.417674907943194
TX,2012-05-19,6.8,228.713,79.3,3.558,1.7379429374660749,-0.20000000000000018,-6.417674907943194
TX,2012-05-20,6.8,228.713,79.3,3.558,1.7379429374660749,-0.20000000000000018,-6.417674907943194
TX,2012-05-21,6.8,228.713,79.3,3.489,1.7379429374660749,-0.20000000000000018,-6.885508406725382
TX,2012-05-22,6.8,228.713,79.3,3.489,1.7379429374660749,-0.20000000000000018,-6.885508406725382
TX,2012-05-23,6.8,228.713,79.3,3.489,1.7379429374660749,-0.20000000000000018,-6.885508406725382
TX,2012-05-24,6.8,228.713,79.3,3.489,1.7379429374660749,-0.20000000000000018,-6.885508406725382
TX,2012-05-25,6.8,228.713,79.3,3.489,1.7379429374660749,-0.20000000000000018,-6.885508406725382
TX,2012-05-26,6.8,228.713,79.3,3.489,1.7379429374660749,-0.20000000000000018,-6.885508406725382
TX,2012-05-27,6.8,228.713,79.3,3.489,1.7379429374660749,-0.20000000000000018,-6.885508406725382
TX,2012-05-28,6.8,228.713,79.3,3.422,1.7379429374660749,-0.20000000000000018,-7.137042062415189
TX,2012-05-29,6.8,228.713,79.3,3.422,1.7379429374660749,-0.20000000000000018,-7.137042062415189
TX,2012-05-30,6.8,228.713,79.3,3.422,1.7379429374660749,0.09999999999999964,-7.137042062415189
TX,2012-05-31,6.8,228.713,79.3,3.422,1.7379429374660749,0.09999999999999964,-7.137042062415189
TX,2012-06-01,6.8,228.524,73.2,3.422,1.653870448297634,0.09999999999999964,-7.137042062415189
TX,2012-06-02,6.8,228.524,73.2,3.422,1.653870448297634,0.09999999999999964,-7.137042062415189
TX,2012-06-03,6.8,228.524,73.2,3.422,1.653870448297634,0.09999999999999964,-7.137042062415189
TX,2012-06-04,6.8,228.524,73.2,3.371,1.653870448297634,0.09999999999999964,-6.9298729983434555
TX,2012-06-05,6.8,228.524,73.2,3.371,1.653870448297634,0.09999999999999964,-6.9298729983434555
TX,2012-06-06,6.8,228.524,73.2,3.371,1.653870448297634,0.09999999999999964,-6.9298729983434555
TX,2012-06-07,6.8,228.524,73.2,3.371,1.653870448297634,0.09999999999999964,-6.9298729983434555
TX,2012-06-08,6.8,228.524,73.2,3.371,1.653870448297634,0.09999999999999964,-6.9298729983434555
TX,2012-06-09,6.8,228.524,73.2,3.371,1.653870448297634,0.09999999999999964,-6.9298729983434555
TX,2012-06-10,6.8,228.524,73.2,3.371,1.653870448297634,0.09999999999999964,-6.9298729983434555
TX,2012-06-11,6.8,228.524,73.2,3.311,1.653870448297634,0.09999999999999964,-6.942102304665543
TX,2012-06-12,6.8,228.524,73.2,3.311,1.653870448297634,0.09999999999999964,-6.942102304665543
TX,2012-06-13,6.8,228.524,73.2,3.311,1.653870448297634,0.09999999999999964,-6.942102304665543
TX,2012-06-14,6.8,228.524,73.2,3.311,1.653870448297634,0.09999999999999964,-6.942102304665543
TX,2012-06-15,6.8,228.524,73.2,3.311,1.653870448297634,0.09999999999999964,-6.942102304665543
TX,2012-06-16,6.8,228.524,73.2,3.311,1.653870448297634,0.09999999999999964,-6.942102304665543
TX,2012-06-17,6.8,228.524,73.2,3.311,1.653870448297634,0.09999999999999964,-6.942102304665543
TX,2012-06-18,6.8,228.524,73.2,3.267,1.653870448297634,0.09999999999999964,-6.362854686156494
TX,2012-06-19,6.8,228.524,73.2,3.267,1.653870448297634,0.09999999999999964,-6.362854686156494
TX,2012-06-20,6.8,228.524,73.2,3.267,1.653870448297634,0.09999999999999964,-6.362854686156494
TX,2012-06-21,6.8,228.524,73.2,3.267,1.653870448297634,0.09999999999999964,-6.362854686156494
TX,2012-06-22,6.8,228.524,73.2,3.267,1.653870448297634,0.09999999999999964,-6.362854686156494
TX,2012-06-23,6.8,228.524,73.2,3.267,1.653870448297634,0.09999999999999964,-6.362854686156494
TX,2012-06-24,6.8,228.524,73.2,3.267,1.653870448297634,0.09999999999999964,-6.362854686156494
TX,2012-06-25,6.8,228.524,73.2,3.195,1.653870448297634,0.09999999999999964,-6.633547632963188
TX,2012-06-26,6.8,228.524,73.2,3.195,1.653870448297634,0.09999999999999964,-6.633547632963188
TX,2012-06-27,6.8,228.524,73.2,3.195,1.653870448297634,0.09999999999999964,-6.633547632963188
TX,2012-06-28,6.8,228.524,73.2,3.195,1.653870448297634,0.09999999999999964,-6.633547632963188
TX,2012-06-29,6.8,228.524,73.2,3.195,1.653870448297634,0.09999999999999964,-6.633547632963188
TX,2012-06-30,6.8,228.524,73.2,3.195,1.3882295525632804,0.0,-6.633547632963188
TX,2012-07-01,6.7,228.59,72.3,3.195,1.4175114798464783,-0.09999999999999964,-6.633547632963188
TX,2012-07-02,6.7,228.59,72.3,3.125,1.4175114798464783,-0.09999999999999964,-7.297537822604571
TX,2012-07-03,6.7,228.59,72.3,3.125,1.4175114798464783,-0.09999999999999964,-7.297537822604571
TX,2012-07-04,6.7,228.59,72.3,3.125,1.4175114798464783,-0.09999999999999964,-7.297537822604571
TX,2012-07-05,6.7,228.59,72.3,3.125,1.4175114798464783,-0.09999999999999964,-7.297537822604571
TX,2012-07-06,6.7,228.59,72.3,3.125,1.4175114798464783,-0.09999999999999964,-7.297537822604571
TX,2012-07-07,6.7,228.59,72.3,3.125,1.4175114798464783,-0.09999999999999964,-7.297537822604571
TX,2012-07-08,6.7,228.59,72.3,3.125,1.4175114798464783,-0.09999999999999964,-7.297537822604571
TX,2012-07-09,6.7,228.59,72.3,3.16,1.4175114798464783,-0.09999999999999964,-4.560555723346416
TX,2012-07-10,6.7,228.59,72.3,3.16,1.4175114798464783,-0.09999999999999964,-4.560555723346416
TX,2012-07-11,6.7,228.59,72.3,3.16,1.4175114798464783,-0.09999999999999964,-4.560555723346416
TX,2012-07-12,6.7,228.59,72.3,3.16,1.4175114798464783,-0.09999999999999964,-4.560555723346416
TX,2012-07-13,6.7,228.59,72.3,3.16,1.4175114798464783,-0.09999999999999964,-4.560555723346416
TX,2012-07-14,6.7,228.59,72.3,3.16,1.4175114798464783,-0.09999999999999964,-4.560555723346416
TX,2012-07-15,6.7,228.59,72.3,3.16,1.4175114798464783,-0.09999999999999964,-4.560555723346416
TX,2012-07-16,6.7,228.59,72.3,3.201,1.4175114798464783,-0.09999999999999964,-2.020202020202011
TX,2012-07-17,6.7,228.59,72.3,3.201,1.4175114798464783,-0.09999999999999964,-2.020202020202011
TX,2012-07-18,6.7,228.59,72.3,3.201,1.4175114798464783,-0.09999999999999964,-2.020202020202011
TX,2012-07-19,6.7,228.59,72.3,3.201,1.4175114798464783,-0.09999999999999964,-2.020202020202011
TX,2012-07-20,6.7,228.59,72.3,3.201,1.4175114798464783,-0.09999999999999964,-2.020202020202011
TX,2012-07-21,6.7,228.59,72.3,3.201,1.4175114798464783,-0.09999999999999964,-2.020202020202011
TX,2012-07-22,6.7,228.59,72.3,3.201,1.4175114798464783,-0.09999999999999964,-2.020202020202011
TX,2012-07-23,6.7,228.59,72.3,3.294,1.4175114798464783,-0.09999999999999964,3.0985915492957705
TX,2012-07-24,6.7,228.59,72.3,3.294,1.4175114798464783,-0.09999999999999964,3.0985915492957705
TX,2012-07-25,6.7,228.59,72.3,3.294,1.4175114798464783,-0.09999999999999964,3.0985915492957705
TX,2012-07-26,6.7,228.59,72.3,3.294,1.4175114798464783,-0.09999999999999964,3.0985915492957705
TX,2012-07-27,6.7,228.59,72.3,3.294,1.4175114798464783,-0.09999999999999964,3.0985915492957705
TX,2012-07-28,6.7,228.59,72.3,3.294,1.4175114798464783,-0.09999999999999964,3.0985915492957705
TX,2012-07-29,6.7,228.59,72.3,3.294,1.4175114798464783,-0.09999999999999964,3.0985915492957705
TX,2012-07-30,6.7,228.59,72.3,3.31,1.4175114798464783,-0.09999999999999964,5.919999999999992
TX,2012-07-31,6.7,228.59,72.3,3.31,1.0985997717884555,-0.09999999999999964,5.919999999999992
TX,2012-08-01,6.6,229.918,74.3,3.31,1.6859349154821235,-0.20000000000000018,5.919999999999992
TX,2012-08-02,6.6,229.918,74.3,3.31,1.6859349154821235,-0.20000000000000018,5.919999999999992
TX,2012-08-03,6.6,229.918,74.3,3.31,1.6859349154821235,-0.20000000000000018,5.919999999999992
TX,2012-08-04,6.6,229.918,74.3,3.31,1.6859349154821235,-0.20000000000000018,5.919999999999992
TX,2012-08-05,6.6,229.918,74.3,3.31,1.6859349154821235,-0.20000000000000018,5.919999999999992
TX,2012-08-06,6.6,229.918,74.3,3.412,1.6859349154821235,-0.20000000000000018,7.974683544303796
TX,2012-08-07,6.6,229.918,74.3,3.412,1.6859349154821235,-0.20000000000000018,7.974683544303796
TX,2012-08-08,6.6,229.918,74.3,3.412,1.6859349154821235,-0.20000000000000018,7.974683544303796
TX,2012-08-09,6.6,229.918,74.3,3.412,1.6859349154821235,-0.20000000000000018,7.974683544303796
TX,2012-08-10,6.6,229.918,74.3,3.412,1.6859349154821235,-0.20000000000000018,7.974683544303796
TX,2012-08-11,6.6,229.918,74.3,3.412,1.6859349154821235,-0.20000000000000018,7.974683544303796
TX,2012-08-12,6.6,229.918,74.3,3.412,1.6859349154821235,-0.20000000000000018,7.974683544303796
TX,2012-08-13,6.6,229.918,74.3,3.488,1.6859349154821235,-0.20000000000000018,8.96594814120586
TX,2012-08-14,6.6,229.918,74.3,3.488,1.6859349154821235,-0.20000000000000018,8.96594814120586
TX,2012-08-15,6.6,229.918,74.3,3.488,1.6859349154821235,-0.20000000000000018,8.96594814120586
TX,2012-08-16,6.6,229.918,74.3,3.488,1.6859349154821235,-0.20000000000000018,8.96594814120586
TX,2012-08-17,6.6,229.918,74.3,3.488,1.6859349154821235,-0.20000000000000018,8.96594814120586
TX,2012-08-18,6.6,229.918,74.3,3.488,1.6859349154821235,-0.20000000000000018,8.96594814120586
TX,2012-08-19,6.6,229.918,74.3,3.488,1.6859349154821235,-0.20000000000000018,8.96594814120586
TX,2012-08-20,6.6,229.918,74.3,3.546,1.6859349154821235,-0.20000000000000018,7.650273224043702
TX,2012-08-21,6.6,229.918,74.3,3.546,1.6859349154821235,-0.20000000000000018,7.650273224043702
TX,2012-08-22,6.6,229.918,74.3,3.546,1.6859349154821235,-0.20000000000000018,7.650273224043702
TX,2012-08-23,6.6,229.918,74.3,3.546,1.6859349154821235,-0.20000000000000018,7.650273224043702
TX,2012-08-24,6.6,229.918,74.3,3.546,1.6859349154821235,-0.20000000000000018,7.650273224043702
TX,2012-08-25,6.6,229.918,74.3,3.546,1.6859349154821235,-0.20000000000000018,7.650273224043702
TX,2012-08-26,6.6,229.918,74.3,3.546,1.6859349154821235,-0.20000000000000018,7.650273224043702
TX,2012-08-27,6.6,229.918,74.3,3.582,1.6859349154821235,-0.20000000000000018,8.217522658610266
TX,2012-08-28,6.6,229.918,74.3,3.582,1.6859349154821235,-0.20000000000000018,8.217522658610266
TX,2012-08-29,6.6,229.918,74.3,3.582,1.6859349154821235,-0.20000000000000018,8.217522658610266
TX,2012-08-30,6.6,229.918,74.3,3.582,1.6859349154821235,-0.20000000000000018,8.217522658610266
TX,2012-08-31,6.6,229.918,74.3,3.582,1.4655975145301925,-0.20000000000000018,8.217522658610266
TX,2012-09-01,6.5,231.015,78.3,3.582,1.9497168982819613,-0.2999999999999998,8.217522658610266
TX,2012-09-02,6.5,231.015,78.3,3.582,1.9497168982819613,-0.2999999999999998,8.217522658610266
TX,2012-09-03,6.5,231.015,78.3,3.645,1.9497168982819613,-0.2999999999999998,6.828839390386876
TX,2012-09-04,6.5,231.015,78.3,3.645,1.9497168982819613,-0.2999999999999998,6.828839390386876
TX,2012-09-05,6.5,231.015,78.3,3.645,1.9497168982819613,-0.2999999999999998,6.828839390386876
TX,2012-09-06,6.5,231.015,78.3,3.645,1.9497168982819613,-0.2999999999999998,6.828839390386876
TX,2012-09-07,6.5,231.015,78.3,3.645,1.9497168982819613,-0.2999999999999998,6.828839390386876
TX,2012-09-08,6.5,231.015,78.3,3.645,1.9497168982819613,-0.2999999999999998,6.828839390386876
TX,2012-09-09,6.5,231.015,78.3,3.645,1.9497168982819613,-0.2999999999999998,6.828839390386876
TX,2012-09-10,6.5,231.015,78.3,3.641,1.9497168982819613,-0.2999999999999998,4.386467889908263
TX,2012-09-11,6.5,231.015,78.3,3.641,1.9497168982819613,-0.2999999999999998,4.386467889908263
TX,2012-09-12,6.5,231.015,78.3,3.641,1.9497168982819613,-0.2999999999999998,4.386467889908263
TX,2012-09-13,6.5,231.015,78.3,3.641,1.9497168982819613,-0.2999999999999998,4.386467889908263
TX,2012-09-14,6.5,231.015,78.3,3.641,1.9497168982819613,-0.2999999999999998,4.386467889908263
TX,2012-09-15,6.5,231.015,78.3,3.641,1.9497168982819613,-0.2999999999999998,4.386467889908263
TX,2012-09-16,6.5,231.015,78.3,3.641,1.9497168982819613,-0.2999999999999998,4.386467889908263
TX,2012-09-17,6.5,231.015,78.3,3.655,1.9497168982819613,-0.2999999999999998,3.0738860688099168
TX,2012-09-18,6.5,231.015,78.3,3.655,1.9497168982819613,-0.2999999999999998,3.0738860688099168
TX,2012-09-19,6.5,231.015,78.3,3.655,1.9497168982819613,-0.2999999999999998,3.0738860688099168
TX,2012-09-20,6.5,231.015,78.3,3.655,1.9497168982819613,-0.2999999999999998,3.0738860688099168
TX,2012-09-21,6.5,231.015,78.3,3.655,1.9497168982819613,-0.2999999999999998,3.0738860688099168
TX,2012-09-22,6.5,231.015,78.3,3.655,1.9497168982819613,-0.2999999999999998,3.0738860688099168
TX,2012-09-23,6.5,231.015,78.3,3.655,1.9497168982819613,-0.2999999999999998,3.0738860688099168
TX,2012-09-24,6.5,231.015,78.3,3.6,1.9497168982819613,-0.2999999999999998,0.5025125628140836
TX,2012-09-25,6.5,231.015,78.3,3.6,1.9497168982819613,-0.2999999999999998,0.5025125628140836
TX,2012-09-26,6.5,231.015,78.3,3.6,1.9497168982819613,-0.2999999999999998,0.5025125628140836
TX,2012-09-27,6.5,231.015,78.3,3.6,1.9497168982819613,-0.2999999999999998,0.5025125628140836
TX,2012-09-28,6.5,231.015,78.3,3.6,1.9497168982819613,-0.2999999999999998,0.5025125628140836
TX,2012-09-29,6.5,231.015,78.3,3.6,1.9497168982819613,-0.20000000000000018,0.5025125628140836
TX,2012-09-30,6.5,231.015,78.3,3.6,1.8809261300992253,-0.20000000000000018,0.5025125628140836
TX,2012-10-01,6.5,231.638,82.6,3.555,2.1556780595369363,-0.20000000000000018,-2.4691358024691357
TX,2012-10-02,6.5,231.638,82.6,3.555,2.1556780595369363,-0.20000000000000018,-2.4691358024691357
TX,2012-10-03,6.5,231.638,82.6,3.555,2.1556780595369363,-0.20000000000000018,-2.4691358024691357
TX,2012-10-04,6.5,231.638,82.6,3.555,2.1556780595369363,-0.20000000000000018,-2.4691358024691357
TX,2012-10-05,6.5,231.638,82.6,3.555,2.1556780595369363,-0.20000000000000018,-2.4691358024691357
TX,2012-10-06,6.5,231.638,82.6,3.555,2.1556780595369363,-0.20000000000000018,-2.4691358024691357
TX,2012-10-07,6.5,231.638,82.6,3.555,2.1556780595369363,-0.20000000000000018,-2.4691358024691357
TX,2012-10-08,6.5,231.638,82.6,3.537,2.1556780595369363,-0.20000000000000018,-2.8563581433672103
TX,2012-10-09,6.5,231.638,82.6,3.537,2.1556780595369363,-0.20000000000000018,-2.8563581433672103
TX,2012-10-10,6.5,231.638,82.6,3.537,2.1556780595369363,-0.20000000000000018,-2.8563581433672103
TX,2012-10-11,6.5,231.638,82.6,3.537,2.1556780595369363,-0.20000000000000018,-2.8563581433672103
TX,2012-10-12,6.5,231.638,82.6,3.537,2.1556780595369363,-0.20000000000000018,-2.8563581433672103
TX,2012-10-13,6.5,231.638,82.6,3.537,2.1556780595369363,-0.20000000000000018,-2.8563581433672103
TX,2012-10-14,6.5,231.638,82.6,3.537,2.1556780595369363,-0.20000000000000018,-2.8563581433672103
TX,2012-10-15,6.5,231.638,82.6,3.544,2.1556780595369363,-0.20000000000000018,-3.036935704514354
TX,2012-10-16,6.5,231.638,82.6,3.544,2.1556780595369363,-0.20000000000000018,-3.036935704514354
TX,2012-10-17,6.5,231.638,82.6,3.544,2.1556780595369363,-0.20000000000000018,-3.036935704514354
TX,2012-10-18,6.5,231.638,82.6,3.544,2.1556780595369363,-0.20000000000000018,-3.036935704514354
TX,2012-10-19,6.5,231.638,82.6,3.544,2.1556780595369363,-0.20000000000000018,-3.036935704514354
TX,2012-10-20,6.5,231.638,82.6,3.544,2.1556780595369363,-0.20000000000000018,-3.036935704514354
TX,2012-10-21,6.5,231.638,82.6,3.544,2.1556780595369363,-0.20000000000000018,-3.036935704514354
TX,2012-10-22,6.5,231.638,82.6,3.449,2.1556780595369363,-0.20000000000000018,-4.194444444444456
TX,2012-10-23,6.5,231.638,82.6,3.449,2.1556780595369363,-0.20000000000000018,-4.194444444444456
TX,2012-10-24,6.5,231.638,82.6,3.449,2.1556780595369363,-0.20000000000000018,-4.194444444444456
TX,2012-10-25,6.5,231.638,82.6,3.449,2.1556780595369363,-0.20000000000000018,-4.194444444444456
TX,2012-10-26,6.5,231.638,82.6,3.449,2.1556780595369363,-0.20000000000000018,-4.194444444444456
TX,2012-10-27,6.5,231.638,82.6,3.449,2.1556780595369363,-0.20000000000000018,-4.194444444444456
TX,2012-10-28,6.5,231.638,82.6,3.449,2.1556780595369363,-0.20000000000000018,-4.194444444444456
TX,2012-10-29,6.5,231.638,82.6,3.337,2.1556780595369363,-0.20000000000000018,-6.132208157524611
TX,2012-10-30,6.5,231.638,82.6,3.337,2.1556780595369363,-0.09999999999999964,-6.132208157524611
TX,2012-10-31,6.5,231.638,82.6,3.337,1.9672578564857046,-0.09999999999999964,-6.132208157524611
TX,2012-11-01,6.5,231.249,82.7,3.337,1.7960197033926262,-0.09999999999999964,-6.132208157524611
TX,2012-11-02,6.5,231.249,82.7,3.337,1.7960197033926262,-0.09999999999999964,-6.132208157524611
TX,2012-11-03,6.5,231.249,82.7,3.337,1.7960197033926262,-0.09999999999999964,-6.132208157524611
TX,2012-11-04,6.5,231.249,82.7,3.337,1.7960197033926262,-0.09999999999999964,-6.132208157524611
TX,2012-11-05,6.5,231.249,82.7,3.271,1.7960197033926262,-0.09999999999999964,-7.520497596833476
TX,2012-11-06,6.5,231.249,82.7,3.271,1.7960197033926262,-0.09999999999999964,-7.520497596833476
TX,2012-11-07,6.5,231.249,82.7,3.271,1.7960197033926262,-0.09999999999999964,-7.520497596833476
TX,2012-11-08,6.5,231.249,82.7,3.271,1.7960197033926262,-0.09999999999999964,-7.520497596833476
TX,2012-11-09,6.5,231.249,82.7,3.271,1.7960197033926262,-0.09999999999999964,-7.520497596833476
TX,2012-11-10,6.5,231.249,82.7,3.271,1.7960197033926262,-0.09999999999999964,-7.520497596833476
TX,2012-11-11,6.5,231.249,82.7,3.271,1.7960197033926262,-0.09999999999999964,-7.520497596833476
TX,2012-11-12,6.5,231.249,82.7,3.205,1.7960197033926262,-0.09999999999999964,-9.565462753950339
TX,2012-11-13,6.5,231.249,82.7,3.205,1.7960197033926262,-0.09999999999999964,-9.565462753950339
TX,2012-11-14,6.5,231.249,82.7,3.205,1.7960197033926262,-0.09999999999999964,-9.565462753950339
TX,2012-11-15,6.5,231.249,82.7,3.205,1.7960197033926262,-0.09999999999999964,-9.565462753950339
TX,2012-11-16,6.5,231.249,82.7,3.205,1.7960197033926262,-0.09999999999999964,-9.565462753950339
TX,2012-11-17,6.5,231.249,82.7,3.205,1.7960197033926262,-0.09999999999999964,-9.565462753950339
TX,2012-11-18,6.5,231.249,82.7,3.205,1.7960197033926262,-0.09999999999999964,-9.565462753950339
TX,2012-11-19,6.5,231.249,82.7,3.166,1.7960197033926262,-0.09999999999999964,-8.205276891852709
TX,2012-11-20,6.5,231.249,82.7,3.166,1.7960197033926262,-0.09999999999999964,-8.205276891852709
TX,2012-11-21,6.5,231.249,82.7,3.166,1.7960197033926262,-0.09999999999999964,-8.205276891852709
TX,2012-11-22,6.5,231.249,82.7,3.166,1.7960197033926262,-0.09999999999999964,-8.205276891852709
TX,2012-11-23,6.5,231.249,82.7,3.166,1.7960197033926262,-0.09999999999999964,-8.205276891852709
TX,2012-11-24,6.5,231.249,82.7,3.166,1.7960197033926262,-0.09999999999999964,-8.205276891852709
TX,2012-11-25,6.5,231.249,82.7,3.166,1.7960197033926262,-0.09999999999999964,-8.205276891852709
TX,2012-11-26,6.5,231.249,82.7,3.173,1.7960197033926262,-0.09999999999999964,-4.914593946658674
TX,2012-11-27,6.5,231.249,82.7,3.173,1.7960197033926262,-0.09999999999999964,-4.914593946658674
TX,2012-11-28,6.5,231.249,82.7,3.173,1.7960197033926262,-0.09999999999999964,-4.914593946658674
TX,2012-11-29,6.5,231.249,82.7,3.173,1.7960197033926262,-0.09999999999999964,-4.914593946658674
TX,2012-11-30,6.5,231.249,82.7,3.173,1.7718276758954765,0.0,-4.914593946658674
TX,2012-12-01,6.5,231.221,72.9,3.173,1.7595049796895523,0.0,-4.914593946658674
TX,2012-12-02,6.5,231.221,72.9,3.173,1.7595049796895523,0.0,-4.914593946658674
TX,2012-12-03,6.5,231.221,72.9,3.158,1.7595049796895523,0.0,-3.454601039437477
TX,2012-12-04,6.5,231.221,72.9,3.158,1.7595049796895523,0.0,-3.454601039437477
TX,2012-12-05,6.5,231.221,72.9,3.158,1.7595049796895523,0.0,-3.454601039437477
TX,2012-12-06,6.5,231.221,72.9,3.158,1.7595049796895523,0.0,-3.454601039437477
TX,2012-12-07,6.5,231.221,72.9,3.158,1.7595049796895523,0.0,-3.454601039437477
TX,2012-12-08,6.5,231.221,72.9,3.158,1.7595049796895523,0.0,-3.454601039437477
TX,2012-12-09,6.5,231.221,72.9,3.158,1.7595049796895523,0.0,-3.454601039437477
TX,2012-12-10,6.5,231.221,72.9,3.122,1.7595049796895523,0.0,-2.5897035881435326
TX,2012-12-11,6.5,231.221,72.9,3.122,1.7595049796895523,0.0,-2.5897035881435326
TX,2012-12-12,6.5,231.221,72.9,3.122,1.7595049796895523,0.0,-2.5897035881435326
TX,2012-12-13,6.5,231.221,72.9,3.122,1.7595049796895523,0.0,-2.5897035881435326
TX,2012-12-14,6.5,231.221,72.9,3.122,1.7595049796895523,0.0,-2.5897035881435326
TX,2012-12-15,6.5,231.221,72.9,3.122,1.7595049796895523,0.0,-2.5897035881435326
TX,2012-12-16,6.5,231.221,72.9,3.122,1.7595049796895523,0.0,-2.5897035881435326
TX,2012-12-17,6.5,231.221,72.9,3.045,1.7595049796895523,0.0,-3.821857233101711
TX,2012-12-18,6.5,231.221,72.9,3.045,1.7595049796895523,0.0,-3.821857233101711
TX,2012-12-19,6.5,231.221,72.9,3.045,1.7595049796895523,0.0,-3.821857233101711
TX,2012-12-20,6.5,231.221,72.9,3.045,1.7595049796895523,0.0,-3.821857233101711
TX,2012-12-21,6.5,231.221,72.9,3.045,1.7595049796895523,0.0,-3.821857233101711
TX,2012-12-22,6.5,231.221,72.9,3.045,1.7595049796895523,0.0,-3.821857233101711
TX,2012-12-23,6.5,231.221,72.9,3.045,1.7595049796895523,0.0,-3.821857233101711
TX,2012-12-24,6.5,231.221,72.9,3.054,1.7595049796895523,0.0,-3.7503939489442195
TX,2012-12-25,6.5,231.221,72.9,3.054,1.7595049796895523,0.0,-3.7503939489442195
TX,2012-12-26,6.5,231.221,72.9,3.054,1.7595049796895523,0.0,-3.7503939489442195
TX,2012-12-27,6.5,231.221,72.9,3.054,1.7595049796895523,0.0,-3.7503939489442195
TX,2012-12-28,6.5,231.221,72.9,3.054,1.7595049796895523,0.0,-3.7503939489442195
TX,2012-12-29,6.5,231.221,72.9,3.054,1.7595049796895523,0.0,-3.7503939489442195
TX,2012-12-30,6.5,231.221,72.9,3.054,1.7595049796895523,0.0,-3.7503939489442195
TX,2012-12-31,6.5,231.221,72.9,3.107,1.4830452682121686,0.0,-1.61494616846104
TX,2013-01-01,6.5,231.679,73.8,3.107,1.684061762098299,0.0,-1.61494616846104
TX,2013-01-02,6.5,231.679,73.8,3.107,1.684061762098299,0.0,-1.61494616846104
TX,2013-01-03,6.5,231.679,73.8,3.107,1.684061762098299,0.0,-1.61494616846104
TX,2013-01-04,6.5,231.679,73.8,3.107,1.684061762098299,0.0,-1.61494616846104
TX,2013-01-05,6.5,231.679,73.8,3.107,1.684061762098299,0.0,-1.61494616846104
TX,2013-01-06,6.5,231.679,73.8,3.107,1.684061762098299,0.0,-1.61494616846104
TX,2013-01-07,6.5,231.679,73.8,3.167,1.684061762098299,0.0,1.4413837283792308
TX,2013-01-08,6.5,231.679,73.8,3.167,1.684061762098299,0.0,1.4413837283792308
TX,2013-01-09,6.5,231.679,73.8,3.167,1.684061762098299,0.0,1.4413837283792308
TX,2013-01-10,6.5,231.679,73.8,3.167,1.684061762098299,0.0,1.4413837283792308
TX,2013-01-11,6.5,231.679,73.8,3.167,1.684061762098299,0.0,1.4413837283792308
TX,2013-01-12,6.5,231.679,73.8,3.167,1.684061762098299,0.0,1.4413837283792308
TX,2013-01-13,6.5,231.679,73.8,3.167,1.684061762098299,0.0,1.4413837283792308
TX,2013-01-14,6.5,231.679,73.8,3.165,1.684061762098299,0.0,3.9408866995073843
TX,2013-01-15,6.5,231.679,73.8,3.165,1.684061762098299,0.0,3.9408866995073843
TX,2013-01-16,6.5,231.679,73.8,3.165,1.684061762098299,0.0,3.9408866995073843
TX,2013-01-17,6.5,231.679,73.8,3.165,1.684061762098299,0.0,3.9408866995073843
TX,2013-01-18,6.5,231.679,73.8,3.165,1.684061762098299,0.0,3.9408866995073843
TX,2013-01-19,6.5,231.679,73.8,3.165,1.684061762098299,0.0,3.9408866995073843
TX,2013-01-20,6.5,231.679,73.8,3.165,1.684061762098299,0.0,3.9408866995073843
TX,2013-01-21,6.5,231.679,73.8,3.152,1.684061762098299,0.0,3.208906352324825
TX,2013-01-22,6.5,231.679,73.8,3.152,1.684061762098299,0.0,3.208906352324825
TX,2013-01-23,6.5,231.679,73.8,3.152,1.684061762098299,0.0,3.208906352324825
TX,2013-01-24,6.5,231.679,73.8,3.152,1.684061762098299,0.0,3.208906352324825
TX,2013-01-25,6.5,231.679,73.8,3.152,1.684061762098299,0.0,3.208906352324825
TX,2013-01-26,6.5,231.679,73.8,3.152,1.684061762098299,0.0,3.208906352324825
TX,2013-01-27,6.5,231.679,73.8,3.152,1.684061762098299,0.0,3.208906352324825
TX,2013-01-28,6.5,231.679,73.8,3.164,1.684061762098299,0.0,1.8345671065336244
TX,2013-01-29,6.5,231.679,73.8,3.164,1.684061762098299,0.0,1.8345671065336244
TX,2013-01-30,6.5,231.679,73.8,3.164,1.684061762098299,0.0,1.8345671065336244
TX,2013-01-31,6.5,231.679,73.8,3.164,1.467181128984918,0.0,1.8345671065336244
TX,2013-02-01,6.6,232.937,77.6,3.164,2.0181404902574807,0.09999999999999964,1.8345671065336244
TX,2013-02-02,6.6,232.937,77.6,3.164,2.0181404902574807,0.09999999999999964,1.8345671065336244
TX,2013-02-03,6.6,232.937,77.6,3.164,2.0181404902574807,0.09999999999999964,1.8345671065336244
TX,2013-02-04,6.6,232.937,77.6,3.332,2.0181404902574807,0.09999999999999964,5.209977897063478
TX,2013-02-05,6.6,232.937,77.6,3.332,2.0181404902574807,0.09999999999999964,5.209977897063478
TX,2013-02-06,6.6,232.937,77.6,3.332,2.0181404902574807,0.09999999999999964,5.209977897063478
TX,2013-02-07,6.6,232.937,77.6,3.332,2.0181404902574807,0.09999999999999964,5.209977897063478
TX,2013-02-08,6.6,232.937,77.6,3.332,2.0181404902574807,0.09999999999999964,5.209977897063478
TX,2013-02-09,6.6,232.937,77.6,3.332,2.0181404902574807,0.09999999999999964,5.209977897063478
TX,2013-02-10,6.6,232.937,77.6,3.332,2.0181404902574807,0.09999999999999964,5.209977897063478
TX,2013-02-11,6.6,232.937,77.6,3.383,2.0181404902574807,0.09999999999999964,6.887835703001577
TX,2013-02-12,6.6,232.937,77.6,3.383,2.0181404902574807,0.09999999999999964,6.887835703001577
TX,2013-02-13,6.6,232.937,77.6,3.383,2.0181404902574807,0.09999999999999964,6.887835703001577
TX,2013-02-14,6.6,232.937,77.6,3.383,2.0181404902574807,0.09999999999999964,6.887835703001577
TX,2013-02-15,6.6,232.937,77.6,3.383,2.0181404902574807,0.09999999999999964,6.887835703001577
TX,2013-02-16,6.6,232.937,77.6,3.383,2.0181404902574807,0.09999999999999964,6.887835703001577
TX,2013-02-17,6.6,232.937,77.6,3.383,2.0181404902574807,0.09999999999999964,6.887835703001577
TX,2013-02-18,6.6,232.937,77.6,3.533,2.0181404902574807,0.09999999999999964,12.087563451776639
TX,2013-02-19,6.6,232.937,77.6,3.533,2.0181404902574807,0.09999999999999964,12.087563451776639
TX,2013-02-20,6.6,232.937,77.6,3.533,2.0181404902574807,0.09999999999999964,12.087563451776639
TX,2013-02-21,6.6,232.937,77.6,3.533,2.0181404902574807,0.09999999999999964,12.087563451776639
TX,2013-02-22,6.6,232.937,77.6,3.533,2.0181404902574807,0.09999999999999964,12.087563451776639
TX,2013-02-23,6.6,232.937,77.6,3.533,2.0181404902574807,0.09999999999999964,12.087563451776639
TX,2013-02-24,6.6,232.937,77.6,3.533,2.0181404902574807,0.09999999999999964,12.087563451776639
TX,2013-02-25,6.6,232.937,77.6,3.624,2.0181404902574807,0.09999999999999964,14.5385587863464
TX,2013-02-26,6.6,232.937,77.6,3.624,2.0181404902574807,0.09999999999999964,14.5385587863464
TX,2013-02-27,6.6,232.937,77.6,3.624,2.0181404902574807,0.09999999999999964,14.5385587863464
TX,2013-02-28,6.6,232.937,77.6,3.624,2.0181404902574807,0.09999999999999964,14.5385587863464
TX,2013-03-01,6.6,232.282,78.6,3.624,1.5187472411246183,0.09999999999999964,14.5385587863464
TX,2013-03-02,6.6,232.282,78.6,3.624,1.5187472411246183,0.09999999999999964,14.5385587863464
TX,2013-03-03,6.6,232.282,78.6,3.624,1.5187472411246183,0.09999999999999964,14.5385587863464
TX,2013-03-04,6.6,232.282,78.6,3.576,1.5187472411246183,0.09999999999999964,7.3229291716686795
TX,2013-03-05,6.6,232.282,78.6,3.576,1.5187472411246183,0.09999999999999964,7.3229291716686795
TX,2013-03-06,6.6,232.282,78.6,3.576,1.5187472411246183,0.09999999999999964,7.3229291716686795
TX,2013-03-07,6.6,232.282,78.6,3.576,1.5187472411246183,0.09999999999999964,7.3229291716686795
TX,2013-03-08,6.6,232.282,78.6,3.576,1.5187472411246183,0.09999999999999964,7.3229291716686795
TX,2013-03-09,6.6,232.282,78.6,3.576,1.5187472411246183,0.09999999999999964,7.3229291716686795
TX,2013-03-10,6.6,232.282,78.6,3.576,1.5187472411246183,0.09999999999999964,7.3229291716686795
TX,2013-03-11,6.6,232.282,78.6,3.542,1.5187472411246183,0.09999999999999964,4.699970440437484
TX,2013-03-12,6.6,232.282,78.6,3.542,1.5187472411246183,0.09999999999999964,4.699970440437484
TX,2013-03-13,6.6,232.282,78.6,3.542,1.5187472411246183,0.09999999999999964,4.699970440437484
TX,2013-03-14,6.6,232.282,78.6,3.542,1.5187472411246183,0.09999999999999964,4.699970440437484
TX,2013-03-15,6.6,232.282,78.6,3.542,1.5187472411246183,0.09999999999999964,4.699970440437484
TX,2013-03-16,6.6,232.282,78.6,3.542,1.5187472411246183,0.09999999999999964,4.699970440437484
TX,2013-03-17,6.6,232.282,78.6,3.542,1.5187472411246183,0.09999999999999964,4.699970440437484
TX,2013-03-18,6.6,232.282,78.6,3.522,1.5187472411246183,0.09999999999999964,-0.31135012737051326
TX,2013-03-19,6.6,232.282,78.6,3.522,1.5187472411246183,0.09999999999999964,-0.31135012737051326
TX,2013-03-20,6.6,232.282,78.6,3.522,1.5187472411246183,0.09999999999999964,-0.31135012737051326
TX,2013-03-21,6.6,232.282,78.6,3.522,1.5187472411246183,0.09999999999999964,-0.31135012737051326
TX,2013-03-22,6.6,232.282,78.6,3.522,1.5187472411246183,0.09999999999999964,-0.31135012737051326
TX,2013-03-23,6.6,232.282,78.6,3.522,1.5187472411246183,0.09999999999999964,-0.31135012737051326
TX,2013-03-24,6.6,232.282,78.6,3.522,1.5187472411246183,0.09999999999999964,-0.31135012737051326
TX,2013-03-25,6.6,232.282,78.6,3.505,1.5187472411246183,0.09999999999999964,-3.283664459161151
TX,2013-03-26,6.6,232.282,78.6,3.505,1.5187472411246183,0.09999999999999964,-3.283664459161151
TX,2013-03-27,6.6,232.282,78.6,3.505,1.5187472411246183,0.09999999999999964,-3.283664459161151
TX,2013-03-28,6.6,232.282,78.6,3.505,1.5187472411246183,0.09999999999999964,-3.283664459161151
TX,2013-03-29,6.6,232.282,78.6,3.505,1.5187472411246183,0.09999999999999964,-3.283664459161151
TX,2013-03-30,6.6,232.282,78.6,3.505,1.5187472411246183,0.09999999999999964,-3.283664459161151
TX,2013-03-31,6.6,232.282,78.6,3.505,1.5187472411246183,0.09999999999999964,-3.283664459161151
TX,2013-04-01,6.5,231.797,76.4,3.48,1.138808047576867,0.0,-2.684563758389269
TX,2013-04-02,6.5,231.797,76.4,3.48,1.138808047576867,0.0,-2.684563758389269
TX,2013-04-03,6.5,231.797,76.4,3.48,1.138808047576867,0.0,-2.684563758389269
TX,2013-04-04,6.5,231.797,76.4,3.48,1.138808047576867,0.0,-2.684563758389269
TX,2013-04-05,6.5,231.797,76.4,3.48,1.138808047576867,0.0,-2.684563758389269
TX,2013-04-06,6.5,231.797,76.4,3.48,1.138808047576867,0.0,-2.684563758389269
TX,2013-04-07,6.5,231.797,76.4,3.48,1.138808047576867,0.0,-2.684563758389269
TX,2013-04-08,6.5,231.797,76.4,3.434,1.138808047576867,0.0,-3.0491247882552086
TX,2013-04-09,6.5,231.797,76.4,3.434,1.138808047576867,0.0,-3.0491247882552086
TX,2013-04-10,6.5,231.797,76.4,3.434,1.138808047576867,0.0,-3.0491247882552086
TX,2013-04-11,6.5,231.797,76.4,3.434,1.138808047576867,0.0,-3.0491247882552086
TX,2013-04-12,6.5,231.797,76.4,3.434,1.138808047576867,0.0,-3.0491247882552086
TX,2013-04-13,6.5,231.797,76.4,3.434,1.138808047576867,0.0,-3.0491247882552086
TX,2013-04-14,6.5,231.797,76.4,3.434,1.138808047576867,0.0,-3.0491247882552086
TX,2013-04-15,6.5,231.797,76.4,3.363,1.138808047576867,0.0,-4.514480408858601
TX,2013-04-16,6.5,231.797,76.4,3.363,1.138808047576867,0.0,-4.514480408858601
TX,2013-04-17,6.5,231.797,76.4,3.363,1.138808047576867,0.0,-4.514480408858601
TX,2013-04-18,6.5,231.797,76.4,3.363,1.138808047576867,0.0,-4.514480408858601
TX,2013-04-19,6.5,231.797,76.4,3.363,1.138808047576867,0.0,-4.514480408858601
TX,2013-04-20,6.5,231.797,76.4,3.363,1.138808047576867,0.0,-4.514480408858601
TX,2013-04-21,6.5,231.797,76.4,3.363,1.138808047576867,0.0,-4.514480408858601
TX,2013-04-22,6.5,231.797,76.4,3.324,1.138808047576867,0.0,-5.164051355206844
TX,2013-04-23,6.5,231.797,76.4,3.324,1.138808047576867,0.0,-5.164051355206844
TX,2013-04-24,6.5,231.797,76.4,3.324,1.138808047576867,0.0,-5.164051355206844
TX,2013-04-25,6.5,231.797,76.4,3.324,1.138808047576867,0.0,-5.164051355206844
TX,2013-04-26,6.5,231.797,76.4,3.324,1.138808047576867,0.0,-5.164051355206844
TX,2013-04-27,6.5,231.797,76.4,3.324,1.138808047576867,0.0,-5.164051355206844
TX,2013-04-28,6.5,231.797,76.4,3.324,1.138808047576867,0.0,-5.164051355206844
TX,2013-04-29,6.5,231.797,76.4,3.295,1.138808047576867,0.0,-5.316091954022994
TX,2013-04-30,6.5,231.797,76.4,3.295,1.138808047576867,0.0,-5.316091954022994
TX,2013-05-01,6.5,231.893,84.5,3.295,1.3903888279197085,0.0,-5.316091954022994
TX,2013-05-02,6.5,231.893,84.5,3.295,1.3903888279197085,-0.09999999999999964,-5.316091954022994
TX,2013-05-03,6.5,231.893,84.5,3.295,1.3903888279197085,-0.09999999999999964,-5.316091954022994
TX,2013-05-04,6.5,231.893,84.5,3.295,1.3903888279197085,-0.09999999999999964,-5.316091954022994
TX,2013-05-05,6.5,231.893,84.5,3.295,1.3903888279197085,-0.09999999999999964,-5.316091954022994
TX,2013-05-06,6.5,231.893,84.5,3.299,1.3903888279197085,-0.09999999999999964,-3.931275480489227
TX,2013-05-07,6.5,231.893,84.5,3.299,1.3903888279197085,-0.09999999999999964,-3.931275480489227
TX,2013-05-08,6.5,231.893,84.5,3.299,1.3903888279197085,-0.09999999999999964,-3.931275480489227
TX,2013-05-09,6.5,231.893,84.5,3.299,1.3903888279197085,-0.09999999999999964,-3.931275480489227
TX,2013-05-10,6.5,231.893,84.5,3.299,1.3903888279197085,-0.09999999999999964,-3.931275480489227
TX,2013-05-11,6.5,231.893,84.5,3.299,1.3903888279197085,-0.09999999999999964,-3.931275480489227
TX,2013-05-12,6.5,231.893,84.5,3.299,1.3903888279197085,-0.09999999999999964,-3.931275480489227
TX,2013-05-13,6.5,231.893,84.5,3.364,1.3903888279197085,-0.09999999999999964,0.029735355337501268
TX,2013-05-14,6.5,231.893,84.5,3.364,1.3903888279197085,-0.09999999999999964,0.029735355337501268
TX,2013-05-15,6.5,231.893,84.5,3.364,1.3903888279197085,-0.09999999999999964,0.029735355337501268
TX,2013-05-16,6.5,231.893,84.5,3.364,1.3903888279197085,-0.09999999999999964,0.029735355337501268
TX,2013-05-17,6.5,231.893,84.5,3.364,1.3903888279197085,-0.09999999999999964,0.029735355337501268
TX,2013-05-18,6.5,231.893,84.5,3.364,1.3903888279197085,-0.09999999999999964,0.029735355337501268
TX,2013-05-19,6.5,231.893,84.5,3.364,1.3903888279197085,-0.09999999999999964,0.029735355337501268
TX,2013-05-20,6.5,231.893,84.5,3.392,1.3903888279197085,-0.09999999999999964,2.0457280385078214
TX,2013-05-21,6.5,231.893,84.5,3.392,1.3903888279197085,-0.09999999999999964,2.0457280385078214
TX,2013-05-22,6.5,231.893,84.5,3.392,1.3903888279197085,-0.09999999999999964,2.0457280385078214
TX,2013-05-23,6.5,231.893,84.5,3.392,1.3903888279197085,-0.09999999999999964,2.0457280385078214
TX,2013-05-24,6.5,231.893,84.5,3.392,1.3903888279197085,-0.09999999999999964,2.0457280385078214
TX,2013-05-25,6.5,231.893,84.5,3.392,1.3903888279197085,-0.09999999999999964,2.0457280385078214
TX,2013-05-26,6.5,231.893,84.5,3.392,1.3903888279197085,-0.09999999999999964,2.0457280385078214
TX,2013-05-27,6.5,231.893,84.5,3.366,1.3903888279197085,-0.09999999999999964,2.1547799696509884
TX,2013-05-28,6.5,231.893,84.5,3.366,1.3903888279197085,-0.09999999999999964,2.1547799696509884
TX,2013-05-29,6.5,231.893,84.5,3.366,1.3903888279197085,-0.09999999999999964,2.1547799696509884
TX,2013-05-30,6.5,231.893,84.5,3.366,1.3903888279197085,-0.09999999999999964,2.1547799696509884
TX,2013-05-31,6.5,231.893,84.5,3.366,1.3903888279197085,-0.09999999999999964,2.1547799696509884
TX,2013-06-01,6.4,232.445,84.1,3.366,1.7157935271568725,-0.1999999999999993,2.1547799696509884
TX,2013-06-02,6.4,232.445,84.1,3.366,1.7157935271568725,-0.1999999999999993,2.1547799696509884
TX,2013-06-03,6.4,232.445,84.1,3.34,1.7157935271568725,-0.1999999999999993,1.2428008487420428
TX,2013-06-04,6.4,232.445,84.1,3.34,1.7157935271568725,-0.1999999999999993,1.2428008487420428
TX,2013-06-05,6.4,232.445,84.1,3.34,1.7157935271568725,-0.1999999999999993,1.2428008487420428
TX,2013-06-06,6.4,232.445,84.1,3.34,1.7157935271568725,-0.1999999999999993,1.2428008487420428
TX,2013-06-07,6.4,232.445,84.1,3.34,1.7157935271568725,-0.1999999999999993,1.2428008487420428
TX,2013-06-08,6.4,232.445,84.1,3.34,1.7157935271568725,-0.1999999999999993,1.2428008487420428
TX,2013-06-09,6.4,232.445,84.1,3.34,1.7157935271568725,-0.1999999999999993,1.2428008487420428
TX,2013-06-10,6.4,232.445,84.1,3.339,1.7157935271568725,-0.1999999999999993,-0.7431629013079588
TX,2013-06-11,6.4,232.445,84.1,3.339,1.7157935271568725,-0.1999999999999993,-0.7431629013079588
TX,2013-06-12,6.4,232.445,84.1,3.339,1.7157935271568725,-0.1999999999999993,-0.7431629013079588
TX,2013-06-13,6.4,232.445,84.1,3.339,1.7157935271568725,-0.1999999999999993,-0.7431629013079588
TX,2013-06-14,6.4,232.445,84.1,3.339,1.7157935271568725,-0.1999999999999993,-0.7431629013079588
TX,2013-06-15,6.4,232.445,84.1,3.339,1.7157935271568725,-0.1999999999999993,-0.7431629013079588
TX,2013-06-16,6.4,232.445,84.1,3.339,1.7157935271568725,-0.1999999999999993,-0.7431629013079588
TX,2013-06-17,6.4,232.445,84.1,3.378,1.7157935271568725,-0.1999999999999993,-0.4127358490566002
TX,2013-06-18,6.4,232.445,84.1,3.378,1.7157935271568725,-0.1999999999999993,-0.4127358490566002
TX,2013-06-19,6.4,232.445,84.1,3.378,1.7157935271568725,-0.1999999999999993,-0.4127358490566002
TX,2013-06-20,6.4,232.445,84.1,3.378,1.7157935271568725,-0.1999999999999993,-0.4127358490566002
TX,2013-06-21,6.4,232.445,84.1,3.378,1.7157935271568725,-0.1999999999999993,-0.4127358490566002
TX,2013-06-22,6.4,232.445,84.1,3.378,1.7157935271568725,-0.1999999999999993,-0.4127358490566002
TX,2013-06-23,6.4,232.445,84.1,3.378,1.7157935271568725,-0.1999999999999993,-0.4127358490566002
TX,2013-06-24,6.4,232.445,84.1,3.377,1.7157935271568725,-0.1999999999999993,0.32679738562091387
TX,2013-06-25,6.4,232.445,84.1,3.377,1.7157935271568725,-0.1999999999999993,0.32679738562091387
TX,2013-06-26,6.4,232.445,84.1,3.377,1.7157935271568725,-0.1999999999999993,0.32679738562091387
TX,2013-06-27,6.4,232.445,84.1,3.377,1.7157935271568725,-0.1999999999999993,0.32679738562091387
TX,2013-06-28,6.4,232.445,84.1,3.377,1.7157935271568725,-0.1999999999999993,0.32679738562091387
TX,2013-06-29,6.4,232.445,84.1,3.377,1.7157935271568725,-0.1999999999999993,0.32679738562091387
TX,2013-06-30,6.4,232.445,84.1,3.377,1.7157935271568725,-0.09999999999999964,0.32679738562091387
TX,2013-07-01,6.3,232.9,85.1,3.312,1.885471805415806,-0.20000000000000018,-0.8383233532934131
TX,2013-07-02,6.3,232.9,85.1,3.312,1.885471805415806,-0.20000000000000018,-0.8383233532934131
TX,2013-07-03,6.3,232.9,85.1,3.312,1.885471805415806,-0.20000000000000018,-0.8383233532934131
TX,2013-07-04,6.3,232.9,85.1,3.312,1.885471805415806,-0.20000000000000018,-0.8383233532934131
TX,2013-07-05,6.3,232.9,85.1,3.312,1.885471805415806,-0.20000000000000018,-0.8383233532934131
TX,2013-07-06,6.3,232.9,85.1,3.312,1.885471805415806,-0.20000000000000018,-0.8383233532934131
TX,2013-07-07,6.3,232.9,85.1,3.312,1.885471805415806,-0.20000000000000018,-0.8383233532934131
TX,2013-07-08,6.3,232.9,85.1,3.295,1.885471805415806,-0.20000000000000018,-1.3177598083258468
TX,2013-07-09,6.3,232.9,85.1,3.295,1.885471805415806,-0.20000000000000018,-1.3177598083258468
TX,2013-07-10,6.3,232.9,85.1,3.295,1.885471805415806,-0.20000000000000018,-1.3177598083258468
TX,2013-07-11,6.3,232.9,85.1,3.295,1.885471805415806,-0.20000000000000018,-1.3177598083258468
TX,2013-07-12,6.3,232.9,85.1,3.295,1.885471805415806,-0.20000000000000018,-1.3177598083258468
TX,2013-07-13,6.3,232.9,85.1,3.295,1.885471805415806,-0.20000000000000018,-1.3177598083258468
TX,2013-07-14,6.3,232.9,85.1,3.295,1.885471805415806,-0.20000000000000018,-1.3177598083258468
TX,2013-07-15,6.3,232.9,85.1,3.443,1.885471805415806,-0.20000000000000018,1.9242155121373505
TX,2013-07-16,6.3,232.9,85.1,3.443,1.885471805415806,-0.20000000000000018,1.9242155121373505
TX,2013-07-17,6.3,232.9,85.1,3.443,1.885471805415806,-0.20000000000000018,1.9242155121373505
TX,2013-07-18,6.3,232.9,85.1,3.443,1.885471805415806,-0.20000000000000018,1.9242155121373505
TX,2013-07-19,6.3,232.9,85.1,3.443,1.885471805415806,-0.20000000000000018,1.9242155121373505
TX,2013-07-20,6.3,232.9,85.1,3.443,1.885471805415806,-0.20000000000000018,1.9242155121373505
TX,2013-07-21,6.3,232.9,85.1,3.443,1.885471805415806,-0.20000000000000018,1.9242155121373505
TX,2013-07-22,6.3,232.9,85.1,3.507,1.885471805415806,-0.20000000000000018,3.849570624814924
TX,2013-07-23,6.3,232.9,85.1,3.507,1.885471805415806,-0.20000000000000018,3.849570624814924
TX,2013-07-24,6.3,232.9,85.1,3.507,1.885471805415806,-0.20000000000000018,3.849570624814924
TX,2013-07-25,6.3,232.9,85.1,3.507,1.885471805415806,-0.20000000000000018,3.849570624814924
TX,2013-07-26,6.3,232.9,85.1,3.507,1.885471805415806,-0.20000000000000018,3.849570624814924
TX,2013-07-27,6.3,232.9,85.1,3.507,1.885471805415806,-0.20000000000000018,3.849570624814924
TX,2013-07-28,6.3,232.9,85.1,3.507,1.885471805415806,-0.20000000000000018,3.849570624814924
TX,2013-07-29,6.3,232.9,85.1,3.478,1.885471805415806,-0.20000000000000018,5.0120772946860015
TX,2013-07-30,6.3,232.9,85.1,3.478,1.885471805415806,-0.20000000000000018,5.0120772946860015
TX,2013-07-31,6.3,232.9,85.1,3.478,1.885471805415806,-0.20000000000000018,5.0120772946860015
TX,2013-08-01,6.3,233.456,82.1,3.478,1.538809488600279,-0.20000000000000018,5.0120772946860015
TX,2013-08-02,6.3,233.456,82.1,3.478,1.538809488600279,-0.20000000000000018,5.0120772946860015
TX,2013-08-03,6.3,233.456,82.1,3.478,1.538809488600279,-0.20000000000000018,5.0120772946860015
TX,2013-08-04,6.3,233.456,82.1,3.478,1.538809488600279,-0.20000000000000018,5.0120772946860015
TX,2013-08-05,6.3,233.456,82.1,3.446,1.538809488600279,-0.20000000000000018,4.582701062215477
TX,2013-08-06,6.3,233.456,82.1,3.446,1.538809488600279,-0.20000000000000018,4.582701062215477
TX,2013-08-07,6.3,233.456,82.1,3.446,1.538809488600279,-0.20000000000000018,4.582701062215477
TX,2013-08-08,6.3,233.456,82.1,3.446,1.538809488600279,-0.20000000000000018,4.582701062215477
TX,2013-08-09,6.3,233.456,82.1,3.446,1.538809488600279,-0.20000000000000018,4.582701062215477
TX,2013-08-10,6.3,233.456,82.1,3.446,1.538809488600279,-0.20000000000000018,4.582701062215477
TX,2013-08-11,6.3,233.456,82.1,3.446,1.538809488600279,-0.20000000000000018,4.582701062215477
TX,2013-08-12,6.3,233.456,82.1,3.388,1.538809488600279,-0.20000000000000018,-1.5974440894568787
TX,2013-08-13,6.3,233.456,82.1,3.388,1.538809488600279,-0.20000000000000018,-1.5974440894568787
TX,2013-08-14,6.3,233.456,82.1,3.388,1.538809488600279,-0.20000000000000018,-1.5974440894568787
TX,2013-08-15,6.3,233.456,82.1,3.388,1.538809488600279,-0.20000000000000018,-1.5974440894568787
TX,2013-08-16,6.3,233.456,82.1,3.388,1.538809488600279,-0.20000000000000018,-1.5974440894568787
TX,2013-08-17,6.3,233.456,82.1,3.388,1.538809488600279,-0.20000000000000018,-1.5974440894568787
TX,2013-08-18,6.3,233.456,82.1,3.388,1.538809488600279,-0.20000000000000018,-1.5974440894568787
TX,2013-08-19,6.3,233.456,82.1,3.373,1.538809488600279,-0.20000000000000018,-3.820929569432563
TX,2013-08-20,6.3,233.456,82.1,3.373,1.538809488600279,-0.20000000000000018,-3.820929569432563
TX,2013-08-21,6.3,233.456,82.1,3.373,1.538809488600279,-0.20000000000000018,-3.820929569432563
TX,2013-08-22,6.3,233.456,82.1,3.373,1.538809488600279,-0.20000000000000018,-3.820929569432563
TX,2013-08-23,6.3,233.456,82.1,3.373,1.538809488600279,-0.20000000000000018,-3.820929569432563
TX,2013-08-24,6.3,233.456,82.1,3.373,1.538809488600279,-0.20000000000000018,-3.820929569432563
TX,2013-08-25,6.3,233.456,82.1,3.373,1.538809488600279,-0.20000000000000018,-3.820929569432563
TX,2013-08-26,6.3,233.456,82.1,3.382,1.538809488600279,-0.20000000000000018,-2.7602070155261615
TX,2013-08-27,6.3,233.456,82.1,3.382,1.538809488600279,-0.20000000000000018,-2.7602070155261615
TX,2013-08-28,6.3,233.456,82.1,3.382,1.538809488600279,-0.20000000000000018,-2.7602070155261615
TX,2013-08-29,6.3,233.456,82.1,3.382,1.538809488600279,-0.20000000000000018,-2.7602070155261615
TX,2013-08-30,6.3,233.456,82.1,3.382,1.538809488600279,-0.10000000000000053,-2.7602070155261615
TX,2013-08-31,6.3,233.456,82.1,3.382,1.538809488600279,-0.10000000000000053,-2.7602070155261615
TX,2013-09-01,6.2,233.544,77.5,3.382,1.0947341081747997,-0.20000000000000018,-2.7602070155261615
TX,2013-09-02,6.2,233.544,77.5,3.406,1.0947341081747997,-0.20000000000000018,-1.160766105629718
TX,2013-09-03,6.2,233.544,77.5,3.406,1.0947341081747997,-0.20000000000000018,-1.160766105629718
TX,2013-09-04,6.2,233.544,77.5,3.406,1.0947341081747997,-0.20000000000000018,-1.160766105629718
TX,2013-09-05,6.2,233.544,77.5,3.406,1.0947341081747997,-0.20000000000000018,-1.160766105629718
TX,2013-09-06,6.2,233.544,77.5,3.406,1.0947341081747997,-0.20000000000000018,-1.160766105629718
TX,2013-09-07,6.2,233.544,77.5,3.406,1.0947341081747997,-0.20000000000000018,-1.160766105629718
TX,2013-09-08,6.2,233.544,77.5,3.406,1.0947341081747997,-0.20000000000000018,-1.160766105629718
TX,2013-09-09,6.2,233.544,77.5,3.377,1.0947341081747997,-0.20000000000000018,-0.32467532467532756
TX,2013-09-10,6.2,233.544,77.5,3.377,1.0947341081747997,-0.20000000000000018,-0.32467532467532756
TX,2013-09-11,6.2,233.544,77.5,3.377,1.0947341081747997,-0.20000000000000018,-0.32467532467532756
TX,2013-09-12,6.2,233.544,77.5,3.377,1.0947341081747997,-0.20000000000000018,-0.32467532467532756
TX,2013-09-13,6.2,233.544,77.5,3.377,1.0947341081747997,-0.20000000000000018,-0.32467532467532756
TX,2013-09-14,6.2,233.544,77.5,3.377,1.0947341081747997,-0.20000000000000018,-0.32467532467532756
TX,2013-09-15,6.2,233.544,77.5,3.377,1.0947341081747997,-0.20000000000000018,-0.32467532467532756
TX,2013-09-16,6.2,233.544,77.5,3.301,1.0947341081747997,-0.20000000000000018,-2.1345982804624963
TX,2013-09-17,6.2,233.544,77.5,3.301,1.0947341081747997,-0.20000000000000018,-2.1345982804624963
TX,2013-09-18,6.2,233.544,77.5,3.301,1.0947341081747997,-0.20000000000000018,-2.1345982804624963
TX,2013-09-19,6.2,233.544,77.5,3.301,1.0947341081747997,-0.20000000000000018,-2.1345982804624963
TX,2013-09-20,6.2,233.544,77.5,3.301,1.0947341081747997,-0.20000000000000018,-2.1345982804624963
TX,2013-09-21,6.2,233.544,77.5,3.301,1.0947341081747997,-0.20000000000000018,-2.1345982804624963
TX,2013-09-22,6.2,233.544,77.5,3.301,1.0947341081747997,-0.20000000000000018,-2.1345982804624963
TX,2013-09-23,6.2,233.544,77.5,3.231,1.0947341081747997,-0.20000000000000018,-4.464813719692495
TX,2013-09-24,6.2,233.544,77.5,3.231,1.0947341081747997,-0.20000000000000018,-4.464813719692495
TX,2013-09-25,6.2,233.544,77.5,3.231,1.0947341081747997,-0.20000000000000018,-4.464813719692495
TX,2013-09-26,6.2,233.544,77.5,3.231,1.0947341081747997,-0.20000000000000018,-4.464813719692495
TX,2013-09-27,6.2,233.544,77.5,3.231,1.0947341081747997,-0.20000000000000018,-4.464813719692495
TX,2013-09-28,6.2,233.544,77.5,3.231,1.0947341081747997,-0.20000000000000018,-4.464813719692495
TX,2013-09-29,6.2,233.544,77.5,3.231,1.0947341081747997,-0.09999999999999964,-4.464813719692495
TX,2013-09-30,6.2,233.544,77.5,3.176,1.0947341081747997,-0.09999999999999964,-6.752789195537289
TX,2013-10-01,6.1,233.669,73.2,3.176,0.8767991434911471,-0.20000000000000018,-6.752789195537289
TX,2013-10-02,6.1,233.669,73.2,3.176,0.8767991434911471,-0.20000000000000018,-6.752789195537289
TX,2013-10-03,6.1,233.669,73.2,3.176,0.8767991434911471,-0.20000000000000018,-6.752789195537289
TX,2013-10-04,6.1,233.669,73.2,3.176,0.8767991434911471,-0.20000000000000018,-6.752789195537289
TX,2013-10-05,6.1,233.669,73.2,3.176,0.8767991434911471,-0.20000000000000018,-6.752789195537289
TX,2013-10-06,6.1,233.669,73.2,3.176,0.8767991434911471,-0.20000000000000018,-6.752789195537289
TX,2013-10-07,6.1,233.669,73.2,3.127,0.8767991434911471,-0.20000000000000018,-7.403020432336394
TX,2013-10-08,6.1,233.669,73.2,3.127,0.8767991434911471,-0.20000000000000018,-7.403020432336394
TX,2013-10-09,6.1,233.669,73.2,3.127,0.8767991434911471,-0.20000000000000018,-7.403020432336394
TX,2013-10-10,6.1,233.669,73.2,3.127,0.8767991434911471,-0.20000000000000018,-7.403020432336394
TX,2013-10-11,6.1,233.669,73.2,3.127,0.8767991434911471,-0.20000000000000018,-7.403020432336394
TX,2013-10-12,6.1,233.669,73.2,3.127,0.8767991434911471,-0.20000000000000018,-7.403020432336394
TX,2013-10-13,6.1,233.669,73.2,3.127,0.8767991434911471,-0.20000000000000018,-7.403020432336394
TX,2013-10-14,6.1,233.669,73.2,3.107,0.8767991434911471,-0.20000000000000018,-5.877006967585574
TX,2013-10-15,6.1,233.669,73.2,3.107,0.8767991434911471,-0.20000000000000018,-5.877006967585574
TX,2013-10-16,6.1,233.669,73.2,3.107,0.8767991434911471,-0.20000000000000018,-5.877006967585574
TX,2013-10-17,6.1,233.669,73.2,3.107,0.8767991434911471,-0.20000000000000018,-5.877006967585574
TX,2013-10-18,6.1,233.669,73.2,3.107,0.8767991434911471,-0.20000000000000018,-5.877006967585574
TX,2013-10-19,6.1,233.669,73.2,3.107,0.8767991434911471,-0.20000000000000018,-5.877006967585574
TX,2013-10-20,6.1,233.669,73.2,3.107,0.8767991434911471,-0.20000000000000018,-5.877006967585574
TX,2013-10-21,6.1,233.669,73.2,3.129,0.8767991434911471,-0.20000000000000018,-3.156917363045497
TX,2013-10-22,6.1,233.669,73.2,3.129,0.8767991434911471,-0.20000000000000018,-3.156917363045497
TX,2013-10-23,6.1,233.669,73.2,3.129,0.8767991434911471,-0.20000000000000018,-3.156917363045497
TX,2013-10-24,6.1,233.669,73.2,3.129,0.8767991434911471,-0.20000000000000018,-3.156917363045497
TX,2013-10-25,6.1,233.669,73.2,3.129,0.8767991434911471,-0.20000000000000018,-3.156917363045497
TX,2013-10-26,6.1,233.669,73.2,3.129,0.8767991434911471,-0.20000000000000018,-3.156917363045497
TX,2013-10-27,6.1,233.669,73.2,3.129,0.8767991434911471,-0.20000000000000018,-3.156917363045497
TX,2013-10-28,6.1,233.669,73.2,3.072,0.8767991434911471,-0.20000000000000018,-3.2745591939546626
TX,2013-10-29,6.1,233.669,73.2,3.072,0.8767991434911471,-0.20000000000000018,-3.2745591939546626
TX,2013-10-30,6.1,233.669,73.2,3.072,0.8767991434911471,-0.20000000000000018,-3.2745591939546626
TX,2013-10-31,6.1,233.669,73.2,3.072,0.8767991434911471,-0.20000000000000018,-3.2745591939546626
TX,2013-11-01,6.0,234.1,75.1,3.072,1.2328701961954458,-0.2999999999999998,-3.2745591939546626
TX,2013-11-02,6.0,234.1,75.1,3.072,1.2328701961954458,-0.2999999999999998,-3.2745591939546626
TX,2013-11-03,6.0,234.1,75.1,3.072,1.2328701961954458,-0.2999999999999998,-3.2745591939546626
TX,2013-11-04,6.0,234.1,75.1,3.03,1.2328701961954458,-0.2999999999999998,-3.1020147105852214
TX,2013-11-05,6.0,234.1,75.1,3.03,1.2328701961954458,-0.2999999999999998,-3.1020147105852214
TX,2013-11-06,6.0,234.1,75.1,3.03,1.2328701961954458,-0.2999999999999998,-3.1020147105852214
TX,2013-11-07,6.0,234.1,75.1,3.03,1.2328701961954458,-0.2999999999999998,-3.1020147105852214
TX,2013-11-08,6.0,234.1,75.1,3.03,1.2328701961954458,-0.2999999999999998,-3.1020147105852214
TX,2013-11-09,6.0,234.1,75.1,3.03,1.2328701961954458,-0.2999999999999998,-3.1020147105852214
TX,2013-11-10,6.0,234.1,75.1,3.03,1.2328701961954458,-0.2999999999999998,-3.1020147105852214
TX,2013-11-11,6.0,234.1,75.1,2.978,1.2328701961954458,-0.2999999999999998,-4.151915030576115
TX,2013-11-12,6.0,234.1,75.1,2.978,1.2328701961954458,-0.2999999999999998,-4.151915030576115
TX,2013-11-13,6.0,234.1,75.1,2.978,1.2328701961954458,-0.2999999999999998,-4.151915030576115
TX,2013-11-14,6.0,234.1,75.1,2.978,1.2328701961954458,-0.2999999999999998,-4.151915030576115
TX,2013-11-15,6.0,234.1,75.1,2.978,1.2328701961954458,-0.2999999999999998,-4.151915030576115
TX,2013-11-16,6.0,234.1,75.1,2.978,1.2328701961954458,-0.2999999999999998,-4.151915030576115
TX,2013-11-17,6.0,234.1,75.1,2.978,1.2328701961954458,-0.2999999999999998,-4.151915030576115
TX,2013-11-18,6.0,234.1,75.1,3.004,1.2328701961954458,-0.2999999999999998,-3.9948865452221205
TX,2013-11-19,6.0,234.1,75.1,3.004,1.2328701961954458,-0.2999999999999998,-3.9948865452221205
TX,2013-11-20,6.0,234.1,75.1,3.004,1.2328701961954458,-0.2999999999999998,-3.9948865452221205
TX,2013-11-21,6.0,234.1,75.1,3.004,1.2328701961954458,-0.2999999999999998,-3.9948865452221205
TX,2013-11-22,6.0,234.1,75.1,3.004,1.2328701961954458,-0.2999999999999998,-3.9948865452221205
TX,2013-11-23,6.0,234.1,75.1,3.004,1.2328701961954458,-0.2999999999999998,-3.9948865452221205
TX,2013-11-24,6.0,234.1,75.1,3.004,1.2328701961954458,-0.2999999999999998,-3.9948865452221205
TX,2013-11-25,6.0,234.1,75.1,3.14,1.2328701961954458,-0.2999999999999998,2.213541666666674
TX,2013-11-26,6.0,234.1,75.1,3.14,1.2328701961954458,-0.2999999999999998,2.213541666666674
TX,2013-11-27,6.0,234.1,75.1,3.14,1.2328701961954458,-0.2999999999999998,2.213541666666674
TX,2013-11-28,6.0,234.1,75.1,3.14,1.2328701961954458,-0.2999999999999998,2.213541666666674
TX,2013-11-29,6.0,234.1,75.1,3.14,1.2328701961954458,-0.2999999999999998,2.213541666666674
TX,2013-11-30,6.0,234.1,75.1,3.14,1.2328701961954458,-0.20000000000000018,2.213541666666674
TX,2013-12-01,5.8,234.719,82.5,3.14,1.5128383667573297,-0.40000000000000036,2.213541666666674
TX,2013-12-02,5.8,234.719,82.5,3.124,1.5128383667573297,-0.40000000000000036,3.10231023102312
TX,2013-12-03,5.8,234.719,82.5,3.124,1.5128383667573297,-0.40000000000000036,3.10231023102312
TX,2013-12-04,5.8,234.719,82.5,3.124,1.5128383667573297,-0.40000000000000036,3.10231023102312
TX,2013-12-05,5.8,234.719,82.5,3.124,1.5128383667573297,-0.40000000000000036,3.10231023102312
TX,2013-12-06,5.8,234.719,82.5,3.124,1.5128383667573297,-0.40000000000000036,3.10231023102312
TX,2013-12-07,5.8,234.719,82.5,3.124,1.5128383667573297,-0.40000000000000036,3.10231023102312
TX,2013-12-08,5.8,234.719,82.5,3.124,1.5128383667573297,-0.40000000000000036,3.10231023102312
TX,2013-12-09,5.8,234.719,82.5,3.104,1.5128383667573297,-0.40000000000000036,4.231027535258569
TX,2013-12-10,5.8,234.719,82.5,3.104,1.5128383667573297,-0.40000000000000036,4.231027535258569
TX,2013-12-11,5.8,234.719,82.5,3.104,1.5128383667573297,-0.40000000000000036,4.231027535258569
TX,2013-12-12,5.8,234.719,82.5,3.104,1.5128383667573297,-0.40000000000000036,4.231027535258569
TX,2013-12-13,5.8,234.719,82.5,3.104,1.5128383667573297,-0.40000000000000036,4.231027535258569
TX,2013-12-14,5.8,234.719,82.5,3.104,1.5128383667573297,-0.40000000000000036,4.231027535258569
TX,2013-12-15,5.8,234.719,82.5,3.104,1.5128383667573297,-0.40000000000000036,4.231027535258569
TX,2013-12-16,5.8,234.719,82.5,3.047,1.5128383667573297,-0.40000000000000036,1.4314247669773739
TX,2013-12-17,5.8,234.719,82.5,3.047,1.5128383667573297,-0.40000000000000036,1.4314247669773739
TX,2013-12-18,5.8,234.719,82.5,3.047,1.5128383667573297,-0.40000000000000036,1.4314247669773739
TX,2013-12-19,5.8,234.719,82.5,3.047,1.5128383667573297,-0.40000000000000036,1.4314247669773739
TX,2013-12-20,5.8,234.719,82.5,3.047,1.5128383667573297,-0.40000000000000036,1.4314247669773739
TX,2013-12-21,5.8,234.719,82.5,3.047,1.5128383667573297,-0.40000000000000036,1.4314247669773739
TX,2013-12-22,5.8,234.719,82.5,3.047,1.5128383667573297,-0.40000000000000036,1.4314247669773739
TX,2013-12-23,5.8,234.719,82.5,3.061,1.5128383667573297,-0.40000000000000036,-2.515923566878986
TX,2013-12-24,5.8,234.719,82.5,3.061,1.5128383667573297,-0.40000000000000036,-2.515923566878986
TX,2013-12-25,5.8,234.719,82.5,3.061,1.5128383667573297,-0.40000000000000036,-2.515923566878986
TX,2013-12-26,5.8,234.719,82.5,3.061,1.5128383667573297,-0.40000000000000036,-2.515923566878986
TX,2013-12-27,5.8,234.719,82.5,3.061,1.5128383667573297,-0.40000000000000036,-2.515923566878986
TX,2013-12-28,5.8,234.719,82.5,3.061,1.5128383667573297,-0.40000000000000036,-2.515923566878986
TX,2013-12-29,5.8,234.719,82.5,3.061,1.5128383667573297,-0.40000000000000036,-2.515923566878986
TX,2013-12-30,5.8,234.719,82.5,3.117,1.5128383667573297,-0.2999999999999998,-0.22407170294495016
TX,2013-12-31,5.8,234.719,82.5,3.117,1.5128383667573297,-0.2999999999999998,-0.22407170294495016
TX,2014-01-01,5.7,235.288,81.2,3.117,1.557758795574915,-0.39999999999999947,-0.22407170294495016
TX,2014-01-02,5.7,235.288,81.2,3.117,1.557758795574915,-0.39999999999999947,-0.22407170294495016
TX,2014-01-03,5.7,235.288,81.2,3.117,1.557758795574915,-0.39999999999999947,-0.22407170294495016
TX,2014-01-04,5.7,235.288,81.2,3.117,1.557758795574915,-0.39999999999999947,-0.22407170294495016
TX,2014-01-05,5.7,235.288,81.2,3.117,1.557758795574915,-0.39999999999999947,-0.22407170294495016
TX,2014-01-06,5.7,235.288,81.2,3.123,1.557758795574915,-0.39999999999999947,0.6121134020618646
TX,2014-01-07,5.7,235.288,81.2,3.123,1.557758795574915,-0.39999999999999947,0.6121134020618646
TX,2014-01-08,5.7,235.288,81.2,3.123,1.557758795574915,-0.39999999999999947,0.6121134020618646
TX,2014-01-09,5.7,235.288,81.2,3.123,1.557758795574915,-0.39999999999999947,0.6121134020618646
TX,2014-01-10,5.7,235.288,81.2,3.123,1.557758795574915,-0.39999999999999947,0.6121134020618646
TX,2014-01-11,5.7,235.288,81.2,3.123,1.557758795574915,-0.39999999999999947,0.6121134020618646
TX,2014-01-12,5.7,235.288,81.2,3.123,1.557758795574915,-0.39999999999999947,0.6121134020618646
TX,2014-01-13,5.7,235.288,81.2,3.108,1.557758795574915,-0.39999999999999947,2.0019691499835846
TX,2014-01-14,5.7,235.288,81.2,3.108,1.557758795574915,-0.39999999999999947,2.0019691499835846
TX,2014-01-15,5.7,235.288,81.2,3.108,1.557758795574915,-0.39999999999999947,2.0019691499835846
TX,2014-01-16,5.7,235.288,81.2,3.108,1.557758795574915,-0.39999999999999947,2.0019691499835846
TX,2014-01-17,5.7,235.288,81.2,3.108,1.557758795574915,-0.39999999999999947,2.0019691499835846
TX,2014-01-18,5.7,235.288,81.2,3.108,1.557758795574915,-0.39999999999999947,2.0019691499835846
TX,2014-01-19,5.7,235.288,81.2,3.108,1.557758795574915,-0.39999999999999947,2.0019691499835846
TX,2014-01-20,5.7,235.288,81.2,3.103,1.557758795574915,-0.39999999999999947,1.3721006207122022
TX,2014-01-21,5.7,235.288,81.2,3.103,1.557758795574915,-0.39999999999999947,1.3721006207122022
TX,2014-01-22,5.7,235.288,81.2,3.103,1.557758795574915,-0.39999999999999947,1.3721006207122022
TX,2014-01-23,5.7,235.288,81.2,3.103,1.557758795574915,-0.39999999999999947,1.3721006207122022
TX,2014-01-24,5.7,235.288,81.2,3.103,1.557758795574915,-0.39999999999999947,1.3721006207122022
TX,2014-01-25,5.7,235.288,81.2,3.103,1.557758795574915,-0.39999999999999947,1.3721006207122022
TX,2014-01-26,5.7,235.288,81.2,3.103,1.557758795574915,-0.39999999999999947,1.3721006207122022
TX,2014-01-27,5.7,235.288,81.2,3.092,1.557758795574915,-0.39999999999999947,-0.8020532563362215
TX,2014-01-28,5.7,235.288,81.2,3.092,1.557758795574915,-0.39999999999999947,-0.8020532563362215
TX,2014-01-29,5.7,235.288,81.2,3.092,1.557758795574915,-0.39999999999999947,-0.8020532563362215
TX,2014-01-30,5.7,235.288,81.2,3.092,1.557758795574915,-0.2999999999999998,-0.8020532563362215
TX,2014-01-31,5.7,235.288,81.2,3.092,1.557758795574915,-0.2999999999999998,-0.8020532563362215
TX,2014-02-01,5.6,235.547,81.6,3.092,1.1204746347724948,-0.40000000000000036,-0.8020532563362215
TX,2014-02-02,5.6,235.547,81.6,3.092,1.1204746347724948,-0.40000000000000036,-0.8020532563362215
TX,2014-02-03,5.6,235.547,81.6,3.083,1.1204746347724948,-0.40000000000000036,-1.2808197246237607
TX,2014-02-04,5.6,235.547,81.6,3.083,1.1204746347724948,-0.40000000000000036,-1.2808197246237607
TX,2014-02-05,5.6,235.547,81.6,3.083,1.1204746347724948,-0.40000000000000036,-1.2808197246237607
TX,2014-02-06,5.6,235.547,81.6,3.083,1.1204746347724948,-0.40000000000000036,-1.2808197246237607
TX,2014-02-07,5.6,235.547,81.6,3.083,1.1204746347724948,-0.40000000000000036,-1.2808197246237607
TX,2014-02-08,5.6,235.547,81.6,3.083,1.1204746347724948,-0.40000000000000036,-1.2808197246237607
TX,2014-02-09,5.6,235.547,81.6,3.083,1.1204746347724948,-0.40000000000000036,-1.2808197246237607
TX,2014-02-10,5.6,235.547,81.6,3.086,1.1204746347724948,-0.40000000000000036,-0.7078507078507101
TX,2014-02-11,5.6,235.547,81.6,3.086,1.1204746347724948,-0.40000000000000036,-0.7078507078507101
TX,2014-02-12,5.6,235.547,81.6,3.086,1.1204746347724948,-0.40000000000000036,-0.7078507078507101
TX,2014-02-13,5.6,235.547,81.6,3.086,1.1204746347724948,-0.40000000000000036,-0.7078507078507101
TX,2014-02-14,5.6,235.547,81.6,3.086,1.1204746347724948,-0.40000000000000036,-0.7078507078507101
TX,2014-02-15,5.6,235.547,81.6,3.086,1.1204746347724948,-0.40000000000000036,-0.7078507078507101
TX,2014-02-16,5.6,235.547,81.6,3.086,1.1204746347724948,-0.40000000000000036,-0.7078507078507101
TX,2014-02-17,5.6,235.547,81.6,3.179,1.1204746347724948,-0.40000000000000036,2.4492426683854207
TX,2014-02-18,5.6,235.547,81.6,3.179,1.1204746347724948,-0.40000000000000036,2.4492426683854207
TX,2014-02-19,5.6,235.547,81.6,3.179,1.1204746347724948,-0.40000000000000036,2.4492426683854207
TX,2014-02-20,5.6,235.547,81.6,3.179,1.1204746347724948,-0.40000000000000036,2.4492426683854207
TX,2014-02-21,5.6,235.547,81.6,3.179,1.1204746347724948,-0.40000000000000036,2.4492426683854207
TX,2014-02-22,5.6,235.547,81.6,3.179,1.1204746347724948,-0.40000000000000036,2.4492426683854207
TX,2014-02-23,5.6,235.547,81.6,3.179,1.1204746347724948,-0.40000000000000036,2.4492426683854207
TX,2014-02-24,5.6,235.547,81.6,3.209,1.1204746347724948,-0.40000000000000036,3.7839586028460603
TX,2014-02-25,5.6,235.547,81.6,3.209,1.1204746347724948,-0.40000000000000036,3.7839586028460603
TX,2014-02-26,5.6,235.547,81.6,3.209,1.1204746347724948,-0.40000000000000036,3.7839586028460603
TX,2014-02-27,5.6,235.547,81.6,3.209,1.1204746347724948,-0.40000000000000036,3.7839586028460603
TX,2014-02-28,5.6,235.547,81.6,3.209,1.1204746347724948,-0.40000000000000036,3.7839586028460603
TX,2014-03-01,5.5,236.028,80.0,3.209,1.6126949139408042,-0.2999999999999998,3.7839586028460603
TX,2014-03-02,5.5,236.028,80.0,3.209,1.6126949139408042,-0.2999999999999998,3.7839586028460603
TX,2014-03-03,5.5,236.028,80.0,3.227,1.6126949139408042,-0.2999999999999998,4.670775218942569
TX,2014-03-04,5.5,236.028,80.0,3.227,1.6126949139408042,-0.2999999999999998,4.670775218942569
TX,2014-03-05,5.5,236.028,80.0,3.227,1.6126949139408042,-0.2999999999999998,4.670775218942569
TX,2014-03-06,5.5,236.028,80.0,3.227,1.6126949139408042,-0.2999999999999998,4.670775218942569
TX,2014-03-07,5.5,236.028,80.0,3.227,1.6126949139408042,-0.2999999999999998,4.670775218942569
TX,2014-03-08,5.5,236.028,80.0,3.227,1.6126949139408042,-0.2999999999999998,4.670775218942569
TX,2014-03-09,5.5,236.028,80.0,3.227,1.6126949139408042,-0.2999999999999998,4.670775218942569
TX,2014-03-10,5.5,236.028,80.0,3.252,1.6126949139408042,-0.2999999999999998,5.379131561892425
TX,2014-03-11,5.5,236.028,80.0,3.252,1.6126949139408042,-0.2999999999999998,5.379131561892425
TX,2014-03-12,5.5,236.028,80.0,3.252,1.6126949139408042,-0.2999999999999998,5.379131561892425
TX,2014-03-13,5.5,236.028,80.0,3.252,1.6126949139408042,-0.2999999999999998,5.379131561892425
TX,2014-03-14,5.5,236.028,80.0,3.252,1.6126949139408042,-0.2999999999999998,5.379131561892425
TX,2014-03-15,5.5,236.028,80.0,3.252,1.6126949139408042,-0.2999999999999998,5.379131561892425
TX,2014-03-16,5.5,236.028,80.0,3.252,1.6126949139408042,-0.2999999999999998,5.379131561892425
TX,2014-03-17,5.5,236.028,80.0,3.283,1.6126949139408042,-0.2999999999999998,3.271469015413664
TX,2014-03-18,5.5,236.028,80.0,3.283,1.6126949139408042,-0.2999999999999998,3.271469015413664
TX,2014-03-19,5.5,236.028,80.0,3.283,1.6126949139408042,-0.2999999999999998,3.271469015413664
TX,2014-03-20,5.5,236.028,80.0,3.283,1.6126949139408042,-0.2999999999999998,3.271469015413664
TX,2014-03-21,5.5,236.028,80.0,3.283,1.6126949139408042,-0.2999999999999998,3.271469015413664
TX,2014-03-22,5.5,236.028,80.0,3.283,1.6126949139408042,-0.2999999999999998,3.271469015413664
TX,2014-03-23,5.5,236.028,80.0,3.283,1.6126949139408042,-0.2999999999999998,3.271469015413664
TX,2014-03-24,5.5,236.028,80.0,3.319,1.6126949139408042,-0.2999999999999998,3.4278591461514463
TX,2014-03-25,5.5,236.028,80.0,3.319,1.6126949139408042,-0.2999999999999998,3.4278591461514463
TX,2014-03-26,5.5,236.028,80.0,3.319,1.6126949139408042,-0.2999999999999998,3.4278591461514463
TX,2014-03-27,5.5,236.028,80.0,3.319,1.6126949139408042,-0.2999999999999998,3.4278591461514463
TX,2014-03-28,5.5,236.028,80.0,3.319,1.6126949139408042,-0.2999999999999998,3.4278591461514463
TX,2014-03-29,5.5,236.028,80.0,3.319,1.6126949139408042,-0.2999999999999998,3.4278591461514463
TX,2014-03-30,5.5,236.028,80.0,3.319,1.6126949139408042,-0.2999999999999998,3.4278591461514463
TX,2014-03-31,5.5,236.028,80.0,3.343,1.6126949139408042,-0.2999999999999998,3.5946699721103315
TX,2014-04-01,5.4,236.468,84.1,3.343,2.015125303606169,-0.2999999999999998,3.5946699721103315
TX,2014-04-02,5.4,236.468,84.1,3.343,2.015125303606169,-0.2999999999999998,3.5946699721103315
TX,2014-04-03,5.4,236.468,84.1,3.343,2.015125303606169,-0.2999999999999998,3.5946699721103315
TX,2014-04-04,5.4,236.468,84.1,3.343,2.015125303606169,-0.2999999999999998,3.5946699721103315
TX,2014-04-05,5.4,236.468,84.1,3.343,2.015125303606169,-0.2999999999999998,3.5946699721103315
TX,2014-04-06,5.4,236.468,84.1,3.343,2.015125303606169,-0.2999999999999998,3.5946699721103315
TX,2014-04-07,5.4,236.468,84.1,3.392,2.015125303606169,-0.2999999999999998,4.305043050430513
TX,2014-04-08,5.4,236.468,84.1,3.392,2.015125303606169,-0.2999999999999998,4.305043050430513
TX,2014-04-09,5.4,236.468,84.1,3.392,2.015125303606169,-0.2999999999999998,4.305043050430513
TX,2014-04-10,5.4,236.468,84.1,3.392,2.015125303606169,-0.2999999999999998,4.305043050430513
TX,2014-04-11,5.4,236.468,84.1,3.392,2.015125303606169,-0.2999999999999998,4.305043050430513
TX,2014-04-12,5.4,236.468,84.1,3.392,2.015125303606169,-0.2999999999999998,4.305043050430513
TX,2014-04-13,5.4,236.468,84.1,3.392,2.015125303606169,-0.2999999999999998,4.305043050430513
TX,2014-04-14,5.4,236.468,84.1,3.472,2.015125303606169,-0.2999999999999998,5.756929637526653
TX,2014-04-15,5.4,236.468,84.1,3.472,2.015125303606169,-0.2999999999999998,5.756929637526653
TX,2014-04-16,5.4,236.468,84.1,3.472,2.015125303606169,-0.2999999999999998,5.756929637526653
TX,2014-04-17,5.4,236.468,84.1,3.472,2.015125303606169,-0.2999999999999998,5.756929637526653
TX,2014-04-18,5.4,236.468,84.1,3.472,2.015125303606169,-0.2999999999999998,5.756929637526653
TX,2014-04-19,5.4,236.468,84.1,3.472,2.015125303606169,-0.2999999999999998,5.756929637526653
TX,2014-04-20,5.4,236.468,84.1,3.472,2.015125303606169,-0.2999999999999998,5.756929637526653
TX,2014-04-21,5.4,236.468,84.1,3.491,2.015125303606169,-0.2999999999999998,5.1822838204278465
TX,2014-04-22,5.4,236.468,84.1,3.491,2.015125303606169,-0.2999999999999998,5.1822838204278465
TX,2014-04-23,5.4,236.468,84.1,3.491,2.015125303606169,-0.2999999999999998,5.1822838204278465
TX,2014-04-24,5.4,236.468,84.1,3.491,2.015125303606169,-0.2999999999999998,5.1822838204278465
TX,2014-04-25,5.4,236.468,84.1,3.491,2.015125303606169,-0.2999999999999998,5.1822838204278465
TX,2014-04-26,5.4,236.468,84.1,3.491,2.015125303606169,-0.2999999999999998,5.1822838204278465
TX,2014-04-27,5.4,236.468,84.1,3.491,2.015125303606169,-0.2999999999999998,5.1822838204278465
TX,2014-04-28,5.4,236.468,84.1,3.491,2.015125303606169,-0.2999999999999998,4.427161232425969
TX,2014-04-29,5.4,236.468,84.1,3.491,2.015125303606169,-0.2999999999999998,4.427161232425969
TX,2014-04-30,5.4,236.468,84.1,3.491,2.015125303606169,-0.2999999999999998,4.427161232425969
TX,2014-05-01,5.3,236.918,81.9,3.491,2.166947687079812,-0.40000000000000036,4.427161232425969
TX,2014-05-02,5.3,236.918,81.9,3.491,2.166947687079812,-0.2999999999999998,4.427161232425969
TX,2014-05-03,5.3,236.918,81.9,3.491,2.166947687079812,-0.2999999999999998,4.427161232425969
TX,2014-05-04,5.3,236.918,81.9,3.491,2.166947687079812,-0.2999999999999998,4.427161232425969
TX,2014-05-05,5.3,236.918,81.9,3.465,2.166947687079812,-0.2999999999999998,2.152122641509435
TX,2014-05-06,5.3,236.918,81.9,3.465,2.166947687079812,-0.2999999999999998,2.152122641509435
TX,2014-05-07,5.3,236.918,81.9,3.465,2.166947687079812,-0.2999999999999998,2.152122641509435
TX,2014-05-08,5.3,236.918,81.9,3.465,2.166947687079812,-0.2999999999999998,2.152122641509435
TX,2014-05-09,5.3,236.918,81.9,3.465,2.166947687079812,-0.2999999999999998,2.152122641509435
TX,2014-05-10,5.3,236.918,81.9,3.465,2.166947687079812,-0.2999999999999998,2.152122641509435
TX,2014-05-11,5.3,236.918,81.9,3.465,2.166947687079812,-0.2999999999999998,2.152122641509435
TX,2014-05-12,5.3,236.918,81.9,3.437,2.166947687079812,-0.2999999999999998,-1.008064516129037
TX,2014-05-13,5.3,236.918,81.9,3.437,2.166947687079812,-0.2999999999999998,-1.008064516129037
TX,2014-05-14,5.3,236.918,81.9,3.437,2.166947687079812,-0.2999999999999998,-1.008064516129037
TX,2014-05-15,5.3,236.918,81.9,3.437,2.166947687079812,-0.2999999999999998,-1.008064516129037
TX,2014-05-16,5.3,236.918,81.9,3.437,2.166947687079812,-0.2999999999999998,-1.008064516129037
TX,2014-05-17,5.3,236.918,81.9,3.437,2.166947687079812,-0.2999999999999998,-1.008064516129037
TX,2014-05-18,5.3,236.918,81.9,3.437,2.166947687079812,-0.2999999999999998,-1.008064516129037
TX,2014-05-19,5.3,236.918,81.9,3.439,2.166947687079812,-0.2999999999999998,-1.4895445431108545
TX,2014-05-20,5.3,236.918,81.9,3.439,2.166947687079812,-0.2999999999999998,-1.4895445431108545
TX,2014-05-21,5.3,236.918,81.9,3.439,2.166947687079812,-0.2999999999999998,-1.4895445431108545
TX,2014-05-22,5.3,236.918,81.9,3.439,2.166947687079812,-0.2999999999999998,-1.4895445431108545
TX,2014-05-23,5.3,236.918,81.9,3.439,2.166947687079812,-0.2999999999999998,-1.4895445431108545
TX,2014-05-24,5.3,236.918,81.9,3.439,2.166947687079812,-0.2999999999999998,-1.4895445431108545
TX,2014-05-25,5.3,236.918,81.9,3.439,2.166947687079812,-0.2999999999999998,-1.4895445431108545
TX,2014-05-26,5.3,236.918,81.9,3.435,2.166947687079812,-0.2999999999999998,-1.604124892580927
TX,2014-05-27,5.3,236.918,81.9,3.435,2.166947687079812,-0.2999999999999998,-1.604124892580927
TX,2014-05-28,5.3,236.918,81.9,3.435,2.166947687079812,-0.2999999999999998,-1.604124892580927
TX,2014-05-29,5.3,236.918,81.9,3.435,2.166947687079812,-0.2999999999999998,-1.604124892580927
TX,2014-05-30,5.3,236.918,81.9,3.435,2.166947687079812,-0.20000000000000018,-1.604124892580927
TX,2014-05-31,5.3,236.918,81.9,3.435,2.166947687079812,-0.20000000000000018,-1.604124892580927
TX,2014-06-01,5.2,237.231,82.5,3.435,2.0589816945944195,-0.2999999999999998,-1.604124892580927
TX,2014-06-02,5.2,237.231,82.5,3.44,2.0589816945944195,-0.2999999999999998,-0.721500721500723
TX,2014-06-03,5.2,237.231,82.5,3.44,2.0589816945944195,-0.2999999999999998,-0.721500721500723
TX,2014-06-04,5.2,237.231,82.5,3.44,2.0589816945944195,-0.2999999999999998,-0.721500721500723
TX,2014-06-05,5.2,237.231,82.5,3.44,2.0589816945944195,-0.2999999999999998,-0.721500721500723
TX,2014-06-06,5.2,237.231,82.5,3.44,2.0589816945944195,-0.2999999999999998,-0.721500721500723
TX,2014-06-07,5.2,237.231,82.5,3.44,2.0589816945944195,-0.2999999999999998,-0.721500721500723
TX,2014-06-08,5.2,237.231,82.5,3.44,2.0589816945944195,-0.2999999999999998,-0.721500721500723
TX,2014-06-09,5.2,237.231,82.5,3.418,2.0589816945944195,-0.2999999999999998,-0.55280768111724
TX,2014-06-10,5.2,237.231,82.5,3.418,2.0589816945944195,-0.2999999999999998,-0.55280768111724
TX,2014-06-11,5.2,237.231,82.5,3.418,2.0589816945944195,-0.2999999999999998,-0.55280768111724
TX,2014-06-12,5.2,237.231,82.5,3.418,2.0589816945944195,-0.2999999999999998,-0.55280768111724
TX,2014-06-13,5.2,237.231,82.5,3.418,2.0589816945944195,-0.2999999999999998,-0.55280768111724
TX,2014-06-14,5.2,237.231,82.5,3.418,2.0589816945944195,-0.2999999999999998,-0.55280768111724
TX,2014-06-15,5.2,237.231,82.5,3.418,2.0589816945944195,-0.2999999999999998,-0.55280768111724
TX,2014-06-16,5.2,237.231,82.5,3.428,2.0589816945944195,-0.2999999999999998,-0.3198604245420178
TX,2014-06-17,5.2,237.231,82.5,3.428,2.0589816945944195,-0.2999999999999998,-0.3198604245420178
TX,2014-06-18,5.2,237.231,82.5,3.428,2.0589816945944195,-0.2999999999999998,-0.3198604245420178
TX,2014-06-19,5.2,237.231,82.5,3.428,2.0589816945944195,-0.2999999999999998,-0.3198604245420178
TX,2014-06-20,5.2,237.231,82.5,3.428,2.0589816945944195,-0.2999999999999998,-0.3198604245420178
TX,2014-06-21,5.2,237.231,82.5,3.428,2.0589816945944195,-0.2999999999999998,-0.3198604245420178
TX,2014-06-22,5.2,237.231,82.5,3.428,2.0589816945944195,-0.2999999999999998,-0.3198604245420178
TX,2014-06-23,5.2,237.231,82.5,3.494,2.0589816945944195,-0.2999999999999998,1.7176128093158605
TX,2014-06-24,5.2,237.231,82.5,3.494,2.0589816945944195,-0.2999999999999998,1.7176128093158605
TX,2014-06-25,5.2,237.231,82.5,3.494,2.0589816945944195,-0.2999999999999998,1.7176128093158605
TX,2014-06-26,5.2,237.231,82.5,3.494,2.0589816945944195,-0.2999999999999998,1.7176128093158605
TX,2014-06-27,5.2,237.231,82.5,3.494,2.0589816945944195,-0.2999999999999998,1.7176128093158605
TX,2014-06-28,5.2,237.231,82.5,3.494,2.0589816945944195,-0.2999999999999998,1.7176128093158605
TX,2014-06-29,5.2,237.231,82.5,3.494,2.0589816945944195,-0.2999999999999998,1.7176128093158605
TX,2014-06-30,5.2,237.231,82.5,3.483,2.0589816945944195,-0.20000000000000018,1.2499999999999956
TX,2014-07-01,5.2,237.498,81.8,3.483,1.9742378703305974,-0.20000000000000018,1.2499999999999956
TX,2014-07-02,5.2,237.498,81.8,3.483,1.9742378703305974,-0.20000000000000018,1.2499999999999956
TX,2014-07-03,5.2,237.498,81.8,3.483,1.9742378703305974,-0.20000000000000018,1.2499999999999956
TX,2014-07-04,5.2,237.498,81.8,3.483,1.9742378703305974,-0.20000000000000018,1.2499999999999956
TX,2014-07-05,5.2,237.498,81.8,3.483,1.9742378703305974,-0.20000000000000018,1.2499999999999956
TX,2014-07-06,5.2,237.498,81.8,3.483,1.9742378703305974,-0.20000000000000018,1.2499999999999956
TX,2014-07-07,5.2,237.498,81.8,3.462,1.9742378703305974,-0.20000000000000018,1.287302516091282
TX,2014-07-08,5.2,237.498,81.8,3.462,1.9742378703305974,-0.20000000000000018,1.287302516091282
TX,2014-07-09,5.2,237.498,81.8,3.462,1.9742378703305974,-0.20000000000000018,1.287302516091282
TX,2014-07-10,5.2,237.498,81.8,3.462,1.9742378703305974,-0.20000000000000018,1.287302516091282
TX,2014-07-11,5.2,237.498,81.8,3.462,1.9742378703305974,-0.20000000000000018,1.287302516091282
TX,2014-07-12,5.2,237.498,81.8,3.462,1.9742378703305974,-0.20000000000000018,1.287302516091282
TX,2014-07-13,5.2,237.498,81.8,3.462,1.9742378703305974,-0.20000000000000018,1.287302516091282
TX,2014-07-14,5.2,237.498,81.8,3.44,1.9742378703305974,-0.20000000000000018,0.3500583430571691
TX,2014-07-15,5.2,237.498,81.8,3.44,1.9742378703305974,-0.20000000000000018,0.3500583430571691
TX,2014-07-16,5.2,237.498,81.8,3.44,1.9742378703305974,-0.20000000000000018,0.3500583430571691
TX,2014-07-17,5.2,237.498,81.8,3.44,1.9742378703305974,-0.20000000000000018,0.3500583430571691
TX,2014-07-18,5.2,237.498,81.8,3.44,1.9742378703305974,-0.20000000000000018,0.3500583430571691
TX,2014-07-19,5.2,237.498,81.8,3.44,1.9742378703305974,-0.20000000000000018,0.3500583430571691
TX,2014-07-20,5.2,237.498,81.8,3.44,1.9742378703305974,-0.20000000000000018,0.3500583430571691
TX,2014-07-21,5.2,237.498,81.8,3.394,1.9742378703305974,-0.20000000000000018,-2.86204922724671
TX,2014-07-22,5.2,237.498,81.8,3.394,1.9742378703305974,-0.20000000000000018,-2.86204922724671
TX,2014-07-23,5.2,237.498,81.8,3.394,1.9742378703305974,-0.20000000000000018,-2.86204922724671
TX,2014-07-24,5.2,237.498,81.8,3.394,1.9742378703305974,-0.20000000000000018,-2.86204922724671
TX,2014-07-25,5.2,237.498,81.8,3.394,1.9742378703305974,-0.20000000000000018,-2.86204922724671
TX,2014-07-26,5.2,237.498,81.8,3.394,1.9742378703305974,-0.20000000000000018,-2.86204922724671
TX,2014-07-27,5.2,237.498,81.8,3.394,1.9742378703305974,-0.20000000000000018,-2.86204922724671
TX,2014-07-28,5.2,237.498,81.8,3.349,1.9742378703305974,-0.20000000000000018,-3.8472581108240034
TX,2014-07-29,5.2,237.498,81.8,3.349,1.9742378703305974,-0.20000000000000018,-3.8472581108240034
TX,2014-07-30,5.2,237.498,81.8,3.349,1.9742378703305974,-0.09999999999999964,-3.8472581108240034
TX,2014-07-31,5.2,237.498,81.8,3.349,1.9742378703305974,-0.09999999999999964,-3.8472581108240034
TX,2014-08-01,5.1,237.46,82.5,3.349,1.7150983482969062,-0.20000000000000018,-3.8472581108240034
TX,2014-08-02,5.1,237.46,82.5,3.349,1.7150983482969062,-0.20000000000000018,-3.8472581108240034
TX,2014-08-03,5.1,237.46,82.5,3.349,1.7150983482969062,-0.20000000000000018,-3.8472581108240034
TX,2014-08-04,5.1,237.46,82.5,3.306,1.7150983482969062,-0.20000000000000018,-4.506065857885622
TX,2014-08-05,5.1,237.46,82.5,3.306,1.7150983482969062,-0.20000000000000018,-4.506065857885622
TX,2014-08-06,5.1,237.46,82.5,3.306,1.7150983482969062,-0.20000000000000018,-4.506065857885622
TX,2014-08-07,5.1,237.46,82.5,3.306,1.7150983482969062,-0.20000000000000018,-4.506065857885622
TX,2014-08-08,5.1,237.46,82.5,3.306,1.7150983482969062,-0.20000000000000018,-4.506065857885622
TX,2014-08-09,5.1,237.46,82.5,3.306,1.7150983482969062,-0.20000000000000018,-4.506065857885622
TX,2014-08-10,5.1,237.46,82.5,3.306,1.7150983482969062,-0.20000000000000018,-4.506065857885622
TX,2014-08-11,5.1,237.46,82.5,3.271,1.7150983482969062,-0.20000000000000018,-4.912790697674419
TX,2014-08-12,5.1,237.46,82.5,3.271,1.7150983482969062,-0.20000000000000018,-4.912790697674419
TX,2014-08-13,5.1,237.46,82.5,3.271,1.7150983482969062,-0.20000000000000018,-4.912790697674419
TX,2014-08-14,5.1,237.46,82.5,3.271,1.7150983482969062,-0.20000000000000018,-4.912790697674419
TX,2014-08-15,5.1,237.46,82.5,3.271,1.7150983482969062,-0.20000000000000018,-4.912790697674419
TX,2014-08-16,5.1,237.46,82.5,3.271,1.7150983482969062,-0.20000000000000018,-4.912790697674419
TX,2014-08-17,5.1,237.46,82.5,3.271,1.7150983482969062,-0.20000000000000018,-4.912790697674419
TX,2014-08-18,5.1,237.46,82.5,3.264,1.7150983482969062,-0.20000000000000018,-3.830288744843857
TX,2014-08-19,5.1,237.46,82.5,3.264,1.7150983482969062,-0.20000000000000018,-3.830288744843857
TX,2014-08-20,5.1,237.46,82.5,3.264,1.7150983482969062,-0.20000000000000018,-3.830288744843857
TX,2014-08-21,5.1,237.46,82.5,3.264,1.7150983482969062,-0.20000000000000018,-3.830288744843857
TX,2014-08-22,5.1,237.46,82.5,3.264,1.7150983482969062,-0.20000000000000018,-3.830288744843857
TX,2014-08-23,5.1,237.46,82.5,3.264,1.7150983482969062,-0.20000000000000018,-3.830288744843857
TX,2014-08-24,5.1,237.46,82.5,3.264,1.7150983482969062,-0.20000000000000018,-3.830288744843857
TX,2014-08-25,5.1,237.46,82.5,3.238,1.7150983482969062,-0.20000000000000018,-3.314422215586743
TX,2014-08-26,5.1,237.46,82.5,3.238,1.7150983482969062,-0.20000000000000018,-3.314422215586743
TX,2014-08-27,5.1,237.46,82.5,3.238,1.7150983482969062,-0.20000000000000018,-3.314422215586743
TX,2014-08-28,5.1,237.46,82.5,3.238,1.7150983482969062,-0.20000000000000018,-3.314422215586743
TX,2014-08-29,5.1,237.46,82.5,3.238,1.7150983482969062,-0.20000000000000018,-3.314422215586743
TX,2014-08-30,5.1,237.46,82.5,3.238,1.7150983482969062,-0.10000000000000053,-3.314422215586743
TX,2014-08-31,5.1,237.46,82.5,3.238,1.7150983482969062,-0.10000000000000053,-3.314422215586743
TX,2014-09-01,5.0,237.477,84.6,3.216,1.6840509711232077,-0.20000000000000018,-2.722323049001807
TX,2014-09-02,5.0,237.477,84.6,3.216,1.6840509711232077,-0.20000000000000018,-2.722323049001807
TX,2014-09-03,5.0,237.477,84.6,3.216,1.6840509711232077,-0.20000000000000018,-2.722323049001807
TX,2014-09-04,5.0,237.477,84.6,3.216,1.6840509711232077,-0.20000000000000018,-2.722323049001807
TX,2014-09-05,5.0,237.477,84.6,3.216,1.6840509711232077,-0.20000000000000018,-2.722323049001807
TX,2014-09-06,5.0,237.477,84.6,3.216,1.6840509711232077,-0.20000000000000018,-2.722323049001807
TX,2014-09-07,5.0,237.477,84.6,3.216,1.6840509711232077,-0.20000000000000018,-2.722323049001807
TX,2014-09-08,5.0,237.477,84.6,3.223,1.6840509711232077,-0.20000000000000018,-1.467441149495563
TX,2014-09-09,5.0,237.477,84.6,3.223,1.6840509711232077,-0.20000000000000018,-1.467441149495563
TX,2014-09-10,5.0,237.477,84.6,3.223,1.6840509711232077,-0.20000000000000018,-1.467441149495563
TX,2014-09-11,5.0,237.477,84.6,3.223,1.6840509711232077,-0.20000000000000018,-1.467441149495563
TX,2014-09-12,5.0,237.477,84.6,3.223,1.6840509711232077,-0.20000000000000018,-1.467441149495563
TX,2014-09-13,5.0,237.477,84.6,3.223,1.6840509711232077,-0.20000000000000018,-1.467441149495563
TX,2014-09-14,5.0,237.477,84.6,3.223,1.6840509711232077,-0.20000000000000018,-1.467441149495563
TX,2014-09-15,5.0,237.477,84.6,3.173,1.6840509711232077,-0.20000000000000018,-2.787990196078427
TX,2014-09-16,5.0,237.477,84.6,3.173,1.6840509711232077,-0.20000000000000018,-2.787990196078427
TX,2014-09-17,5.0,237.477,84.6,3.173,1.6840509711232077,-0.20000000000000018,-2.787990196078427
TX,2014-09-18,5.0,237.477,84.6,3.173,1.6840509711232077,-0.20000000000000018,-2.787990196078427
TX,2014-09-19,5.0,237.477,84.6,3.173,1.6840509711232077,-0.20000000000000018,-2.787990196078427
TX,2014-09-20,5.0,237.477,84.6,3.173,1.6840509711232077,-0.20000000000000018,-2.787990196078427
TX,2014-09-21,5.0,237.477,84.6,3.173,1.6840509711232077,-0.20000000000000018,-2.787990196078427
TX,2014-09-22,5.0,237.477,84.6,3.127,1.6840509711232077,-0.20000000000000018,-3.428042001235332
TX,2014-09-23,5.0,237.477,84.6,3.127,1.6840509711232077,-0.20000000000000018,-3.428042001235332
TX,2014-09-24,5.0,237.477,84.6,3.127,1.6840509711232077,-0.20000000000000018,-3.428042001235332
TX,2014-09-25,5.0,237.477,84.6,3.127,1.6840509711232077,-0.20000000000000018,-3.428042001235332
TX,2014-09-26,5.0,237.477,84.6,3.127,1.6840509711232077,-0.20000000000000018,-3.428042001235332
TX,2014-09-27,5.0,237.477,84.6,3.127,1.6840509711232077,-0.20000000000000018,-3.428042001235332
TX,2014-09-28,5.0,237.477,84.6,3.127,1.6840509711232077,-0.20000000000000018,-3.428042001235332
TX,2014-09-29,5.0,237.477,84.6,3.156,1.6840509711232077,-0.20000000000000018,-1.8656716417910446
TX,2014-09-30,5.0,237.477,84.6,3.156,1.6840509711232077,-0.20000000000000018,-1.8656716417910446
TX,2014-10-01,4.9,237.43,86.9,3.156,1.6095417021513292,-0.2999999999999998,-1.8656716417910446
TX,2014-10-02,4.9,237.43,86.9,3.156,1.6095417021513292,-0.2999999999999998,-1.8656716417910446
TX,2014-10-03,4.9,237.43,86.9,3.156,1.6095417021513292,-0.2999999999999998,-1.8656716417910446
TX,2014-10-04,4.9,237.43,86.9,3.156,1.6095417021513292,-0.2999999999999998,-1.8656716417910446
TX,2014-10-05,4.9,237.43,86.9,3.156,1.6095417021513292,-0.2999999999999998,-1.8656716417910446
TX,2014-10-06,4.9,237.43,86.9,3.109,1.6095417021513292,-0.2999999999999998,-3.537077257213772
TX,2014-10-07,4.9,237.43,86.9,3.109,1.6095417021513292,-0.2999999999999998,-3.537077257213772
TX,2014-10-08,4.9,237.43,86.9,3.109,1.6095417021513292,-0.2999999999999998,-3.537077257213772
TX,2014-10-09,4.9,237.43,86.9,3.109,1.6095417021513292,-0.2999999999999998,-3.537077257213772
TX,2014-10-10,4.9,237.43,86.9,3.109,1.6095417021513292,-0.2999999999999998,-3.537077257213772
TX,2014-10-11,4.9,237.43,86.9,3.109,1.6095417021513292,-0.2999999999999998,-3.537077257213772
TX,2014-10-12,4.9,237.43,86.9,3.109,1.6095417021513292,-0.2999999999999998,-3.537077257213772
TX,2014-10-13,4.9,237.43,86.9,3.008,1.6095417021513292,-0.2999999999999998,-5.200126063662147
TX,2014-10-14,4.9,237.43,86.9,3.008,1.6095417021513292,-0.2999999999999998,-5.200126063662147
TX,2014-10-15,4.9,237.43,86.9,3.008,1.6095417021513292,-0.2999999999999998,-5.200126063662147
TX,2014-10-16,4.9,237.43,86.9,3.008,1.6095417021513292,-0.2999999999999998,-5.200126063662147
TX,2014-10-17,4.9,237.43,86.9,3.008,1.6095417021513292,-0.2999999999999998,-5.200126063662147
TX,2014-10-18,4.9,237.43,86.9,3.008,1.6095417021513292,-0.2999999999999998,-5.200126063662147
TX,2014-10-19,4.9,237.43,86.9,3.008,1.6095417021513292,-0.2999999999999998,-5.200126063662147
TX,2014-10-20,4.9,237.43,86.9,2.912,1.6095417021513292,-0.2999999999999998,-6.875599616245598
TX,2014-10-21,4.9,237.43,86.9,2.912,1.6095417021513292,-0.2999999999999998,-6.875599616245598
TX,2014-10-22,4.9,237.43,86.9,2.912,1.6095417021513292,-0.2999999999999998,-6.875599616245598
TX,2014-10-23,4.9,237.43,86.9,2.912,1.6095417021513292,-0.2999999999999998,-6.875599616245598
TX,2014-10-24,4.9,237.43,86.9,2.912,1.6095417021513292,-0.2999999999999998,-6.875599616245598
TX,2014-10-25,4.9,237.43,86.9,2.912,1.6095417021513292,-0.2999999999999998,-6.875599616245598
TX,2014-10-26,4.9,237.43,86.9,2.912,1.6095417021513292,-0.2999999999999998,-6.875599616245598
TX,2014-10-27,4.9,237.43,86.9,2.83,1.6095417021513292,-0.2999999999999998,-10.329531051964514
TX,2014-10-28,4.9,237.43,86.9,2.83,1.6095417021513292,-0.2999999999999998,-10.329531051964514
TX,2014-10-29,4.9,237.43,86.9,2.83,1.6095417021513292,-0.2999999999999998,-10.329531051964514
TX,2014-10-30,4.9,237.43,86.9,2.83,1.6095417021513292,-0.1999999999999993,-10.329531051964514
TX,2014-10-31,4.9,237.43,86.9,2.83,1.6095417021513292,-0.1999999999999993,-10.329531051964514
TX,2014-11-01,4.7,236.983,88.8,2.83,1.231524989320798,-0.39999999999999947,-10.329531051964514
TX,2014-11-02,4.7,236.983,88.8,2.83,1.231524989320798,-0.39999999999999947,-10.329531051964514
TX,2014-11-03,4.7,236.983,88.8,2.769,1.231524989320798,-0.39999999999999947,-10.935992280476036
TX,2014-11-04,4.7,236.983,88.8,2.769,1.231524989320798,-0.39999999999999947,-10.935992280476036
TX,2014-11-05,4.7,236.983,88.8,2.769,1.231524989320798,-0.39999999999999947,-10.935992280476036
TX,2014-11-06,4.7,236.983,88.8,2.769,1.231524989320798,-0.39999999999999947,-10.935992280476036
TX,2014-11-07,4.7,236.983,88.8,2.769,1.231524989320798,-0.39999999999999947,-10.935992280476036
TX,2014-11-08,4.7,236.983,88.8,2.769,1.231524989320798,-0.39999999999999947,-10.935992280476036
TX,2014-11-09,4.7,236.983,88.8,2.769,1.231524989320798,-0.39999999999999947,-10.935992280476036
TX,2014-11-10,4.7,236.983,88.8,2.723,1.231524989320798,-0.39999999999999947,-9.474734042553202
TX,2014-11-11,4.7,236.983,88.8,2.723,1.231524989320798,-0.39999999999999947,-9.474734042553202
TX,2014-11-12,4.7,236.983,88.8,2.723,1.231524989320798,-0.39999999999999947,-9.474734042553202
TX,2014-11-13,4.7,236.983,88.8,2.723,1.231524989320798,-0.39999999999999947,-9.474734042553202
TX,2014-11-14,4.7,236.983,88.8,2.723,1.231524989320798,-0.39999999999999947,-9.474734042553202
TX,2014-11-15,4.7,236.983,88.8,2.723,1.231524989320798,-0.39999999999999947,-9.474734042553202
TX,2014-11-16,4.7,236.983,88.8,2.723,1.231524989320798,-0.39999999999999947,-9.474734042553202
TX,2014-11-17,4.7,236.983,88.8,2.673,1.231524989320798,-0.39999999999999947,-8.207417582417575
TX,2014-11-18,4.7,236.983,88.8,2.673,1.231524989320798,-0.39999999999999947,-8.207417582417575
TX,2014-11-19,4.7,236.983,88.8,2.673,1.231524989320798,-0.39999999999999947,-8.207417582417575
TX,2014-11-20,4.7,236.983,88.8,2.673,1.231524989320798,-0.39999999999999947,-8.207417582417575
TX,2014-11-21,4.7,236.983,88.8,2.673,1.231524989320798,-0.39999999999999947,-8.207417582417575
TX,2014-11-22,4.7,236.983,88.8,2.673,1.231524989320798,-0.39999999999999947,-8.207417582417575
TX,2014-11-23,4.7,236.983,88.8,2.673,1.231524989320798,-0.39999999999999947,-8.207417582417575
TX,2014-11-24,4.7,236.983,88.8,2.593,1.231524989320798,-0.39999999999999947,-8.374558303886925
TX,2014-11-25,4.7,236.983,88.8,2.593,1.231524989320798,-0.39999999999999947,-8.374558303886925
TX,2014-11-26,4.7,236.983,88.8,2.593,1.231524989320798,-0.39999999999999947,-8.374558303886925
TX,2014-11-27,4.7,236.983,88.8,2.593,1.231524989320798,-0.39999999999999947,-8.374558303886925
TX,2014-11-28,4.7,236.983,88.8,2.593,1.231524989320798,-0.39999999999999947,-8.374558303886925
TX,2014-11-29,4.7,236.983,88.8,2.593,1.231524989320798,-0.39999999999999947,-8.374558303886925
TX,2014-11-30,4.7,236.983,88.8,2.593,1.231524989320798,-0.2999999999999998,-8.374558303886925
TX,2014-12-01,4.6,236.252,93.6,2.531,0.6531213919623191,-0.40000000000000036,-8.595160707836769
TX,2014-12-02,4.6,236.252,93.6,2.531,0.6531213919623191,-0.40000000000000036,-8.595160707836769
TX,2014-12-03,4.6,236.252,93.6,2.531,0.6531213919623191,-0.40000000000000036,-8.595160707836769
TX,2014-12-04,4.6,236.252,93.6,2.531,0.6531213919623191,-0.40000000000000036,-8.595160707836769
TX,2014-12-05,4.6,236.252,93.6,2.531,0.6531213919623191,-0.40000000000000036,-8.595160707836769
TX,2014-12-06,4.6,236.252,93.6,2.531,0.6531213919623191,-0.40000000000000036,-8.595160707836769
TX,2014-12-07,4.6,236.252,93.6,2.531,0.6531213919623191,-0.40000000000000036,-8.595160707836769
TX,2014-12-08,4.6,236.252,93.6,2.44,0.6531213919623191,-0.40000000000000036,-10.392948953360259
TX,2014-12-09,4.6,236.252,93.6,2.44,0.6531213919623191,-0.40000000000000036,-10.392948953360259
TX,2014-12-10,4.6,236.252,93.6,2.44,0.6531213919623191,-0.40000000000000036,-10.392948953360259
TX,2014-12-11,4.6,236.252,93.6,2.44,0.6531213919623191,-0.40000000000000036,-10.392948953360259
TX,2014-12-12,4.6,236.252,93.6,2.44,0.6531213919623191,-0.40000000000000036,-10.392948953360259
TX,2014-12-13,4.6,236.252,93.6,2.44,0.6531213919623191,-0.40000000000000036,-10.392948953360259
TX,2014-12-14,4.6,236.252,93.6,2.44,0.6531213919623191,-0.40000000000000036,-10.392948953360259
TX,2014-12-15,4.6,236.252,93.6,2.328,0.6531213919623191,-0.40000000000000036,-12.906846240179581
TX,2014-12-16,4.6,236.252,93.6,2.328,0.6531213919623191,-0.40000000000000036,-12.906846240179581
TX,2014-12-17,4.6,236.252,93.6,2.328,0.6531213919623191,-0.40000000000000036,-12.906846240179581
TX,2014-12-18,4.6,236.252,93.6,2.328,0.6531213919623191,-0.40000000000000036,-12.906846240179581
TX,2014-12-19,4.6,236.252,93.6,2.328,0.6531213919623191,-0.40000000000000036,-12.906846240179581
TX,2014-12-20,4.6,236.252,93.6,2.328,0.6531213919623191,-0.40000000000000036,-12.906846240179581
TX,2014-12-21,4.6,236.252,93.6,2.328,0.6531213919623191,-0.40000000000000036,-12.906846240179581
TX,2014-12-22,4.6,236.252,93.6,2.176,0.6531213919623191,-0.40000000000000036,-16.081758580794435
TX,2014-12-23,4.6,236.252,93.6,2.176,0.6531213919623191,-0.40000000000000036,-16.081758580794435
TX,2014-12-24,4.6,236.252,93.6,2.176,0.6531213919623191,-0.40000000000000036,-16.081758580794435
TX,2014-12-25,4.6,236.252,93.6,2.176,0.6531213919623191,-0.40000000000000036,-16.081758580794435
TX,2014-12-26,4.6,236.252,93.6,2.176,0.6531213919623191,-0.40000000000000036,-16.081758580794435
TX,2014-12-27,4.6,236.252,93.6,2.176,0.6531213919623191,-0.40000000000000036,-16.081758580794435
TX,2014-12-28,4.6,236.252,93.6,2.176,0.6531213919623191,-0.40000000000000036,-16.081758580794435
TX,2014-12-29,4.6,236.252,93.6,2.073,0.6531213919623191,-0.40000000000000036,-18.095614381667335
TX,2014-12-30,4.6,236.252,93.6,2.073,0.6531213919623191,-0.3000000000000007,-18.095614381667335
TX,2014-12-31,4.6,236.252,93.6,2.073,0.6531213919623191,-0.3000000000000007,-18.095614381667335
TX,2015-01-01,4.5,234.747,98.1,2.073,-0.22993097820542818,-0.40000000000000036,-18.095614381667335
TX,2015-01-02,4.5,234.747,98.1,2.073,-0.22993097820542818,-0.40000000000000036,-18.095614381667335
TX,2015-01-03,4.5,234.747,98.1,2.073,-0.22993097820542818,-0.40000000000000036,-18.095614381667335
TX,2015-01-04,4.5,234.747,98.1,2.073,-0.22993097820542818,-0.40000000000000036,-18.095614381667335
TX,2015-01-05,4.5,234.747,98.1,1.993,-0.22993097820542818,-0.40000000000000036,-18.319672131147534
TX,2015-01-06,4.5,234.747,98.1,1.993,-0.22993097820542818,-0.40000000000000036,-18.319672131147534
TX,2015-01-07,4.5,234.747,98.1,1.993,-0.22993097820542818,-0.40000000000000036,-18.319672131147534
TX,2015-01-08,4.5,234.747,98.1,1.993,-0.22993097820542818,-0.40000000000000036,-18.319672131147534
TX,2015-01-09,4.5,234.747,98.1,1.993,-0.22993097820542818,-0.40000000000000036,-18.319672131147534
TX,2015-01-10,4.5,234.747,98.1,1.993,-0.22993097820542818,-0.40000000000000036,-18.319672131147534
TX,2015-01-11,4.5,234.747,98.1,1.993,-0.22993097820542818,-0.40000000000000036,-18.319672131147534
TX,2015-01-12,4.5,234.747,98.1,1.911,-0.22993097820542818,-0.40000000000000036,-17.91237113402061
TX,2015-01-13,4.5,234.747,98.1,1.911,-0.22993097820542818,-0.40000000000000036,-17.91237113402061
TX,2015-01-14,4.5,234.747,98.1,1.911,-0.22993097820542818,-0.40000000000000036,-17.91237113402061
TX,2015-01-15,4.5,234.747,98.1,1.911,-0.22993097820542818,-0.40000000000000036,-17.91237113402061
TX,2015-01-16,4.5,234.747,98.1,1.911,-0.22993097820542818,-0.40000000000000036,-17.91237113402061
TX,2015-01-17,4.5,234.747,98.1,1.911,-0.22993097820542818,-0.40000000000000036,-17.91237113402061
TX,2015-01-18,4.5,234.747,98.1,1.911,-0.22993097820542818,-0.40000000000000036,-17.91237113402061
TX,2015-01-19,4.5,234.747,98.1,1.844,-0.22993097820542818,-0.40000000000000036,-15.257352941176471
TX,2015-01-20,4.5,234.747,98.1,1.844,-0.22993097820542818,-0.40000000000000036,-15.257352941176471
TX,2015-01-21,4.5,234.747,98.1,1.844,-0.22993097820542818,-0.40000000000000036,-15.257352941176471
TX,2015-01-22,4.5,234.747,98.1,1.844,-0.22993097820542818,-0.40000000000000036,-15.257352941176471
TX,2015-01-23,4.5,234.747,98.1,1.844,-0.22993097820542818,-0.40000000000000036,-15.257352941176471
TX,2015-01-24,4.5,234.747,98.1,1.844,-0.22993097820542818,-0.40000000000000036,-15.257352941176471
TX,2015-01-25,4.5,234.747,98.1,1.844,-0.22993097820542818,-0.40000000000000036,-15.257352941176471
TX,2015-01-26,4.5,234.747,98.1,1.85,-0.22993097820542818,-0.40000000000000036,-10.757356488181369
TX,2015-01-27,4.5,234.747,98.1,1.85,-0.22993097820542818,-0.40000000000000036,-10.757356488181369
TX,2015-01-28,4.5,234.747,98.1,1.85,-0.22993097820542818,-0.40000000000000036,-10.757356488181369
TX,2015-01-29,4.5,234.747,98.1,1.85,-0.22993097820542818,-0.40000000000000036,-10.757356488181369
TX,2015-01-30,4.5,234.747,98.1,1.85,-0.22993097820542818,-0.20000000000000018,-10.757356488181369
TX,2015-01-31,4.5,234.747,98.1,1.85,-0.22993097820542818,-0.20000000000000018,-10.757356488181369
TX,2015-02-01,4.5,235.342,95.4,1.85,-0.08703146293520536,-0.20000000000000018,-10.757356488181369
TX,2015-02-02,4.5,235.342,95.4,1.86,-0.08703146293520536,-0.20000000000000018,-6.673356748620174
TX,2015-02-03,4.5,235.342,95.4,1.86,-0.08703146293520536,-0.20000000000000018,-6.673356748620174
TX,2015-02-04,4.5,235.342,95.4,1.86,-0.08703146293520536,-0.20000000000000018,-6.673356748620174
TX,2015-02-05,4.5,235.342,95.4,1.86,-0.08703146293520536,-0.20000000000000018,-6.673356748620174
TX,2015-02-06,4.5,235.342,95.4,1.86,-0.08703146293520536,-0.20000000000000018,-6.673356748620174
TX,2015-02-07,4.5,235.342,95.4,1.86,-0.08703146293520536,-0.20000000000000018,-6.673356748620174
TX,2015-02-08,4.5,235.342,95.4,1.86,-0.08703146293520536,-0.20000000000000018,-6.673356748620174
TX,2015-02-09,4.5,235.342,95.4,1.984,-0.08703146293520536,-0.20000000000000018,3.8199895342752477
TX,2015-02-10,4.5,235.342,95.4,1.984,-0.08703146293520536,-0.20000000000000018,3.8199895342752477
TX,2015-02-11,4.5,235.342,95.4,1.984,-0.08703146293520536,-0.20000000000000018,3.8199895342752477
TX,2015-02-12,4.5,235.342,95.4,1.984,-0.08703146293520536,-0.20000000000000018,3.8199895342752477
TX,2015-02-13,4.5,235.342,95.4,1.984,-0.08703146293520536,-0.20000000000000018,3.8199895342752477
TX,2015-02-14,4.5,235.342,95.4,1.984,-0.08703146293520536,-0.20000000000000018,3.8199895342752477
TX,2015-02-15,4.5,235.342,95.4,1.984,-0.08703146293520536,-0.20000000000000018,3.8199895342752477
TX,2015-02-16,4.5,235.342,95.4,2.074,-0.08703146293520536,-0.20000000000000018,12.472885032537938
TX,2015-02-17,4.5,235.342,95.4,2.074,-0.08703146293520536,-0.20000000000000018,12.472885032537938
TX,2015-02-18,4.5,235.342,95.4,2.074,-0.08703146293520536,-0.20000000000000018,12.472885032537938
TX,2015-02-19,4.5,235.342,95.4,2.074,-0.08703146293520536,-0.20000000000000018,12.472885032537938
TX,2015-02-20,4.5,235.342,95.4,2.074,-0.08703146293520536,-0.20000000000000018,12.472885032537938
TX,2015-02-21,4.5,235.342,95.4,2.074,-0.08703146293520536,-0.20000000000000018,12.472885032537938
TX,2015-02-22,4.5,235.342,95.4,2.074,-0.08703146293520536,-0.20000000000000018,12.472885032537938
TX,2015-02-23,4.5,235.342,95.4,2.109,-0.08703146293520536,-0.20000000000000018,13.99999999999999
TX,2015-02-24,4.5,235.342,95.4,2.109,-0.08703146293520536,-0.20000000000000018,13.99999999999999
TX,2015-02-25,4.5,235.342,95.4,2.109,-0.08703146293520536,-0.20000000000000018,13.99999999999999
TX,2015-02-26,4.5,235.342,95.4,2.109,-0.08703146293520536,-0.20000000000000018,13.99999999999999
TX,2015-02-27,4.5,235.342,95.4,2.109,-0.08703146293520536,-0.20000000000000018,13.99999999999999
TX,2015-02-28,4.5,235.342,95.4,2.109,-0.08703146293520536,-0.20000000000000018,13.99999999999999
TX,2015-03-01,4.5,235.976,93.0,2.109,-0.022031284423873476,-0.09999999999999964,13.99999999999999
TX,2015-03-02,4.5,235.976,93.0,2.215,-0.022031284423873476,-0.09999999999999964,19.086021505376326
TX,2015-03-03,4.5,235.976,93.0,2.215,-0.022031284423873476,-0.09999999999999964,19.086021505376326
TX,2015-03-04,4.5,235.976,93.0,2.215,-0.022031284423873476,-0.09999999999999964,19.086021505376326
TX,2015-03-05,4.5,235.976,93.0,2.215,-0.022031284423873476,-0.09999999999999964,19.086021505376326
TX,2015-03-06,4.5,235.976,93.0,2.215,-0.022031284423873476,-0.09999999999999964,19.086021505376326
TX,2015-03-07,4.5,235.976,93.0,2.215,-0.022031284423873476,-0.09999999999999964,19.086021505376326
TX,2015-03-08,4.5,235.976,93.0,2.215,-0.022031284423873476,-0.09999999999999964,19.086021505376326
TX,2015-03-09,4.5,235.976,93.0,2.228,-0.022031284423873476,-0.09999999999999964,12.2983870967742
TX,2015-03-10,4.5,235.976,93.0,2.228,-0.022031284423873476,-0.09999999999999964,12.2983870967742
TX,2015-03-11,4.5,235.976,93.0,2.228,-0.022031284423873476,-0.09999999999999964,12.2983870967742
TX,2015-03-12,4.5,235.976,93.0,2.228,-0.022031284423873476,-0.09999999999999964,12.2983870967742
TX,2015-03-13,4.5,235.976,93.0,2.228,-0.022031284423873476,-0.09999999999999964,12.2983870967742
TX,2015-03-14,4.5,235.976,93.0,2.228,-0.022031284423873476,-0.09999999999999964,12.2983870967742
TX,2015-03-15,4.5,235.976,93.0,2.228,-0.022031284423873476,-0.09999999999999964,12.2983870967742
TX,2015-03-16,4.5,235.976,93.0,2.22,-0.022031284423873476,-0.09999999999999964,7.039537126325968
TX,2015-03-17,4.5,235.976,93.0,2.22,-0.022031284423873476,-0.09999999999999964,7.039537126325968
TX,2015-03-18,4.5,235.976,93.0,2.22,-0.022031284423873476,-0.09999999999999964,7.039537126325968
TX,2015-03-19,4.5,235.976,93.0,2.22,-0.022031284423873476,-0.09999999999999964,7.039537126325968
TX,2015-03-20,4.5,235.976,93.0,2.22,-0.022031284423873476,-0.09999999999999964,7.039537126325968
TX,2015-03-21,4.5,235.976,93.0,2.22,-0.022031284423873476,-0.09999999999999964,7.039537126325968
TX,2015-03-22,4.5,235.976,93.0,2.22,-0.022031284423873476,-0.09999999999999964,7.039537126325968
TX,2015-03-23,4.5,235.976,93.0,2.191,-0.022031284423873476,-0.09999999999999964,3.888098624940728
TX,2015-03-24,4.5,235.976,93.0,2.191,-0.022031284423873476,-0.09999999999999964,3.888098624940728
TX,2015-03-25,4.5,235.976,93.0,2.191,-0.022031284423873476,-0.09999999999999964,3.888098624940728
TX,2015-03-26,4.5,235.976,93.0,2.191,-0.022031284423873476,-0.09999999999999964,3.888098624940728
TX,2015-03-27,4.5,235.976,93.0,2.191,-0.022031284423873476,-0.09999999999999964,3.888098624940728
TX,2015-03-28,4.5,235.976,93.0,2.191,-0.022031284423873476,-0.09999999999999964,3.888098624940728
TX,2015-03-29,4.5,235.976,93.0,2.191,-0.022031284423873476,-0.09999999999999964,3.888098624940728
TX,2015-03-30,4.5,235.976,93.0,2.187,-0.022031284423873476,-0.09999999999999964,-1.2641083521444663
TX,2015-03-31,4.5,235.976,93.0,2.187,-0.022031284423873476,-0.09999999999999964,-1.2641083521444663
TX,2015-04-01,4.4,236.222,95.9,2.187,-0.10403098939391064,-0.09999999999999964,-1.2641083521444663
TX,2015-04-02,4.4,236.222,95.9,2.187,-0.10403098939391064,-0.09999999999999964,-1.2641083521444663
TX,2015-04-03,4.4,236.222,95.9,2.187,-0.10403098939391064,-0.09999999999999964,-1.2641083521444663
TX,2015-04-04,4.4,236.222,95.9,2.187,-0.10403098939391064,-0.09999999999999964,-1.2641083521444663
TX,2015-04-05,4.4,236.222,95.9,2.187,-0.10403098939391064,-0.09999999999999964,-1.2641083521444663
TX,2015-04-06,4.4,236.222,95.9,2.183,-0.10403098939391064,-0.09999999999999964,-2.019748653500919
TX,2015-04-07,4.4,236.222,95.9,2.183,-0.10403098939391064,-0.09999999999999964,-2.019748653500919
TX,2015-04-08,4.4,236.222,95.9,2.183,-0.10403098939391064,-0.09999999999999964,-2.019748653500919
TX,2015-04-09,4.4,236.222,95.9,2.183,-0.10403098939391064,-0.09999999999999964,-2.019748653500919
TX,2015-04-10,4.4,236.222,95.9,2.183,-0.10403098939391064,-0.09999999999999964,-2.019748653500919
TX,2015-04-11,4.4,236.222,95.9,2.183,-0.10403098939391064,-0.09999999999999964,-2.019748653500919
TX,2015-04-12,4.4,236.222,95.9,2.183,-0.10403098939391064,-0.09999999999999964,-2.019748653500919
TX,2015-04-13,4.4,236.222,95.9,2.188,-0.10403098939391064,-0.09999999999999964,-1.4414414414414378
TX,2015-04-14,4.4,236.222,95.9,2.188,-0.10403098939391064,-0.09999999999999964,-1.4414414414414378
TX,2015-04-15,4.4,236.222,95.9,2.188,-0.10403098939391064,-0.09999999999999964,-1.4414414414414378
TX,2015-04-16,4.4,236.222,95.9,2.188,-0.10403098939391064,-0.09999999999999964,-1.4414414414414378
TX,2015-04-17,4.4,236.222,95.9,2.188,-0.10403098939391064,-0.09999999999999964,-1.4414414414414378
TX,2015-04-18,4.4,236.222,95.9,2.188,-0.10403098939391064,-0.09999999999999964,-1.4414414414414378
TX,2015-04-19,4.4,236.222,95.9,2.188,-0.10403098939391064,-0.09999999999999964,-1.4414414414414378
TX,2015-04-20,4.4,236.222,95.9,2.242,-0.10403098939391064,-0.09999999999999964,2.327704244637152
TX,2015-04-21,4.4,236.222,95.9,2.242,-0.10403098939391064,-0.09999999999999964,2.327704244637152
TX,2015-04-22,4.4,236.222,95.9,2.242,-0.10403098939391064,-0.09999999999999964,2.327704244637152
TX,2015-04-23,4.4,236.222,95.9,2.242,-0.10403098939391064,-0.09999999999999964,2.327704244637152
TX,2015-04-24,4.4,236.222,95.9,2.242,-0.10403098939391064,-0.09999999999999964,2.327704244637152
TX,2015-04-25,4.4,236.222,95.9,2.242,-0.10403098939391064,-0.09999999999999964,2.327704244637152
TX,2015-04-26,4.4,236.222,95.9,2.242,-0.10403098939391064,-0.09999999999999964,2.327704244637152
TX,2015-04-27,4.4,236.222,95.9,2.305,-0.10403098939391064,-0.09999999999999964,5.395518975765912
TX,2015-04-28,4.4,236.222,95.9,2.305,-0.10403098939391064,-0.09999999999999964,5.395518975765912
TX,2015-04-29,4.4,236.222,95.9,2.305,-0.10403098939391064,-0.09999999999999964,5.395518975765912
TX,2015-04-30,4.4,236.222,95.9,2.305,-0.10403098939391064,-0.09999999999999964,5.395518975765912
TX,2015-05-01,4.4,237.001,90.7,2.305,0.03503321824429584,-0.09999999999999964,5.395518975765912
TX,2015-05-02,4.4,237.001,90.7,2.305,0.03503321824429584,-0.09999999999999964,5.395518975765912
TX,2015-05-03,4.4,237.001,90.7,2.305,0.03503321824429584,-0.09999999999999964,5.395518975765912
TX,2015-05-04,4.4,237.001,90.7,2.384,0.03503321824429584,-0.09999999999999964,9.207512597343115
TX,2015-05-05,4.4,237.001,90.7,2.384,0.03503321824429584,-0.09999999999999964,9.207512597343115
TX,2015-05-06,4.4,237.001,90.7,2.384,0.03503321824429584,-0.09999999999999964,9.207512597343115
TX,2015-05-07,4.4,237.001,90.7,2.384,0.03503321824429584,-0.09999999999999964,9.207512597343115
TX,2015-05-08,4.4,237.001,90.7,2.384,0.03503321824429584,-0.09999999999999964,9.207512597343115
TX,2015-05-09,4.4,237.001,90.7,2.384,0.03503321824429584,-0.09999999999999964,9.207512597343115
TX,2015-05-10,4.4,237.001,90.7,2.384,0.03503321824429584,-0.09999999999999964,9.207512597343115
TX,2015-05-11,4.4,237.001,90.7,2.436,0.03503321824429584,-0.09999999999999964,11.334552102376595
TX,2015-05-12,4.4,237.001,90.7,2.436,0.03503321824429584,-0.09999999999999964,11.334552102376595
TX,2015-05-13,4.4,237.001,90.7,2.436,0.03503321824429584,-0.09999999999999964,11.334552102376595
TX,2015-05-14,4.4,237.001,90.7,2.436,0.03503321824429584,-0.09999999999999964,11.334552102376595
TX,2015-05-15,4.4,237.001,90.7,2.436,0.03503321824429584,-0.09999999999999964,11.334552102376595
TX,2015-05-16,4.4,237.001,90.7,2.436,0.03503321824429584,-0.09999999999999964,11.334552102376595
TX,2015-05-17,4.4,237.001,90.7,2.436,0.03503321824429584,-0.09999999999999964,11.334552102376595
TX,2015-05-18,4.4,237.001,90.7,2.466,0.03503321824429584,-0.09999999999999964,9.99107939339876
TX,2015-05-19,4.4,237.001,90.7,2.466,0.03503321824429584,-0.09999999999999964,9.99107939339876
TX,2015-05-20,4.4,237.001,90.7,2.466,0.03503321824429584,-0.09999999999999964,9.99107939339876
TX,2015-05-21,4.4,237.001,90.7,2.466,0.03503321824429584,-0.09999999999999964,9.99107939339876
TX,2015-05-22,4.4,237.001,90.7,2.466,0.03503321824429584,-0.09999999999999964,9.99107939339876
TX,2015-05-23,4.4,237.001,90.7,2.466,0.03503321824429584,-0.09999999999999964,9.99107939339876
TX,2015-05-24,4.4,237.001,90.7,2.466,0.03503321824429584,-0.09999999999999964,9.99107939339876
TX,2015-05-25,4.4,237.001,90.7,2.486,0.03503321824429584,-0.09999999999999964,7.852494577006519
TX,2015-05-26,4.4,237.001,90.7,2.486,0.03503321824429584,-0.09999999999999964,7.852494577006519
TX,2015-05-27,4.4,237.001,90.7,2.486,0.03503321824429584,-0.09999999999999964,7.852494577006519
TX,2015-05-28,4.4,237.001,90.7,2.486,0.03503321824429584,-0.09999999999999964,7.852494577006519
TX,2015-05-29,4.4,237.001,90.7,2.486,0.03503321824429584,-0.09999999999999964,7.852494577006519
TX,2015-05-30,4.4,237.001,90.7,2.486,0.03503321824429584,-0.09999999999999964,7.852494577006519
TX,2015-05-31,4.4,237.001,90.7,2.486,0.03503321824429584,-0.09999999999999964,7.852494577006519
TX,2015-06-01,4.4,237.657,96.1,2.483,0.1795718097550525,-0.09999999999999964,4.152684563758391
TX,2015-06-02,4.4,237.657,96.1,2.483,0.1795718097550525,-0.09999999999999964,4.152684563758391
TX,2015-06-03,4.4,237.657,96.1,2.483,0.1795718097550525,-0.09999999999999964,4.152684563758391
TX,2015-06-04,4.4,237.657,96.1,2.483,0.1795718097550525,-0.09999999999999964,4.152684563758391
TX,2015-06-05,4.4,237.657,96.1,2.483,0.1795718097550525,-0.09999999999999964,4.152684563758391
TX,2015-06-06,4.4,237.657,96.1,2.483,0.1795718097550525,-0.09999999999999964,4.152684563758391
TX,2015-06-07,4.4,237.657,96.1,2.483,0.1795718097550525,-0.09999999999999964,4.152684563758391
TX,2015-06-08,4.4,237.657,96.1,2.536,0.1795718097550525,-0.09999999999999964,4.10509031198687
TX,2015-06-09,4.4,237.657,96.1,2.536,0.1795718097550525,-0.09999999999999964,4.10509031198687
TX,2015-06-10,4.4,237.657,96.1,2.536,0.1795718097550525,-0.09999999999999964,4.10509031198687
TX,2015-06-11,4.4,237.657,96.1,2.536,0.1795718097550525,-0.09999999999999964,4.10509031198687
TX,2015-06-12,4.4,237.657,96.1,2.536,0.1795718097550525,-0.09999999999999964,4.10509031198687
TX,2015-06-13,4.4,237.657,96.1,2.536,0.1795718097550525,-0.09999999999999964,4.10509031198687
TX,2015-06-14,4.4,237.657,96.1,2.536,0.1795718097550525,-0.09999999999999964,4.10509031198687
TX,2015-06-15,4.4,237.657,96.1,2.593,0.1795718097550525,-0.09999999999999964,5.15004055150039
TX,2015-06-16,4.4,237.657,96.1,2.593,0.1795718097550525,-0.09999999999999964,5.15004055150039
TX,2015-06-17,4.4,237.657,96.1,2.593,0.1795718097550525,-0.09999999999999964,5.15004055150039
TX,2015-06-18,4.4,237.657,96.1,2.593,0.1795718097550525,-0.09999999999999964,5.15004055150039
TX,2015-06-19,4.4,237.657,96.1,2.593,0.1795718097550525,-0.09999999999999964,5.15004055150039
TX,2015-06-20,4.4,237.657,96.1,2.593,0.1795718097550525,-0.09999999999999964,5.15004055150039
TX,2015-06-21,4.4,237.657,96.1,2.593,0.1795718097550525,-0.09999999999999964,5.15004055150039
TX,2015-06-22,4.4,237.657,96.1,2.574,0.1795718097550525,-0.09999999999999964,3.539823008849541
TX,2015-06-23,4.4,237.657,96.1,2.574,0.1795718097550525,-0.09999999999999964,3.539823008849541
TX,2015-06-24,4.4,237.657,96.1,2.574,0.1795718097550525,-0.09999999999999964,3.539823008849541
TX,2015-06-25,4.4,237.657,96.1,2.574,0.1795718097550525,-0.09999999999999964,3.539823008849541
TX,2015-06-26,4.4,237.657,96.1,2.574,0.1795718097550525,-0.09999999999999964,3.539823008849541
TX,2015-06-27,4.4,237.657,96.1,2.574,0.1795718097550525,-0.09999999999999964,3.539823008849541
TX,2015-06-28,4.4,237.657,96.1,2.574,0.1795718097550525,-0.09999999999999964,3.539823008849541
TX,2015-06-29,4.4,237.657,96.1,2.542,0.1795718097550525,-0.09999999999999964,2.3761578735400635
TX,2015-06-30,4.4,237.657,96.1,2.542,0.1795718097550525,0.0,2.3761578735400635
TX,2015-07-01,4.4,238.034,93.1,2.542,0.22568611104094582,0.0,2.3761578735400635
TX,2015-07-02,4.4,238.034,93.1,2.542,0.22568611104094582,0.0,2.3761578735400635
TX,2015-07-03,4.4,238.034,93.1,2.542,0.22568611104094582,0.0,2.3761578735400635
TX,2015-07-04,4.4,238.034,93.1,2.542,0.22568611104094582,0.0,2.3761578735400635
TX,2015-07-05,4.4,238.034,93.1,2.542,0.22568611104094582,0.0,2.3761578735400635
TX,2015-07-06,4.4,238.034,93.1,2.521,0.22568611104094582,0.0,-0.5914826498422787
TX,2015-07-07,4.4,238.034,93.1,2.521,0.22568611104094582,0.0,-0.5914826498422787
TX,2015-07-08,4.4,238.034,93.1,2.521,0.22568611104094582,0.0,-0.5914826498422787
TX,2015-07-09,4.4,238.034,93.1,2.521,0.22568611104094582,0.0,-0.5914826498422787
TX,2015-07-10,4.4,238.034,93.1,2.521,0.22568611104094582,0.0,-0.5914826498422787
TX,2015-07-11,4.4,238.034,93.1,2.521,0.22568611104094582,0.0,-0.5914826498422787
TX,2015-07-12,4.4,238.034,93.1,2.521,0.22568611104094582,0.0,-0.5914826498422787
TX,2015-07-13,4.4,238.034,93.1,2.527,0.22568611104094582,0.0,-2.545314307751634
TX,2015-07-14,4.4,238.034,93.1,2.527,0.22568611104094582,0.0,-2.545314307751634
TX,2015-07-15,4.4,238.034,93.1,2.527,0.22568611104094582,0.0,-2.545314307751634
TX,2015-07-16,4.4,238.034,93.1,2.527,0.22568611104094582,0.0,-2.545314307751634
TX,2015-07-17,4.4,238.034,93.1,2.527,0.22568611104094582,0.0,-2.545314307751634
TX,2015-07-18,4.4,238.034,93.1,2.527,0.22568611104094582,0.0,-2.545314307751634
TX,2015-07-19,4.4,238.034,93.1,2.527,0.22568611104094582,0.0,-2.545314307751634
TX,2015-07-20,4.4,238.034,93.1,2.488,0.22568611104094582,0.0,-3.3411033411033353
TX,2015-07-21,4.4,238.034,93.1,2.488,0.22568611104094582,0.0,-3.3411033411033353
TX,2015-07-22,4.4,238.034,93.1,2.488,0.22568611104094582,0.0,-3.3411033411033353
TX,2015-07-23,4.4,238.034,93.1,2.488,0.22568611104094582,0.0,-3.3411033411033353
TX,2015-07-24,4.4,238.034,93.1,2.488,0.22568611104094582,0.0,-3.3411033411033353
TX,2015-07-25,4.4,238.034,93.1,2.488,0.22568611104094582,0.0,-3.3411033411033353
TX,2015-07-26,4.4,238.034,93.1,2.488,0.22568611104094582,0.0,-3.3411033411033353
TX,2015-07-27,4.4,238.034,93.1,2.439,0.22568611104094582,0.0,-4.051927616050344
TX,2015-07-28,4.4,238.034,93.1,2.439,0.22568611104094582,0.0,-4.051927616050344
TX,2015-07-29,4.4,238.034,93.1,2.439,0.22568611104094582,0.0,-4.051927616050344
TX,2015-07-30,4.4,238.034,93.1,2.439,0.22568611104094582,0.0,-4.051927616050344
TX,2015-07-31,4.4,238.034,93.1,2.439,0.22568611104094582,0.0,-4.051927616050344
TX,2015-08-01,4.5,238.033,91.9,2.439,0.2413037985344868,0.09999999999999964,-4.051927616050344
TX,2015-08-02,4.5,238.033,91.9,2.439,0.2413037985344868,0.09999999999999964,-4.051927616050344
TX,2015-08-03,4.5,238.033,91.9,2.393,0.2413037985344868,0.09999999999999964,-5.077350257834201
TX,2015-08-04,4.5,238.033,91.9,2.393,0.2413037985344868,0.09999999999999964,-5.077350257834201
TX,2015-08-05,4.5,238.033,91.9,2.393,0.2413037985344868,0.09999999999999964,-5.077350257834201
TX,2015-08-06,4.5,238.033,91.9,2.393,0.2413037985344868,0.09999999999999964,-5.077350257834201
TX,2015-08-07,4.5,238.033,91.9,2.393,0.2413037985344868,0.09999999999999964,-5.077350257834201
TX,2015-08-08,4.5,238.033,91.9,2.393,0.2413037985344868,0.09999999999999964,-5.077350257834201
TX,2015-08-09,4.5,238.033,91.9,2.393,0.2413037985344868,0.09999999999999964,-5.077350257834201
TX,2015-08-10,4.5,238.033,91.9,2.336,0.2413037985344868,0.09999999999999964,-7.55836960823112
TX,2015-08-11,4.5,238.033,91.9,2.336,0.2413037985344868,0.09999999999999964,-7.55836960823112
TX,2015-08-12,4.5,238.033,91.9,2.336,0.2413037985344868,0.09999999999999964,-7.55836960823112
TX,2015-08-13,4.5,238.033,91.9,2.336,0.2413037985344868,0.09999999999999964,-7.55836960823112
TX,2015-08-14,4.5,238.033,91.9,2.336,0.2413037985344868,0.09999999999999964,-7.55836960823112
TX,2015-08-15,4.5,238.033,91.9,2.336,0.2413037985344868,0.09999999999999964,-7.55836960823112
TX,2015-08-16,4.5,238.033,91.9,2.336,0.2413037985344868,0.09999999999999964,-7.55836960823112
TX,2015-08-17,4.5,238.033,91.9,2.336,0.2413037985344868,0.09999999999999964,-6.109324758842449
TX,2015-08-18,4.5,238.033,91.9,2.336,0.2413037985344868,0.09999999999999964,-6.109324758842449
TX,2015-08-19,4.5,238.033,91.9,2.336,0.2413037985344868,0.09999999999999964,-6.109324758842449
TX,2015-08-20,4.5,238.033,91.9,2.336,0.2413037985344868,0.09999999999999964,-6.109324758842449
TX,2015-08-21,4.5,238.033,91.9,2.336,0.2413037985344868,0.09999999999999964,-6.109324758842449
TX,2015-08-22,4.5,238.033,91.9,2.336,0.2413037985344868,0.09999999999999964,-6.109324758842449
TX,2015-08-23,4.5,238.033,91.9,2.336,0.2413037985344868,0.09999999999999964,-6.109324758842449
TX,2015-08-24,4.5,238.033,91.9,2.287,0.2413037985344868,0.09999999999999964,-6.232062320623211
TX,2015-08-25,4.5,238.033,91.9,2.287,0.2413037985344868,0.09999999999999964,-6.232062320623211
TX,2015-08-26,4.5,238.033,91.9,2.287,0.2413037985344868,0.09999999999999964,-6.232062320623211
TX,2015-08-27,4.5,238.033,91.9,2.287,0.2413037985344868,0.09999999999999964,-6.232062320623211
TX,2015-08-28,4.5,238.033,91.9,2.287,0.2413037985344868,0.09999999999999964,-6.232062320623211
TX,2015-08-29,4.5,238.033,91.9,2.287,0.2413037985344868,0.09999999999999964,-6.232062320623211
TX,2015-08-30,4.5,238.033,91.9,2.287,0.2413037985344868,0.09999999999999964,-6.232062320623211
TX,2015-08-31,4.5,238.033,91.9,2.196,0.2413037985344868,0.09999999999999964,-8.232344337651465
TX,2015-09-01,4.5,237.498,87.2,2.196,0.008842961634170088,0.09999999999999964,-8.232344337651465
TX,2015-09-02,4.5,237.498,87.2,2.196,0.008842961634170088,0.09999999999999964,-8.232344337651465
TX,2015-09-03,4.5,237.498,87.2,2.196,0.008842961634170088,0.09999999999999964,-8.232344337651465
TX,2015-09-04,4.5,237.498,87.2,2.196,0.008842961634170088,0.09999999999999964,-8.232344337651465
TX,2015-09-05,4.5,237.498,87.2,2.196,0.008842961634170088,0.09999999999999964,-8.232344337651465
TX,2015-09-06,4.5,237.498,87.2,2.196,0.008842961634170088,0.09999999999999964,-8.232344337651465
TX,2015-09-07,4.5,237.498,87.2,2.137,0.008842961634170088,0.09999999999999964,-8.518835616438347
TX,2015-09-08,4.5,237.498,87.2,2.137,0.008842961634170088,0.09999999999999964,-8.518835616438347
TX,2015-09-09,4.5,237.498,87.2,2.137,0.008842961634170088,0.09999999999999964,-8.518835616438347
TX,2015-09-10,4.5,237.498,87.2,2.137,0.008842961634170088,0.09999999999999964,-8.518835616438347
TX,2015-09-11,4.5,237.498,87.2,2.137,0.008842961634170088,0.09999999999999964,-8.518835616438347
TX,2015-09-12,4.5,237.498,87.2,2.137,0.008842961634170088,0.09999999999999964,-8.518835616438347
TX,2015-09-13,4.5,237.498,87.2,2.137,0.008842961634170088,0.09999999999999964,-8.518835616438347
TX,2015-09-14,4.5,237.498,87.2,2.091,0.008842961634170088,0.09999999999999964,-10.488013698630127
TX,2015-09-15,4.5,237.498,87.2,2.091,0.008842961634170088,0.09999999999999964,-10.488013698630127
TX,2015-09-16,4.5,237.498,87.2,2.091,0.008842961634170088,0.09999999999999964,-10.488013698630127
TX,2015-09-17,4.5,237.498,87.2,2.091,0.008842961634170088,0.09999999999999964,-10.488013698630127
TX,2015-09-18,4.5,237.498,87.2,2.091,0.008842961634170088,0.09999999999999964,-10.488013698630127
TX,2015-09-19,4.5,237.498,87.2,2.091,0.008842961634170088,0.09999999999999964,-10.488013698630127
TX,2015-09-20,4.5,237.498,87.2,2.091,0.008842961634170088,0.09999999999999964,-10.488013698630127
TX,2015-09-21,4.5,237.498,87.2,2.025,0.008842961634170088,0.09999999999999964,-11.45605596851771
TX,2015-09-22,4.5,237.498,87.2,2.025,0.008842961634170088,0.09999999999999964,-11.45605596851771
TX,2015-09-23,4.5,237.498,87.2,2.025,0.008842961634170088,0.09999999999999964,-11.45605596851771
TX,2015-09-24,4.5,237.498,87.2,2.025,0.008842961634170088,0.09999999999999964,-11.45605596851771
TX,2015-09-25,4.5,237.498,87.2,2.025,0.008842961634170088,0.09999999999999964,-11.45605596851771
TX,2015-09-26,4.5,237.498,87.2,2.025,0.008842961634170088,0.09999999999999964,-11.45605596851771
TX,2015-09-27,4.5,237.498,87.2,2.025,0.008842961634170088,0.09999999999999964,-11.45605596851771
TX,2015-09-28,4.5,237.498,87.2,2.015,0.008842961634170088,0.09999999999999964,-8.242258652094714
TX,2015-09-29,4.5,237.498,87.2,2.015,0.008842961634170088,0.09999999999999964,-8.242258652094714
TX,2015-09-30,4.5,237.498,87.2,2.015,0.008842961634170088,0.09999999999999964,-8.242258652094714
TX,2015-10-01,4.5,237.733,90.0,2.015,0.12761656067050708,0.09999999999999964,-8.242258652094714
TX,2015-10-02,4.5,237.733,90.0,2.015,0.12761656067050708,0.09999999999999964,-8.242258652094714
TX,2015-10-03,4.5,237.733,90.0,2.015,0.12761656067050708,0.09999999999999964,-8.242258652094714
TX,2015-10-04,4.5,237.733,90.0,2.015,0.12761656067050708,0.09999999999999964,-8.242258652094714
TX,2015-10-05,4.5,237.733,90.0,2.035,0.12761656067050708,0.09999999999999964,-4.7730463266261065
TX,2015-10-06,4.5,237.733,90.0,2.035,0.12761656067050708,0.09999999999999964,-4.7730463266261065
TX,2015-10-07,4.5,237.733,90.0,2.035,0.12761656067050708,0.09999999999999964,-4.7730463266261065
TX,2015-10-08,4.5,237.733,90.0,2.035,0.12761656067050708,0.09999999999999964,-4.7730463266261065
TX,2015-10-09,4.5,237.733,90.0,2.035,0.12761656067050708,0.09999999999999964,-4.7730463266261065
TX,2015-10-10,4.5,237.733,90.0,2.035,0.12761656067050708,0.09999999999999964,-4.7730463266261065
TX,2015-10-11,4.5,237.733,90.0,2.035,0.12761656067050708,0.09999999999999964,-4.7730463266261065
TX,2015-10-12,4.5,237.733,90.0,2.051,0.12761656067050708,0.09999999999999964,-1.9129603060736522
TX,2015-10-13,4.5,237.733,90.0,2.051,0.12761656067050708,0.09999999999999964,-1.9129603060736522
TX,2015-10-14,4.5,237.733,90.0,2.051,0.12761656067050708,0.09999999999999964,-1.9129603060736522
TX,2015-10-15,4.5,237.733,90.0,2.051,0.12761656067050708,0.09999999999999964,-1.9129603060736522
TX,2015-10-16,4.5,237.733,90.0,2.051,0.12761656067050708,0.09999999999999964,-1.9129603060736522
TX,2015-10-17,4.5,237.733,90.0,2.051,0.12761656067050708,0.09999999999999964,-1.9129603060736522
TX,2015-10-18,4.5,237.733,90.0,2.051,0.12761656067050708,0.09999999999999964,-1.9129603060736522
TX,2015-10-19,4.5,237.733,90.0,2.003,0.12761656067050708,0.09999999999999964,-1.0864197530864095
TX,2015-10-20,4.5,237.733,90.0,2.003,0.12761656067050708,0.09999999999999964,-1.0864197530864095
TX,2015-10-21,4.5,237.733,90.0,2.003,0.12761656067050708,0.09999999999999964,-1.0864197530864095
TX,2015-10-22,4.5,237.733,90.0,2.003,0.12761656067050708,0.09999999999999964,-1.0864197530864095
TX,2015-10-23,4.5,237.733,90.0,2.003,0.12761656067050708,0.09999999999999964,-1.0864197530864095
TX,2015-10-24,4.5,237.733,90.0,2.003,0.12761656067050708,0.09999999999999964,-1.0864197530864095
TX,2015-10-25,4.5,237.733,90.0,2.003,0.12761656067050708,0.09999999999999964,-1.0864197530864095
TX,2015-10-26,4.5,237.733,90.0,1.945,0.12761656067050708,0.09999999999999964,-3.47394540942928
TX,2015-10-27,4.5,237.733,90.0,1.945,0.12761656067050708,0.09999999999999964,-3.47394540942928
TX,2015-10-28,4.5,237.733,90.0,1.945,0.12761656067050708,0.09999999999999964,-3.47394540942928
TX,2015-10-29,4.5,237.733,90.0,1.945,0.12761656067050708,0.09999999999999964,-3.47394540942928
TX,2015-10-30,4.5,237.733,90.0,1.945,0.12761656067050708,0.0,-3.47394540942928
TX,2015-10-31,4.5,237.733,90.0,1.945,0.12761656067050708,0.0,-3.47394540942928
TX,2015-11-01,4.5,238.017,91.3,1.945,0.4363182169185187,0.0,-3.47394540942928
TX,2015-11-02,4.5,238.017,91.3,1.916,0.4363182169185187,0.0,-5.847665847665862
TX,2015-11-03,4.5,238.017,91.3,1.916,0.4363182169185187,0.0,-5.847665847665862
TX,2015-11-04,4.5,238.017,91.3,1.916,0.4363182169185187,0.0,-5.847665847665862
TX,2015-11-05,4.5,238.017,91.3,1.916,0.4363182169185187,0.0,-5.847665847665862
TX,2015-11-06,4.5,238.017,91.3,1.916,0.4363182169185187,0.0,-5.847665847665862
TX,2015-11-07,4.5,238.017,91.3,1.916,0.4363182169185187,0.0,-5.847665847665862
TX,2015-11-08,4.5,238.017,91.3,1.916,0.4363182169185187,0.0,-5.847665847665862
TX,2015-11-09,4.5,238.017,91.3,1.972,0.4363182169185187,0.0,-3.851779619697715
TX,2015-11-10,4.5,238.017,91.3,1.972,0.4363182169185187,0.0,-3.851779619697715
TX,2015-11-11,4.5,238.017,91.3,1.972,0.4363182169185187,0.0,-3.851779619697715
TX,2015-11-12,4.5,238.017,91.3,1.972,0.4363182169185187,0.0,-3.851779619697715
TX,2015-11-13,4.5,238.017,91.3,1.972,0.4363182169185187,0.0,-3.851779619697715
TX,2015-11-14,4.5,238.017,91.3,1.972,0.4363182169185187,0.0,-3.851779619697715
TX,2015-11-15,4.5,238.017,91.3,1.972,0.4363182169185187,0.0,-3.851779619697715
TX,2015-11-16,4.5,238.017,91.3,1.926,0.4363182169185187,0.0,-3.844233649525719
TX,2015-11-17,4.5,238.017,91.3,1.926,0.4363182169185187,0.0,-3.844233649525719
TX,2015-11-18,4.5,238.017,91.3,1.926,0.4363182169185187,0.0,-3.844233649525719
TX,2015-11-19,4.5,238.017,91.3,1.926,0.4363182169185187,0.0,-3.844233649525719
TX,2015-11-20,4.5,238.017,91.3,1.926,0.4363182169185187,0.0,-3.844233649525719
TX,2015-11-21,4.5,238.017,91.3,1.926,0.4363182169185187,0.0,-3.844233649525719
TX,2015-11-22,4.5,238.017,91.3,1.926,0.4363182169185187,0.0,-3.844233649525719
TX,2015-11-23,4.5,238.017,91.3,1.854,0.4363182169185187,0.0,-4.6786632390745435
TX,2015-11-24,4.5,238.017,91.3,1.854,0.4363182169185187,0.0,-4.6786632390745435
TX,2015-11-25,4.5,238.017,91.3,1.854,0.4363182169185187,0.0,-4.6786632390745435
TX,2015-11-26,4.5,238.017,91.3,1.854,0.4363182169185187,0.0,-4.6786632390745435
TX,2015-11-27,4.5,238.017,91.3,1.854,0.4363182169185187,0.0,-4.6786632390745435
TX,2015-11-28,4.5,238.017,91.3,1.854,0.4363182169185187,0.0,-4.6786632390745435
TX,2015-11-29,4.5,238.017,91.3,1.854,0.4363182169185187,0.0,-4.6786632390745435
TX,2015-11-30,4.5,238.017,91.3,1.824,0.4363182169185187,0.0,-4.801670146137782
TX,2015-12-01,4.5,237.761,92.6,1.824,0.6387247515364791,0.0,-4.801670146137782
TX,2015-12-02,4.5,237.761,92.6,1.824,0.6387247515364791,0.0,-4.801670146137782
TX,2015-12-03,4.5,237.761,92.6,1.824,0.6387247515364791,0.0,-4.801670146137782
TX,2015-12-04,4.5,237.761,92.6,1.824,0.6387247515364791,0.0,-4.801670146137782
TX,2015-12-05,4.5,237.761,92.6,1.824,0.6387247515364791,0.0,-4.801670146137782
TX,2015-12-06,4.5,237.761,92.6,1.824,0.6387247515364791,0.0,-4.801670146137782
TX,2015-12-07,4.5,237.761,92.6,1.816,0.6387247515364791,0.0,-7.910750507099385
TX,2015-12-08,4.5,237.761,92.6,1.816,0.6387247515364791,0.0,-7.910750507099385
TX,2015-12-09,4.5,237.761,92.6,1.816,0.6387247515364791,0.0,-7.910750507099385
TX,2015-12-10,4.5,237.761,92.6,1.816,0.6387247515364791,0.0,-7.910750507099385
TX,2015-12-11,4.5,237.761,92.6,1.816,0.6387247515364791,0.0,-7.910750507099385
TX,2015-12-12,4.5,237.761,92.6,1.816,0.6387247515364791,0.0,-7.910750507099385
TX,2015-12-13,4.5,237.761,92.6,1.816,0.6387247515364791,0.0,-7.910750507099385
TX,2015-12-14,4.5,237.761,92.6,1.788,0.6387247515364791,0.0,-7.1651090342679025
TX,2015-12-15,4.5,237.761,92.6,1.788,0.6387247515364791,0.0,-7.1651090342679025
TX,2015-12-16,4.5,237.761,92.6,1.788,0.6387247515364791,0.0,-7.1651090342679025
TX,2015-12-17,4.5,237.761,92.6,1.788,0.6387247515364791,0.0,-7.1651090342679025
TX,2015-12-18,4.5,237.761,92.6,1.788,0.6387247515364791,0.0,-7.1651090342679025
TX,2015-12-19,4.5,237.761,92.6,1.788,0.6387247515364791,0.0,-7.1651090342679025
TX,2015-12-20,4.5,237.761,92.6,1.788,0.6387247515364791,0.0,-7.1651090342679025
TX,2015-12-21,4.5,237.761,92.6,1.781,0.6387247515364791,0.0,-3.937432578209288
TX,2015-12-22,4.5,237.761,92.6,1.781,0.6387247515364791,0.0,-3.937432578209288
TX,2015-12-23,4.5,237.761,92.6,1.781,0.6387247515364791,0.0,-3.937432578209288
TX,2015-12-24,4.5,237.761,92.6,1.781,0.6387247515364791,0.0,-3.937432578209288
TX,2015-12-25,4.5,237.761,92.6,1.781,0.6387247515364791,0.0,-3.937432578209288
TX,2015-12-26,4.5,237.761,92.6,1.781,0.6387247515364791,0.0,-3.937432578209288
TX,2015-12-27,4.5,237.761,92.6,1.781,0.6387247515364791,0.0,-3.937432578209288
TX,2015-12-28,4.5,237.761,92.6,1.76,0.6387247515364791,0.0,-3.508771929824561
TX,2015-12-29,4.5,237.761,92.6,1.76,0.6387247515364791,0.0,-3.508771929824561
TX,2015-12-30,4.5,237.761,92.6,1.76,0.6387247515364791,0.0,-3.508771929824561
TX,2015-12-31,4.5,237.761,92.6,1.76,0.6387247515364791,0.0,-3.508771929824561
TX,2016-01-01,4.5,237.652,92.0,1.76,1.2375025026943876,0.0,-3.508771929824561
TX,2016-01-02,4.5,237.652,92.0,1.76,1.2375025026943876,0.0,-3.508771929824561
TX,2016-01-03,4.5,237.652,92.0,1.76,1.2375025026943876,0.0,-3.508771929824561
TX,2016-01-04,4.5,237.652,92.0,1.75,1.2375025026943876,0.0,-3.6343612334801767
TX,2016-01-05,4.5,237.652,92.0,1.75,1.2375025026943876,0.0,-3.6343612334801767
TX,2016-01-06,4.5,237.652,92.0,1.75,1.2375025026943876,0.0,-3.6343612334801767
TX,2016-01-07,4.5,237.652,92.0,1.75,1.2375025026943876,0.0,-3.6343612334801767
TX,2016-01-08,4.5,237.652,92.0,1.75,1.2375025026943876,0.0,-3.6343612334801767
TX,2016-01-09,4.5,237.652,92.0,1.75,1.2375025026943876,0.0,-3.6343612334801767
TX,2016-01-10,4.5,237.652,92.0,1.75,1.2375025026943876,0.0,-3.6343612334801767
TX,2016-01-11,4.5,237.652,92.0,1.727,1.2375025026943876,0.0,-3.411633109619683
TX,2016-01-12,4.5,237.652,92.0,1.727,1.2375025026943876,0.0,-3.411633109619683
TX,2016-01-13,4.5,237.652,92.0,1.727,1.2375025026943876,0.0,-3.411633109619683
TX,2016-01-14,4.5,237.652,92.0,1.727,1.2375025026943876,0.0,-3.411633109619683
TX,2016-01-15,4.5,237.652,92.0,1.727,1.2375025026943876,0.0,-3.411633109619683
TX,2016-01-16,4.5,237.652,92.0,1.727,1.2375025026943876,0.0,-3.411633109619683
TX,2016-01-17,4.5,237.652,92.0,1.727,1.2375025026943876,0.0,-3.411633109619683
TX,2016-01-18,4.5,237.652,92.0,1.672,1.2375025026943876,0.0,-6.120157215047728
TX,2016-01-19,4.5,237.652,92.0,1.672,1.2375025026943876,0.0,-6.120157215047728
TX,2016-01-20,4.5,237.652,92.0,1.672,1.2375025026943876,0.0,-6.120157215047728
TX,2016-01-21,4.5,237.652,92.0,1.672,1.2375025026943876,0.0,-6.120157215047728
TX,2016-01-22,4.5,237.652,92.0,1.672,1.2375025026943876,0.0,-6.120157215047728
TX,2016-01-23,4.5,237.652,92.0,1.672,1.2375025026943876,0.0,-6.120157215047728
TX,2016-01-24,4.5,237.652,92.0,1.672,1.2375025026943876,0.0,-6.120157215047728
TX,2016-01-25,4.5,237.652,92.0,1.628,1.2375025026943876,0.0,-7.500000000000007
TX,2016-01-26,4.5,237.652,92.0,1.628,1.2375025026943876,0.0,-7.500000000000007
TX,2016-01-27,4.5,237.652,92.0,1.628,1.2375025026943876,0.0,-7.500000000000007
TX,2016-01-28,4.5,237.652,92.0,1.628,1.2375025026943876,0.0,-7.500000000000007
TX,2016-01-29,4.5,237.652,92.0,1.628,1.2375025026943876,0.0,-7.500000000000007
TX,2016-01-30,4.5,237.652,92.0,1.628,1.2375025026943876,0.0,-7.500000000000007
TX,2016-01-31,4.5,237.652,92.0,1.628,1.2375025026943876,0.0,-7.500000000000007
TX,2016-02-01,4.5,237.336,91.7,1.59,0.8472775790126619,0.0,-9.142857142857142
TX,2016-02-02,4.5,237.336,91.7,1.59,0.8472775790126619,0.0,-9.142857142857142
TX,2016-02-03,4.5,237.336,91.7,1.59,0.8472775790126619,0.0,-9.142857142857142
TX,2016-02-04,4.5,237.336,91.7,1.59,0.8472775790126619,0.0,-9.142857142857142
TX,2016-02-05,4.5,237.336,91.7,1.59,0.8472775790126619,0.0,-9.142857142857142
TX,2016-02-06,4.5,237.336,91.7,1.59,0.8472775790126619,0.0,-9.142857142857142
TX,2016-02-07,4.5,237.336,91.7,1.59,0.8472775790126619,0.0,-9.142857142857142
TX,2016-02-08,4.5,237.336,91.7,1.561,0.8472775790126619,0.0,-9.612044006948473
TX,2016-02-09,4.5,237.336,91.7,1.561,0.8472775790126619,0.0,-9.612044006948473
TX,2016-02-10,4.5,237.336,91.7,1.561,0.8472775790126619,0.0,-9.612044006948473
TX,2016-02-11,4.5,237.336,91.7,1.561,0.8472775790126619,0.0,-9.612044006948473
TX,2016-02-12,4.5,237.336,91.7,1.561,0.8472775790126619,0.0,-9.612044006948473
TX,2016-02-13,4.5,237.336,91.7,1.561,0.8472775790126619,0.0,-9.612044006948473
TX,2016-02-14,4.5,237.336,91.7,1.561,0.8472775790126619,0.0,-9.612044006948473
TX,2016-02-15,4.5,237.336,91.7,1.528,0.8472775790126619,0.0,-8.612440191387549
TX,2016-02-16,4.5,237.336,91.7,1.528,0.8472775790126619,0.0,-8.612440191387549
TX,2016-02-17,4.5,237.336,91.7,1.528,0.8472775790126619,0.0,-8.612440191387549
TX,2016-02-18,4.5,237.336,91.7,1.528,0.8472775790126619,0.0,-8.612440191387549
TX,2016-02-19,4.5,237.336,91.7,1.528,0.8472775790126619,0.0,-8.612440191387549
TX,2016-02-20,4.5,237.336,91.7,1.528,0.8472775790126619,0.0,-8.612440191387549
TX,2016-02-21,4.5,237.336,91.7,1.528,0.8472775790126619,0.0,-8.612440191387549
TX,2016-02-22,4.5,237.336,91.7,1.526,0.8472775790126619,0.0,-6.2653562653562584
TX,2016-02-23,4.5,237.336,91.7,1.526,0.8472775790126619,0.0,-6.2653562653562584
TX,2016-02-24,4.5,237.336,91.7,1.526,0.8472775790126619,0.0,-6.2653562653562584
TX,2016-02-25,4.5,237.336,91.7,1.526,0.8472775790126619,0.0,-6.2653562653562584
TX,2016-02-26,4.5,237.336,91.7,1.526,0.8472775790126619,0.0,-6.2653562653562584
TX,2016-02-27,4.5,237.336,91.7,1.526,0.8472775790126619,0.0,-6.2653562653562584
TX,2016-02-28,4.5,237.336,91.7,1.526,0.8472775790126619,0.0,-6.2653562653562584
TX,2016-02-29,4.5,237.336,91.7,1.559,0.5763297962504632,0.0,-1.9496855345912056
TX,2016-03-01,4.5,238.08,91.0,1.559,0.8916160965521946,0.0,-1.9496855345912056
TX,2016-03-02,4.5,238.08,91.0,1.559,0.8916160965521946,0.0,-1.9496855345912056
TX,2016-03-03,4.5,238.08,91.0,1.559,0.8916160965521946,0.0,-1.9496855345912056
TX,2016-03-04,4.5,238.08,91.0,1.559,0.8916160965521946,0.0,-1.9496855345912056
TX,2016-03-05,4.5,238.08,91.0,1.559,0.8916160965521946,0.0,-1.9496855345912056
TX,2016-03-06,4.5,238.08,91.0,1.559,0.8916160965521946,0.0,-1.9496855345912056
TX,2016-03-07,4.5,238.08,91.0,1.603,0.8916160965521946,0.0,2.6905829596412634
TX,2016-03-08,4.5,238.08,91.0,1.603,0.8916160965521946,0.0,2.6905829596412634
TX,2016-03-09,4.5,238.08,91.0,1.603,0.8916160965521946,0.0,2.6905829596412634
TX,2016-03-10,4.5,238.08,91.0,1.603,0.8916160965521946,0.0,2.6905829596412634
TX,2016-03-11,4.5,238.08,91.0,1.603,0.8916160965521946,0.0,2.6905829596412634
TX,2016-03-12,4.5,238.08,91.0,1.603,0.8916160965521946,0.0,2.6905829596412634
TX,2016-03-13,4.5,238.08,91.0,1.603,0.8916160965521946,0.0,2.6905829596412634
TX,2016-03-14,4.5,238.08,91.0,1.746,0.8916160965521946,0.0,14.267015706806285
TX,2016-03-15,4.5,238.08,91.0,1.746,0.8916160965521946,0.0,14.267015706806285
TX,2016-03-16,4.5,238.08,91.0,1.746,0.8916160965521946,0.0,14.267015706806285
TX,2016-03-17,4.5,238.08,91.0,1.746,0.8916160965521946,0.0,14.267015706806285
TX,2016-03-18,4.5,238.08,91.0,1.746,0.8916160965521946,0.0,14.267015706806285
TX,2016-03-19,4.5,238.08,91.0,1.746,0.8916160965521946,0.0,14.267015706806285
TX,2016-03-20,4.5,238.08,91.0,1.746,0.8916160965521946,0.0,14.267015706806285
TX,2016-03-21,4.5,238.08,91.0,1.805,0.8916160965521946,0.0,18.283093053735257
TX,2016-03-22,4.5,238.08,91.0,1.805,0.8916160965521946,0.0,18.283093053735257
TX,2016-03-23,4.5,238.08,91.0,1.805,0.8916160965521946,0.0,18.283093053735257
TX,2016-03-24,4.5,238.08,91.0,1.805,0.8916160965521946,0.0,18.283093053735257
TX,2016-03-25,4.5,238.08,91.0,1.805,0.8916160965521946,0.0,18.283093053735257
TX,2016-03-26,4.5,238.08,91.0,1.805,0.8916160965521946,0.0,18.283093053735257
TX,2016-03-27,4.5,238.08,91.0,1.805,0.8916160965521946,0.0,18.283093053735257
TX,2016-03-28,4.5,238.08,91.0,1.863,0.8916160965521946,0.0,19.499679281590776
TX,2016-03-29,4.5,238.08,91.0,1.863,0.8916160965521946,0.0,19.499679281590776
TX,2016-03-30,4.5,238.08,91.0,1.863,0.8916160965521946,0.0,19.499679281590776
TX,2016-03-31,4.5,238.08,91.0,1.863,0.7865482469880059,0.0,19.499679281590776
TX,2016-04-01,4.5,238.992,89.0,1.863,1.1726257503534843,0.0,19.499679281590776
TX,2016-04-02,4.5,238.992,89.0,1.863,1.1726257503534843,0.0,19.499679281590776
TX,2016-04-03,4.5,238.992,89.0,1.863,1.1726257503534843,0.0,19.499679281590776
TX,2016-04-04,4.5,238.992,89.0,1.869,1.1726257503534843,0.0,16.59388646288209
TX,2016-04-05,4.5,238.992,89.0,1.869,1.1726257503534843,0.0,16.59388646288209
TX,2016-04-06,4.5,238.992,89.0,1.869,1.1726257503534843,0.0,16.59388646288209
TX,2016-04-07,4.5,238.992,89.0,1.869,1.1726257503534843,0.0,16.59388646288209
TX,2016-04-08,4.5,238.992,89.0,1.869,1.1726257503534843,0.0,16.59388646288209
TX,2016-04-09,4.5,238.992,89.0,1.869,1.1726257503534843,0.0,16.59388646288209
TX,2016-04-10,4.5,238.992,89.0,1.869,1.1726257503534843,0.0,16.59388646288209
TX,2016-04-11,4.5,238.992,89.0,1.835,1.1726257503534843,0.0,5.097365406643761
TX,2016-04-12,4.5,238.992,89.0,1.835,1.1726257503534843,0.0,5.097365406643761
TX,2016-04-13,4.5,238.992,89.0,1.835,1.1726257503534843,0.0,5.097365406643761
TX,2016-04-14,4.5,238.992,89.0,1.835,1.1726257503534843,0.0,5.097365406643761
TX,2016-04-15,4.5,238.992,89.0,1.835,1.1726257503534843,0.0,5.097365406643761
TX,2016-04-16,4.5,238.992,89.0,1.835,1.1726257503534843,0.0,5.097365406643761
TX,2016-04-17,4.5,238.992,89.0,1.835,1.1726257503534843,0.0,5.097365406643761
TX,2016-04-18,4.5,238.992,89.0,1.91,1.1726257503534843,0.0,5.817174515235446
TX,2016-04-19,4.5,238.992,89.0,1.91,1.1726257503534843,0.0,5.817174515235446
TX,2016-04-20,4.5,238.992,89.0,1.91,1.1726257503534843,0.0,5.817174515235446
TX,2016-04-21,4.5,238.992,89.0,1.91,1.1726257503534843,0.0,5.817174515235446
TX,2016-04-22,4.5,238.992,89.0,1.91,1.1726257503534843,0.0,5.817174515235446
TX,2016-04-23,4.5,238.992,89.0,1.91,1.1726257503534843,0.0,5.817174515235446
TX,2016-04-24,4.5,238.992,89.0,1.91,1.1726257503534843,0.0,5.817174515235446
TX,2016-04-25,4.5,238.992,89.0,1.913,1.1726257503534843,0.0,2.6838432635534204
TX,2016-04-26,4.5,238.992,89.0,1.913,1.1726257503534843,0.0,2.6838432635534204
TX,2016-04-27,4.5,238.992,89.0,1.913,1.1726257503534843,0.0,2.6838432635534204
TX,2016-04-28,4.5,238.992,89.0,1.913,1.1726257503534843,0.0,2.6838432635534204
TX,2016-04-29,4.5,238.992,89.0,1.913,1.1726257503534843,0.0,2.6838432635534204
TX,2016-04-30,4.5,238.992,89.0,1.913,0.840080843540747,0.0,2.6838432635534204
TX,2016-05-01,4.6,239.557,94.7,1.913,1.0784764621246223,0.09999999999999964,2.6838432635534204
TX,2016-05-02,4.6,239.557,94.7,1.995,1.0784764621246223,0.09999999999999964,6.741573033707882
TX,2016-05-03,4.6,239.557,94.7,1.995,1.0784764621246223,0.09999999999999964,6.741573033707882
TX,2016-05-04,4.6,239.557,94.7,1.995,1.0784764621246223,0.09999999999999964,6.741573033707882
TX,2016-05-05,4.6,239.557,94.7,1.995,1.0784764621246223,0.09999999999999964,6.741573033707882
TX,2016-05-06,4.6,239.557,94.7,1.995,1.0784764621246223,0.09999999999999964,6.741573033707882
TX,2016-05-07,4.6,239.557,94.7,1.995,1.0784764621246223,0.09999999999999964,6.741573033707882
TX,2016-05-08,4.6,239.557,94.7,1.995,1.0784764621246223,0.09999999999999964,6.741573033707882
TX,2016-05-09,4.6,239.557,94.7,1.987,1.0784764621246223,0.09999999999999964,8.283378746594018
TX,2016-05-10,4.6,239.557,94.7,1.987,1.0784764621246223,0.09999999999999964,8.283378746594018
TX,2016-05-11,4.6,239.557,94.7,1.987,1.0784764621246223,0.09999999999999964,8.283378746594018
TX,2016-05-12,4.6,239.557,94.7,1.987,1.0784764621246223,0.09999999999999964,8.283378746594018
TX,2016-05-13,4.6,239.557,94.7,1.987,1.0784764621246223,0.09999999999999964,8.283378746594018
TX,2016-05-14,4.6,239.557,94.7,1.987,1.0784764621246223,0.09999999999999964,8.283378746594018
TX,2016-05-15,4.6,239.557,94.7,1.987,1.0784764621246223,0.09999999999999964,8.283378746594018
TX,2016-05-16,4.6,239.557,94.7,1.987,1.0784764621246223,0.09999999999999964,4.031413612565449
TX,2016-05-17,4.6,239.557,94.7,1.987,1.0784764621246223,0.09999999999999964,4.031413612565449
TX,2016-05-18,4.6,239.557,94.7,1.987,1.0784764621246223,0.09999999999999964,4.031413612565449
TX,2016-05-19,4.6,239.557,94.7,1.987,1.0784764621246223,0.09999999999999964,4.031413612565449
TX,2016-05-20,4.6,239.557,94.7,1.987,1.0784764621246223,0.09999999999999964,4.031413612565449
TX,2016-05-21,4.6,239.557,94.7,1.987,1.0784764621246223,0.09999999999999964,4.031413612565449
TX,2016-05-22,4.6,239.557,94.7,1.987,1.0784764621246223,0.09999999999999964,4.031413612565449
TX,2016-05-23,4.6,239.557,94.7,2.064,1.0784764621246223,0.09999999999999964,7.893361212754835
TX,2016-05-24,4.6,239.557,94.7,2.064,1.0784764621246223,0.09999999999999964,7.893361212754835
TX,2016-05-25,4.6,239.557,94.7,2.064,1.0784764621246223,0.09999999999999964,7.893361212754835
TX,2016-05-26,4.6,239.557,94.7,2.064,1.0784764621246223,0.09999999999999964,7.893361212754835
TX,2016-05-27,4.6,239.557,94.7,2.064,1.0784764621246223,0.09999999999999964,7.893361212754835
TX,2016-05-28,4.6,239.557,94.7,2.064,1.0784764621246223,0.09999999999999964,7.893361212754835
TX,2016-05-29,4.6,239.557,94.7,2.064,1.0784764621246223,0.09999999999999964,7.893361212754835
TX,2016-05-30,4.6,239.557,94.7,2.09,1.0784764621246223,0.09999999999999964,4.761904761904745
TX,2016-05-31,4.6,239.557,94.7,2.09,0.7994715072562553,0.09999999999999964,4.761904761904745
TX,2016-06-01,4.7,240.222,93.5,2.09,1.0792865347959424,0.20000000000000018,4.761904761904745
TX,2016-06-02,4.7,240.222,93.5,2.09,1.0792865347959424,0.20000000000000018,4.761904761904745
TX,2016-06-03,4.7,240.222,93.5,2.09,1.0792865347959424,0.20000000000000018,4.761904761904745
TX,2016-06-04,4.7,240.222,93.5,2.09,1.0792865347959424,0.20000000000000018,4.761904761904745
TX,2016-06-05,4.7,240.222,93.5,2.09,1.0792865347959424,0.20000000000000018,4.761904761904745
TX,2016-06-06,4.7,240.222,93.5,2.09,1.0792865347959424,0.20000000000000018,5.183694011071949
TX,2016-06-07,4.7,240.222,93.5,2.09,1.0792865347959424,0.20000000000000018,5.183694011071949
TX,2016-06-08,4.7,240.222,93.5,2.09,1.0792865347959424,0.20000000000000018,5.183694011071949
TX,2016-06-09,4.7,240.222,93.5,2.09,1.0792865347959424,0.20000000000000018,5.183694011071949
TX,2016-06-10,4.7,240.222,93.5,2.09,1.0792865347959424,0.20000000000000018,5.183694011071949
TX,2016-06-11,4.7,240.222,93.5,2.09,1.0792865347959424,0.20000000000000018,5.183694011071949
TX,2016-06-12,4.7,240.222,93.5,2.09,1.0792865347959424,0.20000000000000018,5.183694011071949
TX,2016-06-13,4.7,240.222,93.5,2.09,1.0792865347959424,0.20000000000000018,5.183694011071949
TX,2016-06-14,4.7,240.222,93.5,2.09,1.0792865347959424,0.20000000000000018,5.183694011071949
TX,2016-06-15,4.7,240.222,93.5,2.09,1.0792865347959424,0.20000000000000018,5.183694011071949
TX,2016-06-16,4.7,240.222,93.5,2.09,1.0792865347959424,0.20000000000000018,5.183694011071949
TX,2016-06-17,4.7,240.222,93.5,2.09,1.0792865347959424,0.20000000000000018,5.183694011071949
TX,2016-06-18,4.7,240.222,93.5,2.09,1.0792865347959424,0.20000000000000018,5.183694011071949
TX,2016-06-19,4.7,240.222,93.5,2.09,1.0792865347959424,0.20000000000000018,5.183694011071949
WI,2011-01-29,7.7,221.898,77.5,3.086,0.0,0.0,0.0
WI,2011-01-30,7.7,221.898,77.5,3.086,0.0,0.0,0.0
WI,2011-01-31,7.7,221.898,77.5,3.086,0.0,0.0,0.0
WI,2011-02-01,7.7,221.898,77.5,3.086,0.0,0.0,0.0
WI,2011-02-02,7.7,221.898,77.5,3.086,0.0,0.0,0.0
WI,2011-02-03,7.7,221.898,77.5,3.086,0.0,0.0,0.0
WI,2011-02-04,7.7,221.898,77.5,3.086,0.0,0.0,0.0
WI,2011-02-05,7.7,221.898,77.5,3.086,0.0,0.0,0.0
WI,2011-02-06,7.7,221.898,77.5,3.086,0.0,0.0,0.0
WI,2011-02-07,7.7,221.898,77.5,3.124,0.0,0.0,0.0
WI,2011-02-08,7.7,221.898,77.5,3.124,0.0,0.0,0.0
WI,2011-02-09,7.7,221.898,77.5,3.124,0.0,0.0,0.0
WI,2011-02-10,7.7,221.898,77.5,3.124,0.0,0.0,0.0
WI,2011-02-11,7.7,221.898,77.5,3.124,0.0,0.0,0.0
WI,2011-02-12,7.7,221.898,77.5,3.124,0.0,0.0,0.0
WI,2011-02-13,7.7,221.898,77.5,3.124,0.0,0.0,0.0
WI,2011-02-14,7.7,221.898,77.5,3.09,0.0,0.0,0.0
WI,2011-02-15,7.7,221.898,77.5,3.09,0.0,0.0,0.0
WI,2011-02-16,7.7,221.898,77.5,3.09,0.0,0.0,0.0
WI,2011-02-17,7.7,221.898,77.5,3.09,0.0,0.0,0.0
WI,2011-02-18,7.7,221.898,77.5,3.09,0.0,0.0,0.0
WI,2011-02-19,7.7,221.898,77.5,3.09,0.0,0.0,0.0
WI,2011-02-20,7.7,221.898,77.5,3.09,0.0,0.0,0.0
WI,2011-02-21,7.7,221.898,77.5,3.14,0.0,0.0,0.0
WI,2011-02-22,7.7,221.898,77.5,3.14,0.0,0.0,0.0
WI,2011-02-23,7.7,221.898,77.5,3.14,0.0,0.0,0.0
WI,2011-02-24,7.7,221.898,77.5,3.14,0.0,0.0,0.0
WI,2011-02-25,7.7,221.898,77.5,3.14,0.0,0.0,0.0
WI,2011-02-26,7.7,221.898,77.5,3.14,0.0,0.0,1.7498379779650186
WI,2011-02-27,7.7,221.898,77.5,3.14,0.0,0.0,1.7498379779650186
WI,2011-02-28,7.7,221.898,77.5,3.367,0.0,0.0,9.105638366817903
WI,2011-03-01,7.6,223.046,67.5,3.367,0.0,0.0,9.105638366817903
WI,2011-03-02,7.6,223.046,67.5,3.367,0.0,0.0,9.105638366817903
WI,2011-03-03,7.6,223.046,67.5,3.367,0.0,0.0,9.105638366817903
WI,2011-03-04,7.6,223.046,67.5,3.367,0.0,0.0,9.105638366817903
WI,2011-03-05,7.6,223.046,67.5,3.367,0.0,0.0,9.105638366817903
WI,2011-03-06,7.6,223.046,67.5,3.367,0.0,0.0,9.105638366817903
WI,2011-03-07,7.6,223.046,67.5,3.487,0.0,0.0,11.61971830985915
WI,2011-03-08,7.6,223.046,67.5,3.487,0.0,0.0,11.61971830985915
WI,2011-03-09,7.6,223.046,67.5,3.487,0.0,0.0,11.61971830985915
WI,2011-03-10,7.6,223.046,67.5,3.487,0.0,0.0,11.61971830985915
WI,2011-03-11,7.6,223.046,67.5,3.487,0.0,0.0,11.61971830985915
WI,2011-03-12,7.6,223.046,67.5,3.487,0.0,0.0,11.61971830985915
WI,2011-03-13,7.6,223.046,67.5,3.487,0.0,0.0,11.61971830985915
WI,2011-03-14,7.6,223.046,67.5,3.525,0.0,0.0,14.077669902912614
WI,2011-03-15,7.6,223.046,67.5,3.525,0.0,0.0,14.077669902912614
WI,2011-03-16,7.6,223.046,67.5,3.525,0.0,0.0,14.077669902912614
WI,2011-03-17,7.6,223.046,67.5,3.525,0.0,0.0,14.077669902912614
WI,2011-03-18,7.6,223.046,67.5,3.525,0.0,0.0,14.077669902912614
WI,2011-03-19,7.6,223.046,67.5,3.525,0.0,0.0,14.077669902912614
WI,2011-03-20,7.6,223.046,67.5,3.525,0.0,0.0,14.077669902912614
WI,2011-03-21,7.6,223.046,67.5,3.517,0.0,0.0,12.006369426751595
WI,2011-03-22,7.6,223.046,67.5,3.517,0.0,0.0,12.006369426751595
WI,2011-03-23,7.6,223.046,67.5,3.517,0.0,0.0,12.006369426751595
WI,2011-03-24,7.6,223.046,67.5,3.517,0.0,0.0,12.006369426751595
WI,2011-03-25,7.6,223.046,67.5,3.517,0.0,0.0,12.006369426751595
WI,2011-03-26,7.6,223.046,67.5,3.517,0.0,0.0,12.006369426751595
WI,2011-03-27,7.6,223.046,67.5,3.517,0.0,0.0,12.006369426751595
WI,2011-03-28,7.6,223.046,67.5,3.55,0.0,0.0,5.435105435105436
WI,2011-03-29,7.6,223.046,67.5,3.55,0.0,0.0,5.435105435105436
WI,2011-03-30,7.6,223.046,67.5,3.55,0.0,0.0,5.435105435105436
WI,2011-03-31,7.6,223.046,67.5,3.55,0.0,0.0,5.435105435105436
WI,2011-04-01,7.6,224.093,69.8,3.55,0.0,0.0,5.435105435105436
WI,2011-04-02,7.6,224.093,69.8,3.55,0.0,0.0,5.435105435105436
WI,2011-04-03,7.6,224.093,69.8,3.55,0.0,0.0,5.435105435105436
WI,2011-04-04,7.6,224.093,69.8,3.681,0.0,0.0,5.563521651849723
WI,2011-04-05,7.6,224.093,69.8,3.681,0.0,0.0,5.563521651849723
WI,2011-04-06,7.6,224.093,69.8,3.681,0.0,0.0,5.563521651849723
WI,2011-04-07,7.6,224.093,69.8,3.681,0.0,0.0,5.563521651849723
WI,2011-04-08,7.6,224.093,69.8,3.681,0.0,0.0,5.563521651849723
WI,2011-04-09,7.6,224.093,69.8,3.681,0.0,0.0,5.563521651849723
WI,2011-04-10,7.6,224.093,69.8,3.681,0.0,0.0,5.563521651849723
WI,2011-04-11,7.6,224.093,69.8,3.805,0.0,0.0,7.943262411347529
WI,2011-04-12,7.6,224.093,69.8,3.805,0.0,0.0,7.943262411347529
WI,2011-04-13,7.6,224.093,69.8,3.805,0.0,0.0,7.943262411347529
WI,2011-04-14,7.6,224.093,69.8,3.805,0.0,0.0,7.943262411347529
WI,2011-04-15,7.6,224.093,69.8,3.805,0.0,0.0,7.943262411347529
WI,2011-04-16,7.6,224.093,69.8,3.805,0.0,0.0,7.943262411347529
WI,2011-04-17,7.6,224.093,69.8,3.805,0.0,0.0,7.943262411347529
WI,2011-04-18,7.6,224.093,69.8,3.847,0.0,0.0,9.38299687233437
WI,2011-04-19,7.6,224.093,69.8,3.847,0.0,0.0,9.38299687233437
WI,2011-04-20,7.6,224.093,69.8,3.847,0.0,0.0,9.38299687233437
WI,2011-04-21,7.6,224.093,69.8,3.847,0.0,0.0,9.38299687233437
WI,2011-04-22,7.6,224.093,69.8,3.847,0.0,0.0,9.38299687233437
WI,2011-04-23,7.6,224.093,69.8,3.847,0.0,0.0,9.38299687233437
WI,2011-04-24,7.6,224.093,69.8,3.847,0.0,0.0,9.38299687233437
WI,2011-04-25,7.6,224.093,69.8,3.901,0.0,0.0,9.887323943661963
WI,2011-04-26,7.6,224.093,69.8,3.901,0.0,0.0,9.887323943661963
WI,2011-04-27,7.6,224.093,69.8,3.901,0.0,0.0,9.887323943661963
WI,2011-04-28,7.6,224.093,69.8,3.901,0.0,0.0,9.887323943661963
WI,2011-04-29,7.6,224.093,69.8,3.901,0.0,-0.10000000000000053,9.887323943661963
WI,2011-04-30,7.6,224.093,69.8,3.901,0.0,-0.10000000000000053,9.887323943661963
WI,2011-05-01,7.6,224.806,74.3,3.901,0.0,-0.10000000000000053,9.887323943661963
WI,2011-05-02,7.6,224.806,74.3,4.01,0.0,-0.10000000000000053,8.9377886443901
WI,2011-05-03,7.6,224.806,74.3,4.01,0.0,-0.10000000000000053,8.9377886443901
WI,2011-05-04,7.6,224.806,74.3,4.01,0.0,-0.10000000000000053,8.9377886443901
WI,2011-05-05,7.6,224.806,74.3,4.01,0.0,-0.10000000000000053,8.9377886443901
WI,2011-05-06,7.6,224.806,74.3,4.01,0.0,-0.10000000000000053,8.9377886443901
WI,2011-05-07,7.6,224.806,74.3,4.01,0.0,-0.10000000000000053,8.9377886443901
WI,2011-05-08,7.6,224.806,74.3,4.01,0.0,-0.10000000000000053,8.9377886443901
WI,2011-05-09,7.6,224.806,74.3,3.982,0.0,-0.10000000000000053,4.651773981603147
WI,2011-05-10,7.6,224.806,74.3,3.982,0.0,-0.10000000000000053,4.651773981603147
WI,2011-05-11,7.6,224.806,74.3,3.982,0.0,-0.10000000000000053,4.651773981603147
WI,2011-05-12,7.6,224.806,74.3,3.982,0.0,-0.10000000000000053,4.651773981603147
WI,2011-05-13,7.6,224.806,74.3,3.982,0.0,-0.10000000000000053,4.651773981603147
WI,2011-05-14,7.6,224.806,74.3,3.982,0.0,-0.10000000000000053,4.651773981603147
WI,2011-05-15,7.6,224.806,74.3,3.982,0.0,-0.10000000000000053,4.651773981603147
WI,2011-05-16,7.6,224.806,74.3,3.974,0.0,-0.10000000000000053,3.301273719781661
WI,2011-05-17,7.6,224.806,74.3,3.974,0.0,-0.10000000000000053,3.301273719781661
WI,2011-05-18,7.6,224.806,74.3,3.974,0.0,-0.10000000000000053,3.301273719781661
WI,2011-05-19,7.6,224.806,74.3,3.974,0.0,-0.10000000000000053,3.301273719781661
WI,2011-05-20,7.6,224.806,74.3,3.974,0.0,-0.10000000000000053,3.301273719781661
WI,2011-05-21,7.6,224.806,74.3,3.974,0.0,-0.10000000000000053,3.301273719781661
WI,2011-05-22,7.6,224.806,74.3,3.974,0.0,-0.10000000000000053,3.301273719781661
WI,2011-05-23,7.6,224.806,74.3,3.817,0.0,-0.10000000000000053,-2.1532940271725143
WI,2011-05-24,7.6,224.806,74.3,3.817,0.0,-0.10000000000000053,-2.1532940271725143
WI,2011-05-25,7.6,224.806,74.3,3.817,0.0,-0.10000000000000053,-2.1532940271725143
WI,2011-05-26,7.6,224.806,74.3,3.817,0.0,-0.10000000000000053,-2.1532940271725143
WI,2011-05-27,7.6,224.806,74.3,3.817,0.0,-0.10000000000000053,-2.1532940271725143
WI,2011-05-28,7.6,224.806,74.3,3.817,0.0,-0.10000000000000053,-2.1532940271725143
WI,2011-05-29,7.6,224.806,74.3,3.817,0.0,-0.10000000000000053,-2.1532940271725143
WI,2011-05-30,7.6,224.806,74.3,3.801,0.0,0.0,-5.211970074812955
WI,2011-05-31,7.6,224.806,74.3,3.801,0.0,0.0,-5.211970074812955
WI,2011-06-01,7.7,224.806,71.5,3.801,0.0,0.10000000000000053,-5.211970074812955
WI,2011-06-02,7.7,224.806,71.5,3.801,0.0,0.10000000000000053,-5.211970074812955
WI,2011-06-03,7.7,224.806,71.5,3.801,0.0,0.10000000000000053,-5.211970074812955
WI,2011-06-04,7.7,224.806,71.5,3.801,0.0,0.10000000000000053,-5.211970074812955
WI,2011-06-05,7.7,224.806,71.5,3.801,0.0,0.10000000000000053,-5.211970074812955
WI,2011-06-06,7.7,224.806,71.5,3.859,0.0,0.10000000000000053,-3.0889000502260178
WI,2011-06-07,7.7,224.806,71.5,3.859,0.0,0.10000000000000053,-3.0889000502260178
WI,2011-06-08,7.7,224.806,71.5,3.859,0.0,0.10000000000000053,-3.0889000502260178
WI,2011-06-09,7.7,224.806,71.5,3.859,0.0,0.10000000000000053,-3.0889000502260178
WI,2011-06-10,7.7,224.806,71.5,3.859,0.0,0.10000000000000053,-3.0889000502260178
WI,2011-06-11,7.7,224.806,71.5,3.859,0.0,0.10000000000000053,-3.0889000502260178
WI,2011-06-12,7.7,224.806,71.5,3.859,0.0,0.10000000000000053,-3.0889000502260178
WI,2011-06-13,7.7,224.806,71.5,3.725,0.0,0.10000000000000053,-6.265727226975337
WI,2011-06-14,7.7,224.806,71.5,3.725,0.0,0.10000000000000053,-6.265727226975337
WI,2011-06-15,7.7,224.806,71.5,3.725,0.0,0.10000000000000053,-6.265727226975337
WI,2011-06-16,7.7,224.806,71.5,3.725,0.0,0.10000000000000053,-6.265727226975337
WI,2011-06-17,7.7,224.806,71.5,3.725,0.0,0.10000000000000053,-6.265727226975337
WI,2011-06-18,7.7,224.806,71.5,3.725,0.0,0.10000000000000053,-6.265727226975337
WI,2011-06-19,7.7,224.806,71.5,3.725,0.0,0.10000000000000053,-6.265727226975337
WI,2011-06-20,7.7,224.806,71.5,3.616,0.0,0.10000000000000053,-5.2659156405554075
WI,2011-06-21,7.7,224.806,71.5,3.616,0.0,0.10000000000000053,-5.2659156405554075
WI,2011-06-22,7.7,224.806,71.5,3.616,0.0,0.10000000000000053,-5.2659156405554075
WI,2011-06-23,7.7,224.806,71.5,3.616,0.0,0.10000000000000053,-5.2659156405554075
WI,2011-06-24,7.7,224.806,71.5,3.616,0.0,0.10000000000000053,-5.2659156405554075
WI,2011-06-25,7.7,224.806,71.5,3.616,0.0,0.10000000000000053,-5.2659156405554075
WI,2011-06-26,7.7,224.806,71.5,3.616,0.0,0.10000000000000053,-5.2659156405554075
WI,2011-06-27,7.7,224.806,71.5,3.494,0.0,0.10000000000000053,-8.076821888976582
WI,2011-06-28,7.7,224.806,71.5,3.494,0.0,0.10000000000000053,-8.076821888976582
WI,2011-06-29,7.7,224.806,71.5,3.494,0.0,0.10000000000000053,-8.076821888976582
WI,2011-06-30,7.7,224.806,71.5,3.494,0.0,0.10000000000000053,-8.076821888976582
WI,2011-07-01,7.7,225.395,63.7,3.494,0.0,0.10000000000000053,-8.076821888976582
WI,2011-07-02,7.7,225.395,63.7,3.494,0.0,0.10000000000000053,-8.076821888976582
WI,2011-07-03,7.7,225.395,63.7,3.494,0.0,0.10000000000000053,-8.076821888976582
WI,2011-07-04,7.7,225.395,63.7,3.595,0.0,0.10000000000000053,-6.841150557139153
WI,2011-07-05,7.7,225.395,63.7,3.595,0.0,0.10000000000000053,-6.841150557139153
WI,2011-07-06,7.7,225.395,63.7,3.595,0.0,0.10000000000000053,-6.841150557139153
WI,2011-07-07,7.7,225.395,63.7,3.595,0.0,0.10000000000000053,-6.841150557139153
WI,2011-07-08,7.7,225.395,63.7,3.595,0.0,0.10000000000000053,-6.841150557139153
WI,2011-07-09,7.7,225.395,63.7,3.595,0.0,0.10000000000000053,-6.841150557139153
WI,2011-07-10,7.7,225.395,63.7,3.595,0.0,0.10000000000000053,-6.841150557139153
WI,2011-07-11,7.7,225.395,63.7,3.67,0.0,0.10000000000000053,-1.4765100671141007
WI,2011-07-12,7.7,225.395,63.7,3.67,0.0,0.10000000000000053,-1.4765100671141007
WI,2011-07-13,7.7,225.395,63.7,3.67,0.0,0.10000000000000053,-1.4765100671141007
WI,2011-07-14,7.7,225.395,63.7,3.67,0.0,0.10000000000000053,-1.4765100671141007
WI,2011-07-15,7.7,225.395,63.7,3.67,0.0,0.10000000000000053,-1.4765100671141007
WI,2011-07-16,7.7,225.395,63.7,3.67,0.0,0.10000000000000053,-1.4765100671141007
WI,2011-07-17,7.7,225.395,63.7,3.67,0.0,0.10000000000000053,-1.4765100671141007
WI,2011-07-18,7.7,225.395,63.7,3.693,0.0,0.10000000000000053,2.1294247787610576
WI,2011-07-19,7.7,225.395,63.7,3.693,0.0,0.10000000000000053,2.1294247787610576
WI,2011-07-20,7.7,225.395,63.7,3.693,0.0,0.10000000000000053,2.1294247787610576
WI,2011-07-21,7.7,225.395,63.7,3.693,0.0,0.10000000000000053,2.1294247787610576
WI,2011-07-22,7.7,225.395,63.7,3.693,0.0,0.10000000000000053,2.1294247787610576
WI,2011-07-23,7.7,225.395,63.7,3.693,0.0,0.10000000000000053,2.1294247787610576
WI,2011-07-24,7.7,225.395,63.7,3.693,0.0,0.10000000000000053,2.1294247787610576
WI,2011-07-25,7.7,225.395,63.7,3.694,0.0,0.10000000000000053,5.72409845449342
WI,2011-07-26,7.7,225.395,63.7,3.694,0.0,0.10000000000000053,5.72409845449342
WI,2011-07-27,7.7,225.395,63.7,3.694,0.0,0.10000000000000053,5.72409845449342
WI,2011-07-28,7.7,225.395,63.7,3.694,0.0,0.10000000000000053,5.72409845449342
WI,2011-07-29,7.7,225.395,63.7,3.694,0.0,0.10000000000000053,5.72409845449342
WI,2011-07-30,7.7,225.395,63.7,3.694,0.0,0.10000000000000053,5.72409845449342
WI,2011-07-31,7.7,225.395,63.7,3.694,0.0,0.10000000000000053,5.72409845449342
WI,2011-08-01,7.6,226.106,55.8,3.717,0.0,0.0,3.3936022253129305
WI,2011-08-02,7.6,226.106,55.8,3.717,0.0,0.0,3.3936022253129305
WI,2011-08-03,7.6,226.106,55.8,3.717,0.0,0.0,3.3936022253129305
WI,2011-08-04,7.6,226.106,55.8,3.717,0.0,0.0,3.3936022253129305
WI,2011-08-05,7.6,226.106,55.8,3.717,0.0,0.0,3.3936022253129305
WI,2011-08-06,7.6,226.106,55.8,3.717,0.0,0.0,3.3936022253129305
WI,2011-08-07,7.6,226.106,55.8,3.717,0.0,0.0,3.3936022253129305
WI,2011-08-08,7.6,226.106,55.8,3.666,0.0,0.0,-0.10899182561308063
WI,2011-08-09,7.6,226.106,55.8,3.666,0.0,0.0,-0.10899182561308063
WI,2011-08-10,7.6,226.106,55.8,3.666,0.0,0.0,-0.10899182561308063
WI,2011-08-11,7.6,226.106,55.8,3.666,0.0,0.0,-0.10899182561308063
WI,2011-08-12,7.6,226.106,55.8,3.666,0.0,0.0,-0.10899182561308063
WI,2011-08-13,7.6,226.106,55.8,3.666,0.0,0.0,-0.10899182561308063
WI,2011-08-14,7.6,226.106,55.8,3.666,0.0,0.0,-0.10899182561308063
WI,2011-08-15,7.6,226.106,55.8,3.583,0.0,0.0,-2.9786081776333573
WI,2011-08-16,7.6,226.106,55.8,3.583,0.0,0.0,-2.9786081776333573
WI,2011-08-17,7.6,226.106,55.8,3.583,0.0,0.0,-2.9786081776333573
WI,2011-08-18,7.6,226.106,55.8,3.583,0.0,0.0,-2.9786081776333573
WI,2011-08-19,7.6,226.106,55.8,3.583,0.0,0.0,-2.9786081776333573
WI,2011-08-20,7.6,226.106,55.8,3.583,0.0,0.0,-2.9786081776333573
WI,2011-08-21,7.6,226.106,55.8,3.583,0.0,0.0,-2.9786081776333573
WI,2011-08-22,7.6,226.106,55.8,3.57,0.0,0.0,-3.356794802382246
WI,2011-08-23,7.6,226.106,55.8,3.57,0.0,0.0,-3.356794802382246
WI,2011-08-24,7.6,226.106,55.8,3.57,0.0,0.0,-3.356794802382246
WI,2011-08-25,7.6,226.106,55.8,3.57,0.0,0.0,-3.356794802382246
WI,2011-08-26,7.6,226.106,55.8,3.57,0.0,0.0,-3.356794802382246
WI,2011-08-27,7.6,226.106,55.8,3.57,0.0,0.0,-3.356794802382246
WI,2011-08-28,7.6,226.106,55.8,3.57,0.0,0.0,-3.356794802382246
WI,2011-08-29,7.6,226.106,55.8,3.673,0.0,0.0,-1.1837503362927104
WI,2011-08-30,7.6,226.106,55.8,3.673,0.0,-0.10000000000000053,-1.1837503362927104
WI,2011-08-31,7.6,226.106,55.8,3.673,0.0,-0.10000000000000053,-1.1837503362927104
WI,2011-09-01,7.5,226.597,59.5,3.673,0.0,-0.20000000000000018,-1.1837503362927104
WI,2011-09-02,7.5,226.597,59.5,3.673,0.0,-0.20000000000000018,-1.1837503362927104
WI,2011-09-03,7.5,226.597,59.5,3.673,0.0,-0.20000000000000018,-1.1837503362927104
WI,2011-09-04,7.5,226.597,59.5,3.673,0.0,-0.20000000000000018,-1.1837503362927104
WI,2011-09-05,7.5,226.597,59.5,3.711,0.0,-0.20000000000000018,1.227495908346965
WI,2011-09-06,7.5,226.597,59.5,3.711,0.0,-0.20000000000000018,1.227495908346965
WI,2011-09-07,7.5,226.597,59.5,3.711,0.0,-0.20000000000000018,1.227495908346965
WI,2011-09-08,7.5,226.597,59.5,3.711,0.0,-0.20000000000000018,1.227495908346965
WI,2011-09-09,7.5,226.597,59.5,3.711,0.0,-0.20000000000000018,1.227495908346965
WI,2011-09-10,7.5,226.597,59.5,3.711,0.0,-0.20000000000000018,1.227495908346965
WI,2011-09-11,7.5,226.597,59.5,3.711,0.0,-0.20000000000000018,1.227495908346965
WI,2011-09-12,7.5,226.597,59.5,3.683,0.0,-0.20000000000000018,2.790957298353325
WI,2011-09-13,7.5,226.597,59.5,3.683,0.0,-0.20000000000000018,2.790957298353325
WI,2011-09-14,7.5,226.597,59.5,3.683,0.0,-0.20000000000000018,2.790957298353325
WI,2011-09-15,7.5,226.597,59.5,3.683,0.0,-0.20000000000000018,2.790957298353325
WI,2011-09-16,7.5,226.597,59.5,3.683,0.0,-0.20000000000000018,2.790957298353325
WI,2011-09-17,7.5,226.597,59.5,3.683,0.0,-0.20000000000000018,2.790957298353325
WI,2011-09-18,7.5,226.597,59.5,3.683,0.0,-0.20000000000000018,2.790957298353325
WI,2011-09-19,7.5,226.597,59.5,3.575,0.0,-0.20000000000000018,0.1400560224089631
WI,2011-09-20,7.5,226.597,59.5,3.575,0.0,-0.20000000000000018,0.1400560224089631
WI,2011-09-21,7.5,226.597,59.5,3.575,0.0,-0.20000000000000018,0.1400560224089631
WI,2011-09-22,7.5,226.597,59.5,3.575,0.0,-0.20000000000000018,0.1400560224089631
WI,2011-09-23,7.5,226.597,59.5,3.575,0.0,-0.20000000000000018,0.1400560224089631
WI,2011-09-24,7.5,226.597,59.5,3.575,0.0,-0.20000000000000018,0.1400560224089631
WI,2011-09-25,7.5,226.597,59.5,3.575,0.0,-0.20000000000000018,0.1400560224089631
WI,2011-09-26,7.5,226.597,59.5,3.432,0.0,-0.20000000000000018,-6.561393955894368
WI,2011-09-27,7.5,226.597,59.5,3.432,0.0,-0.20000000000000018,-6.561393955894368
WI,2011-09-28,7.5,226.597,59.5,3.432,0.0,-0.20000000000000018,-6.561393955894368
WI,2011-09-29,7.5,226.597,59.5,3.432,0.0,-0.20000000000000018,-6.561393955894368
WI,2011-09-30,7.5,226.597,59.5,3.432,0.0,-0.20000000000000018,-6.561393955894368
WI,2011-10-01,7.4,226.75,60.8,3.432,0.0,-0.2999999999999998,-6.561393955894368
WI,2011-10-02,7.4,226.75,60.8,3.432,0.0,-0.2999999999999998,-6.561393955894368
WI,2011-10-03,7.4,226.75,60.8,3.323,0.0,-0.2999999999999998,-10.455402856372942
WI,2011-10-04,7.4,226.75,60.8,3.323,0.0,-0.2999999999999998,-10.455402856372942
WI,2011-10-05,7.4,226.75,60.8,3.323,0.0,-0.2999999999999998,-10.455402856372942
WI,2011-10-06,7.4,226.75,60.8,3.323,0.0,-0.2999999999999998,-10.455402856372942
WI,2011-10-07,7.4,226.75,60.8,3.323,0.0,-0.2999999999999998,-10.455402856372942
WI,2011-10-08,7.4,226.75,60.8,3.323,0.0,-0.2999999999999998,-10.455402856372942
WI,2011-10-09,7.4,226.75,60.8,3.323,0.0,-0.2999999999999998,-10.455402856372942
WI,2011-10-10,7.4,226.75,60.8,3.336,0.0,-0.2999999999999998,-9.421667119196309
WI,2011-10-11,7.4,226.75,60.8,3.336,0.0,-0.2999999999999998,-9.421667119196309
WI,2011-10-12,7.4,226.75,60.8,3.336,0.0,-0.2999999999999998,-9.421667119196309
WI,2011-10-13,7.4,226.75,60.8,3.336,0.0,-0.2999999999999998,-9.421667119196309
WI,2011-10-14,7.4,226.75,60.8,3.336,0.0,-0.2999999999999998,-9.421667119196309
WI,2011-10-15,7.4,226.75,60.8,3.336,0.0,-0.2999999999999998,-9.421667119196309
WI,2011-10-16,7.4,226.75,60.8,3.336,0.0,-0.2999999999999998,-9.421667119196309
WI,2011-10-17,7.4,226.75,60.8,3.414,0.0,-0.2999999999999998,-4.503496503496507
WI,2011-10-18,7.4,226.75,60.8,3.414,0.0,-0.2999999999999998,-4.503496503496507
WI,2011-10-19,7.4,226.75,60.8,3.414,0.0,-0.2999999999999998,-4.503496503496507
WI,2011-10-20,7.4,226.75,60.8,3.414,0.0,-0.2999999999999998,-4.503496503496507
WI,2011-10-21,7.4,226.75,60.8,3.414,0.0,-0.2999999999999998,-4.503496503496507
WI,2011-10-22,7.4,226.75,60.8,3.414,0.0,-0.2999999999999998,-4.503496503496507
WI,2011-10-23,7.4,226.75,60.8,3.414,0.0,-0.2999999999999998,-4.503496503496507
WI,2011-10-24,7.4,226.75,60.8,3.361,0.0,-0.2999999999999998,-2.0687645687645584
WI,2011-10-25,7.4,226.75,60.8,3.361,0.0,-0.2999999999999998,-2.0687645687645584
WI,2011-10-26,7.4,226.75,60.8,3.361,0.0,-0.2999999999999998,-2.0687645687645584
WI,2011-10-27,7.4,226.75,60.8,3.361,0.0,-0.2999999999999998,-2.0687645687645584
WI,2011-10-28,7.4,226.75,60.8,3.361,0.0,-0.2999999999999998,-2.0687645687645584
WI,2011-10-29,7.4,226.75,60.8,3.361,0.0,-0.2999999999999998,-2.0687645687645584
WI,2011-10-30,7.4,226.75,60.8,3.361,0.0,-0.1999999999999993,-2.0687645687645584
WI,2011-10-31,7.4,226.75,60.8,3.384,0.0,-0.1999999999999993,1.8356906409870533
WI,2011-11-01,7.3,227.169,63.7,3.384,0.0,-0.2999999999999998,1.8356906409870533
WI,2011-11-02,7.3,227.169,63.7,3.384,0.0,-0.2999999999999998,1.8356906409870533
WI,2011-11-03,7.3,227.169,63.7,3.384,0.0,-0.2999999999999998,1.8356906409870533
WI,2011-11-04,7.3,227.169,63.7,3.384,0.0,-0.2999999999999998,1.8356906409870533
WI,2011-11-05,7.3,227.169,63.7,3.384,0.0,-0.2999999999999998,1.8356906409870533
WI,2011-11-06,7.3,227.169,63.7,3.384,0.0,-0.2999999999999998,1.8356906409870533
WI,2011-11-07,7.3,227.169,63.7,3.339,0.0,-0.2999999999999998,0.08992805755396738
WI,2011-11-08,7.3,227.169,63.7,3.339,0.0,-0.2999999999999998,0.08992805755396738
WI,2011-11-09,7.3,227.169,63.7,3.339,0.0,-0.2999999999999998,0.08992805755396738
WI,2011-11-10,7.3,227.169,63.7,3.339,0.0,-0.2999999999999998,0.08992805755396738
WI,2011-11-11,7.3,227.169,63.7,3.339,0.0,-0.2999999999999998,0.08992805755396738
WI,2011-11-12,7.3,227.169,63.7,3.339,0.0,-0.2999999999999998,0.08992805755396738
WI,2011-11-13,7.3,227.169,63.7,3.339,0.0,-0.2999999999999998,0.08992805755396738
WI,2011-11-14,7.3,227.169,63.7,3.376,0.0,-0.2999999999999998,-1.1130638547158789
WI,2011-11-15,7.3,227.169,63.7,3.376,0.0,-0.2999999999999998,-1.1130638547158789
WI,2011-11-16,7.3,227.169,63.7,3.376,0.0,-0.2999999999999998,-1.1130638547158789
WI,2011-11-17,7.3,227.169,63.7,3.376,0.0,-0.2999999999999998,-1.1130638547158789
WI,2011-11-18,7.3,227.169,63.7,3.376,0.0,-0.2999999999999998,-1.1130638547158789
WI,2011-11-19,7.3,227.169,63.7,3.376,0.0,-0.2999999999999998,-1.1130638547158789
WI,2011-11-20,7.3,227.169,63.7,3.376,0.0,-0.2999999999999998,-1.1130638547158789
WI,2011-11-21,7.3,227.169,63.7,3.271,0.0,-0.2999999999999998,-2.6777744718833763
WI,2011-11-22,7.3,227.169,63.7,3.271,0.0,-0.2999999999999998,-2.6777744718833763
WI,2011-11-23,7.3,227.169,63.7,3.271,0.0,-0.2999999999999998,-2.6777744718833763
WI,2011-11-24,7.3,227.169,63.7,3.271,0.0,-0.2999999999999998,-2.6777744718833763
WI,2011-11-25,7.3,227.169,63.7,3.271,0.0,-0.2999999999999998,-2.6777744718833763
WI,2011-11-26,7.3,227.169,63.7,3.271,0.0,-0.2999999999999998,-2.6777744718833763
WI,2011-11-27,7.3,227.169,63.7,3.271,0.0,-0.2999999999999998,-2.6777744718833763
WI,2011-11-28,7.3,227.169,63.7,3.189,0.0,-0.2999999999999998,-5.762411347517727
WI,2011-11-29,7.3,227.169,63.7,3.189,0.0,-0.2999999999999998,-5.762411347517727
WI,2011-11-30,7.3,227.169,63.7,3.189,0.0,-0.20000000000000018,-5.762411347517727
WI,2011-12-01,7.1,227.223,69.9,3.189,0.0,-0.40000000000000036,-5.762411347517727
WI,2011-12-02,7.1,227.223,69.9,3.189,0.0,-0.40000000000000036,-5.762411347517727
WI,2011-12-03,7.1,227.223,69.9,3.189,0.0,-0.40000000000000036,-5.762411347517727
WI,2011-12-04,7.1,227.223,69.9,3.189,0.0,-0.40000000000000036,-5.762411347517727
WI,2011-12-05,7.1,227.223,69.9,3.213,0.0,-0.40000000000000036,-3.7735849056603765
WI,2011-12-06,7.1,227.223,69.9,3.213,0.0,-0.40000000000000036,-3.7735849056603765
WI,2011-12-07,7.1,227.223,69.9,3.213,0.0,-0.40000000000000036,-3.7735849056603765
WI,2011-12-08,7.1,227.223,69.9,3.213,0.0,-0.40000000000000036,-3.7735849056603765
WI,2011-12-09,7.1,227.223,69.9,3.213,0.0,-0.40000000000000036,-3.7735849056603765
WI,2011-12-10,7.1,227.223,69.9,3.213,0.0,-0.40000000000000036,-3.7735849056603765
WI,2011-12-11,7.1,227.223,69.9,3.213,0.0,-0.40000000000000036,-3.7735849056603765
WI,2011-12-12,7.1,227.223,69.9,3.227,0.0,-0.40000000000000036,-4.413507109004744
WI,2011-12-13,7.1,227.223,69.9,3.227,0.0,-0.40000000000000036,-4.413507109004744
WI,2011-12-14,7.1,227.223,69.9,3.227,0.0,-0.40000000000000036,-4.413507109004744
WI,2011-12-15,7.1,227.223,69.9,3.227,0.0,-0.40000000000000036,-4.413507109004744
WI,2011-12-16,7.1,227.223,69.9,3.227,0.0,-0.40000000000000036,-4.413507109004744
WI,2011-12-17,7.1,227.223,69.9,3.227,0.0,-0.40000000000000036,-4.413507109004744
WI,2011-12-18,7.1,227.223,69.9,3.227,0.0,-0.40000000000000036,-4.413507109004744
WI,2011-12-19,7.1,227.223,69.9,3.147,0.0,-0.40000000000000036,-3.7908896361968814
WI,2011-12-20,7.1,227.223,69.9,3.147,0.0,-0.40000000000000036,-3.7908896361968814
WI,2011-12-21,7.1,227.223,69.9,3.147,0.0,-0.40000000000000036,-3.7908896361968814
WI,2011-12-22,7.1,227.223,69.9,3.147,0.0,-0.40000000000000036,-3.7908896361968814
WI,2011-12-23,7.1,227.223,69.9,3.147,0.0,-0.40000000000000036,-3.7908896361968814
WI,2011-12-24,7.1,227.223,69.9,3.147,0.0,-0.40000000000000036,-3.7908896361968814
WI,2011-12-25,7.1,227.223,69.9,3.147,0.0,-0.40000000000000036,-3.7908896361968814
WI,2011-12-26,7.1,227.223,69.9,3.231,0.0,-0.40000000000000036,1.3170272812793815
WI,2011-12-27,7.1,227.223,69.9,3.231,0.0,-0.40000000000000036,1.3170272812793815
WI,2011-12-28,7.1,227.223,69.9,3.231,0.0,-0.40000000000000036,1.3170272812793815
WI,2011-12-29,7.1,227.223,69.9,3.231,0.0,-0.40000000000000036,1.3170272812793815
WI,2011-12-30,7.1,227.223,69.9,3.231,0.0,-0.3000000000000007,1.3170272812793815
WI,2011-12-31,7.1,227.223,69.9,3.231,0.0,-0.3000000000000007,1.3170272812793815
WI,2012-01-01,7.0,227.842,75.0,3.231,0.0,-0.40000000000000036,1.3170272812793815
WI,2012-01-02,7.0,227.842,75.0,3.268,0.0,-0.40000000000000036,1.7117958294428748
WI,2012-01-03,7.0,227.842,75.0,3.268,0.0,-0.40000000000000036,1.7117958294428748
WI,2012-01-04,7.0,227.842,75.0,3.268,0.0,-0.40000000000000036,1.7117958294428748
WI,2012-01-05,7.0,227.842,75.0,3.268,0.0,-0.40000000000000036,1.7117958294428748
WI,2012-01-06,7.0,227.842,75.0,3.268,0.0,-0.40000000000000036,1.7117958294428748
WI,2012-01-07,7.0,227.842,75.0,3.268,0.0,-0.40000000000000036,1.7117958294428748
WI,2012-01-08,7.0,227.842,75.0,3.268,0.0,-0.40000000000000036,1.7117958294428748
WI,2012-01-09,7.0,227.842,75.0,3.356,0.0,-0.40000000000000036,3.997520917260622
WI,2012-01-10,7.0,227.842,75.0,3.356,0.0,-0.40000000000000036,3.997520917260622
WI,2012-01-11,7.0,227.842,75.0,3.356,0.0,-0.40000000000000036,3.997520917260622
WI,2012-01-12,7.0,227.842,75.0,3.356,0.0,-0.40000000000000036,3.997520917260622
WI,2012-01-13,7.0,227.842,75.0,3.356,0.0,-0.40000000000000036,3.997520917260622
WI,2012-01-14,7.0,227.842,75.0,3.356,0.0,-0.40000000000000036,3.997520917260622
WI,2012-01-15,7.0,227.842,75.0,3.356,0.0,-0.40000000000000036,3.997520917260622
WI,2012-01-16,7.0,227.842,75.0,3.362,0.0,-0.40000000000000036,6.831903400063566
WI,2012-01-17,7.0,227.842,75.0,3.362,0.0,-0.40000000000000036,6.831903400063566
WI,2012-01-18,7.0,227.842,75.0,3.362,0.0,-0.40000000000000036,6.831903400063566
WI,2012-01-19,7.0,227.842,75.0,3.362,0.0,-0.40000000000000036,6.831903400063566
WI,2012-01-20,7.0,227.842,75.0,3.362,0.0,-0.40000000000000036,6.831903400063566
WI,2012-01-21,7.0,227.842,75.0,3.362,0.0,-0.40000000000000036,6.831903400063566
WI,2012-01-22,7.0,227.842,75.0,3.362,0.0,-0.40000000000000036,6.831903400063566
WI,2012-01-23,7.0,227.842,75.0,3.307,0.0,-0.40000000000000036,2.352212937171161
WI,2012-01-24,7.0,227.842,75.0,3.307,0.0,-0.40000000000000036,2.352212937171161
WI,2012-01-25,7.0,227.842,75.0,3.307,0.0,-0.40000000000000036,2.352212937171161
WI,2012-01-26,7.0,227.842,75.0,3.307,0.0,-0.40000000000000036,2.352212937171161
WI,2012-01-27,7.0,227.842,75.0,3.307,0.0,-0.40000000000000036,2.352212937171161
WI,2012-01-28,7.0,227.842,75.0,3.307,0.0,-0.40000000000000036,2.352212937171161
WI,2012-01-29,7.0,227.842,75.0,3.307,2.67870823531533,-0.40000000000000036,2.352212937171161
WI,2012-01-30,7.0,227.842,75.0,3.349,2.67870823531533,-0.2999999999999998,2.4785801713586464
WI,2012-01-31,7.0,227.842,75.0,3.349,2.67870823531533,-0.2999999999999998,2.4785801713586464
WI,2012-02-01,6.9,228.329,75.3,3.349,2.8981784423473878,-0.39999999999999947,2.4785801713586464
WI,2012-02-02,6.9,228.329,75.3,3.349,2.8981784423473878,-0.39999999999999947,2.4785801713586464
WI,2012-02-03,6.9,228.329,75.3,3.349,2.8981784423473878,-0.39999999999999947,2.4785801713586464
WI,2012-02-04,6.9,228.329,75.3,3.349,2.8981784423473878,-0.39999999999999947,2.4785801713586464
WI,2012-02-05,6.9,228.329,75.3,3.349,2.8981784423473878,-0.39999999999999947,2.4785801713586464
WI,2012-02-06,6.9,228.329,75.3,3.411,2.8981784423473878,-0.39999999999999947,1.6388557806912951
WI,2012-02-07,6.9,228.329,75.3,3.411,2.8981784423473878,-0.39999999999999947,1.6388557806912951
WI,2012-02-08,6.9,228.329,75.3,3.411,2.8981784423473878,-0.39999999999999947,1.6388557806912951
WI,2012-02-09,6.9,228.329,75.3,3.411,2.8981784423473878,-0.39999999999999947,1.6388557806912951
WI,2012-02-10,6.9,228.329,75.3,3.411,2.8981784423473878,-0.39999999999999947,1.6388557806912951
WI,2012-02-11,6.9,228.329,75.3,3.411,2.8981784423473878,-0.39999999999999947,1.6388557806912951
WI,2012-02-12,6.9,228.329,75.3,3.411,2.8981784423473878,-0.39999999999999947,1.6388557806912951
WI,2012-02-13,6.9,228.329,75.3,3.407,2.8981784423473878,-0.39999999999999947,1.3384889946460365
WI,2012-02-14,6.9,228.329,75.3,3.407,2.8981784423473878,-0.39999999999999947,1.3384889946460365
WI,2012-02-15,6.9,228.329,75.3,3.407,2.8981784423473878,-0.39999999999999947,1.3384889946460365
WI,2012-02-16,6.9,228.329,75.3,3.407,2.8981784423473878,-0.39999999999999947,1.3384889946460365
WI,2012-02-17,6.9,228.329,75.3,3.407,2.8981784423473878,-0.39999999999999947,1.3384889946460365
WI,2012-02-18,6.9,228.329,75.3,3.407,2.8981784423473878,-0.39999999999999947,1.3384889946460365
WI,2012-02-19,6.9,228.329,75.3,3.407,2.8981784423473878,-0.39999999999999947,1.3384889946460365
WI,2012-02-20,6.9,228.329,75.3,3.464,2.8981784423473878,-0.39999999999999947,4.747505291805254
WI,2012-02-21,6.9,228.329,75.3,3.464,2.8981784423473878,-0.39999999999999947,4.747505291805254
WI,2012-02-22,6.9,228.329,75.3,3.464,2.8981784423473878,-0.39999999999999947,4.747505291805254
WI,2012-02-23,6.9,228.329,75.3,3.464,2.8981784423473878,-0.39999999999999947,4.747505291805254
WI,2012-02-24,6.9,228.329,75.3,3.464,2.8981784423473878,-0.39999999999999947,4.747505291805254
WI,2012-02-25,6.9,228.329,75.3,3.464,2.8981784423473878,-0.39999999999999947,4.747505291805254
WI,2012-02-26,6.9,228.329,75.3,3.464,2.8981784423473878,-0.39999999999999947,4.747505291805254
WI,2012-02-27,6.9,228.329,75.3,3.623,2.8981784423473878,-0.39999999999999947,8.181546730367284
WI,2012-02-28,6.9,228.329,75.3,3.623,2.8981784423473878,-0.39999999999999947,8.181546730367284
WI,2012-02-29,6.9,228.329,75.3,3.623,2.3685697120773286,-0.1999999999999993,8.181546730367284
WI,2012-03-01,6.9,228.807,76.2,3.623,2.5828752813320977,-0.1999999999999993,8.181546730367284
WI,2012-03-02,6.9,228.807,76.2,3.623,2.5828752813320977,-0.1999999999999993,8.181546730367284
WI,2012-03-03,6.9,228.807,76.2,3.623,2.5828752813320977,-0.1999999999999993,8.181546730367284
WI,2012-03-04,6.9,228.807,76.2,3.623,2.5828752813320977,-0.1999999999999993,8.181546730367284
WI,2012-03-05,6.9,228.807,76.2,3.745,2.5828752813320977,-0.1999999999999993,9.791849897390792
WI,2012-03-06,6.9,228.807,76.2,3.745,2.5828752813320977,-0.1999999999999993,9.791849897390792
WI,2012-03-07,6.9,228.807,76.2,3.745,2.5828752813320977,-0.1999999999999993,9.791849897390792
WI,2012-03-08,6.9,228.807,76.2,3.745,2.5828752813320977,-0.1999999999999993,9.791849897390792
WI,2012-03-09,6.9,228.807,76.2,3.745,2.5828752813320977,-0.1999999999999993,9.791849897390792
WI,2012-03-10,6.9,228.807,76.2,3.745,2.5828752813320977,-0.1999999999999993,9.791849897390792
WI,2012-03-11,6.9,228.807,76.2,3.745,2.5828752813320977,-0.1999999999999993,9.791849897390792
WI,2012-03-12,6.9,228.807,76.2,3.809,2.5828752813320977,-0.1999999999999993,11.799236865277374
WI,2012-03-13,6.9,228.807,76.2,3.809,2.5828752813320977,-0.1999999999999993,11.799236865277374
WI,2012-03-14,6.9,228.807,76.2,3.809,2.5828752813320977,-0.1999999999999993,11.799236865277374
WI,2012-03-15,6.9,228.807,76.2,3.809,2.5828752813320977,-0.1999999999999993,11.799236865277374
WI,2012-03-16,6.9,228.807,76.2,3.809,2.5828752813320977,-0.1999999999999993,11.799236865277374
WI,2012-03-17,6.9,228.807,76.2,3.809,2.5828752813320977,-0.1999999999999993,11.799236865277374
WI,2012-03-18,6.9,228.807,76.2,3.809,2.5828752813320977,-0.1999999999999993,11.799236865277374
WI,2012-03-19,6.9,228.807,76.2,3.84,2.5828752813320977,-0.1999999999999993,10.854503464203225
WI,2012-03-20,6.9,228.807,76.2,3.84,2.5828752813320977,-0.1999999999999993,10.854503464203225
WI,2012-03-21,6.9,228.807,76.2,3.84,2.5828752813320977,-0.1999999999999993,10.854503464203225
WI,2012-03-22,6.9,228.807,76.2,3.84,2.5828752813320977,-0.1999999999999993,10.854503464203225
WI,2012-03-23,6.9,228.807,76.2,3.84,2.5828752813320977,-0.1999999999999993,10.854503464203225
WI,2012-03-24,6.9,228.807,76.2,3.84,2.5828752813320977,-0.1999999999999993,10.854503464203225
WI,2012-03-25,6.9,228.807,76.2,3.84,2.5828752813320977,-0.1999999999999993,10.854503464203225
WI,2012-03-26,6.9,228.807,76.2,3.899,2.5828752813320977,-0.1999999999999993,7.617996135799054
WI,2012-03-27,6.9,228.807,76.2,3.899,2.5828752813320977,-0.1999999999999993,7.617996135799054
WI,2012-03-28,6.9,228.807,76.2,3.899,2.5828752813320977,-0.1999999999999993,7.617996135799054
WI,2012-03-29,6.9,228.807,76.2,3.899,2.5828752813320977,-0.1999999999999993,7.617996135799054
WI,2012-03-30,6.9,228.807,76.2,3.899,2.5828752813320977,-0.1999999999999993,7.617996135799054
WI,2012-03-31,6.9,228.807,76.2,3.899,2.103590919841314,-0.09999999999999964,7.617996135799054
WI,2012-04-01,7.0,229.187,76.4,3.899,2.2731633741348567,0.0,7.617996135799054
WI,2012-04-02,7.0,229.187,76.4,3.905,2.2731633741348567,0.0,4.272363150867808
WI,2012-04-03,7.0,229.187,76.4,3.905,2.2731633741348567,0.0,4.272363150867808
WI,2012-04-04,7.0,229.187,76.4,3.905,2.2731633741348567,0.0,4.272363150867808
WI,2012-04-05,7.0,229.187,76.4,3.905,2.2731633741348567,0.0,4.272363150867808
WI,2012-04-06,7.0,229.187,76.4,3.905,2.2731633741348567,0.0,4.272363150867808
WI,2012-04-07,7.0,229.187,76.4,3.905,2.2731633741348567,0.0,4.272363150867808
WI,2012-04-08,7.0,229.187,76.4,3.905,2.2731633741348567,0.0,4.272363150867808
WI,2012-04-09,7.0,229.187,76.4,3.86,2.2731633741348567,0.0,1.3389341034392155
WI,2012-04-10,7.0,229.187,76.4,3.86,2.2731633741348567,0.0,1.3389341034392155
WI,2012-04-11,7.0,229.187,76.4,3.86,2.2731633741348567,0.0,1.3389341034392155
WI,2012-04-12,7.0,229.187,76.4,3.86,2.2731633741348567,0.0,1.3389341034392155
WI,2012-04-13,7.0,229.187,76.4,3.86,2.2731633741348567,0.0,1.3389341034392155
WI,2012-04-14,7.0,229.187,76.4,3.86,2.2731633741348567,0.0,1.3389341034392155
WI,2012-04-15,7.0,229.187,76.4,3.86,2.2731633741348567,0.0,1.3389341034392155
WI,2012-04-16,7.0,229.187,76.4,3.854,2.2731633741348567,0.0,0.3645833333333348
WI,2012-04-17,7.0,229.187,76.4,3.854,2.2731633741348567,0.0,0.3645833333333348
WI,2012-04-18,7.0,229.187,76.4,3.854,2.2731633741348567,0.0,0.3645833333333348
WI,2012-04-19,7.0,229.187,76.4,3.854,2.2731633741348567,0.0,0.3645833333333348
WI,2012-04-20,7.0,229.187,76.4,3.854,2.2731633741348567,0.0,0.3645833333333348
WI,2012-04-21,7.0,229.187,76.4,3.854,2.2731633741348567,0.0,0.3645833333333348
WI,2012-04-22,7.0,229.187,76.4,3.854,2.2731633741348567,0.0,0.3645833333333348
WI,2012-04-23,7.0,229.187,76.4,3.774,2.2731633741348567,0.0,-3.2059502436522225
WI,2012-04-24,7.0,229.187,76.4,3.774,2.2731633741348567,0.0,-3.2059502436522225
WI,2012-04-25,7.0,229.187,76.4,3.774,2.2731633741348567,0.0,-3.2059502436522225
WI,2012-04-26,7.0,229.187,76.4,3.774,2.2731633741348567,0.0,-3.2059502436522225
WI,2012-04-27,7.0,229.187,76.4,3.774,2.2731633741348567,0.0,-3.2059502436522225
WI,2012-04-28,7.0,229.187,76.4,3.774,2.2731633741348567,0.0,-3.2059502436522225
WI,2012-04-29,7.0,229.187,76.4,3.774,2.2731633741348567,0.0,-3.2059502436522225
WI,2012-04-30,7.0,229.187,76.4,3.749,1.9487914023647024,0.0,-3.994878361075538
WI,2012-05-01,7.0,228.713,79.3,3.749,1.7379429374660749,0.09999999999999964,-3.994878361075538
WI,2012-05-02,7.0,228.713,79.3,3.749,1.7379429374660749,0.09999999999999964,-3.994878361075538
WI,2012-05-03,7.0,228.713,79.3,3.749,1.7379429374660749,0.09999999999999964,-3.994878361075538
WI,2012-05-04,7.0,228.713,79.3,3.749,1.7379429374660749,0.09999999999999964,-3.994878361075538
WI,2012-05-05,7.0,228.713,79.3,3.749,1.7379429374660749,0.09999999999999964,-3.994878361075538
WI,2012-05-06,7.0,228.713,79.3,3.749,1.7379429374660749,0.09999999999999964,-3.994878361075538
WI,2012-05-07,7.0,228.713,79.3,3.721,1.7379429374660749,0.09999999999999964,-3.601036269430047
WI,2012-05-08,7.0,228.713,79.3,3.721,1.7379429374660749,0.09999999999999964,-3.601036269430047
WI,2012-05-09,7.0,228.713,79.3,3.721,1.7379429374660749,0.09999999999999964,-3.601036269430047
WI,2012-05-10,7.0,228.713,79.3,3.721,1.7379429374660749,0.09999999999999964,-3.601036269430047
WI,2012-05-11,7.0,228.713,79.3,3.721,1.7379429374660749,0.09999999999999964,-3.601036269430047
WI,2012-05-12,7.0,228.713,79.3,3.721,1.7379429374660749,0.09999999999999964,-3.601036269430047
WI,2012-05-13,7.0,228.713,79.3,3.721,1.7379429374660749,0.09999999999999964,-3.601036269430047
WI,2012-05-14,7.0,228.713,79.3,3.641,1.7379429374660749,0.09999999999999964,-5.5267254800207555
WI,2012-05-15,7.0,228.713,79.3,3.641,1.7379429374660749,0.09999999999999964,-5.5267254800207555
WI,2012-05-16,7.0,228.713,79.3,3.641,1.7379429374660749,0.09999999999999964,-5.5267254800207555
WI,2012-05-17,7.0,228.713,79.3,3.641,1.7379429374660749,0.09999999999999964,-5.5267254800207555
WI,2012-05-18,7.0,228.713,79.3,3.641,1.7379429374660749,0.09999999999999964,-5.5267254800207555
WI,2012-05-19,7.0,228.713,79.3,3.641,1.7379429374660749,0.09999999999999964,-5.5267254800207555
WI,2012-05-20,7.0,228.713,79.3,3.641,1.7379429374660749,0.09999999999999964,-5.5267254800207555
WI,2012-05-21,7.0,228.713,79.3,3.626,1.7379429374660749,0.09999999999999964,-3.9215686274509887
WI,2012-05-22,7.0,228.713,79.3,3.626,1.7379429374660749,0.09999999999999964,-3.9215686274509887
WI,2012-05-23,7.0,228.713,79.3,3.626,1.7379429374660749,0.09999999999999964,-3.9215686274509887
WI,2012-05-24,7.0,228.713,79.3,3.626,1.7379429374660749,0.09999999999999964,-3.9215686274509887
WI,2012-05-25,7.0,228.713,79.3,3.626,1.7379429374660749,0.09999999999999964,-3.9215686274509887
WI,2012-05-26,7.0,228.713,79.3,3.626,1.7379429374660749,0.09999999999999964,-3.9215686274509887
WI,2012-05-27,7.0,228.713,79.3,3.626,1.7379429374660749,0.09999999999999964,-3.9215686274509887
WI,2012-05-28,7.0,228.713,79.3,3.591,1.7379429374660749,0.09999999999999964,-4.21445718858362
WI,2012-05-29,7.0,228.713,79.3,3.591,1.7379429374660749,0.09999999999999964,-4.21445718858362
WI,2012-05-30,7.0,228.713,79.3,3.591,1.7379429374660749,0.09999999999999964,-4.21445718858362
WI,2012-05-31,7.0,228.713,79.3,3.591,1.7379429374660749,0.09999999999999964,-4.21445718858362
WI,2012-06-01,7.0,228.524,73.2,3.591,1.653870448297634,0.09999999999999964,-4.21445718858362
WI,2012-06-02,7.0,228.524,73.2,3.591,1.653870448297634,0.09999999999999964,-4.21445718858362
WI,2012-06-03,7.0,228.524,73.2,3.591,1.653870448297634,0.09999999999999964,-4.21445718858362
WI,2012-06-04,7.0,228.524,73.2,3.519,1.653870448297634,0.09999999999999964,-5.42864821284601
WI,2012-06-05,7.0,228.524,73.2,3.519,1.653870448297634,0.09999999999999964,-5.42864821284601
WI,2012-06-06,7.0,228.524,73.2,3.519,1.653870448297634,0.09999999999999964,-5.42864821284601
WI,2012-06-07,7.0,228.524,73.2,3.519,1.653870448297634,0.09999999999999964,-5.42864821284601
WI,2012-06-08,7.0,228.524,73.2,3.519,1.653870448297634,0.09999999999999964,-5.42864821284601
WI,2012-06-09,7.0,228.524,73.2,3.519,1.653870448297634,0.09999999999999964,-5.42864821284601
WI,2012-06-10,7.0,228.524,73.2,3.519,1.653870448297634,0.09999999999999964,-5.42864821284601
WI,2012-06-11,7.0,228.524,73.2,3.539,1.653870448297634,0.09999999999999964,-2.8014281790716855
WI,2012-06-12,7.0,228.524,73.2,3.539,1.653870448297634,0.09999999999999964,-2.8014281790716855
WI,2012-06-13,7.0,228.524,73.2,3.539,1.653870448297634,0.09999999999999964,-2.8014281790716855
WI,2012-06-14,7.0,228.524,73.2,3.539,1.653870448297634,0.09999999999999964,-2.8014281790716855
WI,2012-06-15,7.0,228.524,73.2,3.539,1.653870448297634,0.09999999999999964,-2.8014281790716855
WI,2012-06-16,7.0,228.524,73.2,3.539,1.653870448297634,0.09999999999999964,-2.8014281790716855
WI,2012-06-17,7.0,228.524,73.2,3.539,1.653870448297634,0.09999999999999964,-2.8014281790716855
WI,2012-06-18,7.0,228.524,73.2,3.561,1.653870448297634,0.09999999999999964,-1.792608935466078
WI,2012-06-19,7.0,228.524,73.2,3.561,1.653870448297634,0.09999999999999964,-1.792608935466078
WI,2012-06-20,7.0,228.524,73.2,3.561,1.653870448297634,0.09999999999999964,-1.792608935466078
WI,2012-06-21,7.0,228.524,73.2,3.561,1.653870448297634,0.09999999999999964,-1.792608935466078
WI,2012-06-22,7.0,228.524,73.2,3.561,1.653870448297634,0.09999999999999964,-1.792608935466078
WI,2012-06-23,7.0,228.524,73.2,3.561,1.653870448297634,0.09999999999999964,-1.792608935466078
WI,2012-06-24,7.0,228.524,73.2,3.561,1.653870448297634,0.09999999999999964,-1.792608935466078
WI,2012-06-25,7.0,228.524,73.2,3.431,1.653870448297634,0.09999999999999964,-4.455583402951824
WI,2012-06-26,7.0,228.524,73.2,3.431,1.653870448297634,0.09999999999999964,-4.455583402951824
WI,2012-06-27,7.0,228.524,73.2,3.431,1.653870448297634,0.09999999999999964,-4.455583402951824
WI,2012-06-28,7.0,228.524,73.2,3.431,1.653870448297634,0.09999999999999964,-4.455583402951824
WI,2012-06-29,7.0,228.524,73.2,3.431,1.653870448297634,0.09999999999999964,-4.455583402951824
WI,2012-06-30,7.0,228.524,73.2,3.431,1.3882295525632804,0.0,-4.455583402951824
WI,2012-07-01,7.0,228.59,72.3,3.431,1.4175114798464783,0.0,-4.455583402951824
WI,2012-07-02,7.0,228.59,72.3,3.323,1.4175114798464783,0.0,-5.56976413753908
WI,2012-07-03,7.0,228.59,72.3,3.323,1.4175114798464783,0.0,-5.56976413753908
WI,2012-07-04,7.0,228.59,72.3,3.323,1.4175114798464783,0.0,-5.56976413753908
WI,2012-07-05,7.0,228.59,72.3,3.323,1.4175114798464783,0.0,-5.56976413753908
WI,2012-07-06,7.0,228.59,72.3,3.323,1.4175114798464783,0.0,-5.56976413753908
WI,2012-07-07,7.0,228.59,72.3,3.323,1.4175114798464783,0.0,-5.56976413753908
WI,2012-07-08,7.0,228.59,72.3,3.323,1.4175114798464783,0.0,-5.56976413753908
WI,2012-07-09,7.0,228.59,72.3,3.442,1.4175114798464783,0.0,-2.7408872562870834
WI,2012-07-10,7.0,228.59,72.3,3.442,1.4175114798464783,0.0,-2.7408872562870834
WI,2012-07-11,7.0,228.59,72.3,3.442,1.4175114798464783,0.0,-2.7408872562870834
WI,2012-07-12,7.0,228.59,72.3,3.442,1.4175114798464783,0.0,-2.7408872562870834
WI,2012-07-13,7.0,228.59,72.3,3.442,1.4175114798464783,0.0,-2.7408872562870834
WI,2012-07-14,7.0,228.59,72.3,3.442,1.4175114798464783,0.0,-2.7408872562870834
WI,2012-07-15,7.0,228.59,72.3,3.442,1.4175114798464783,0.0,-2.7408872562870834
WI,2012-07-16,7.0,228.59,72.3,3.42,1.4175114798464783,0.0,-3.959561920808763
WI,2012-07-17,7.0,228.59,72.3,3.42,1.4175114798464783,0.0,-3.959561920808763
WI,2012-07-18,7.0,228.59,72.3,3.42,1.4175114798464783,0.0,-3.959561920808763
WI,2012-07-19,7.0,228.59,72.3,3.42,1.4175114798464783,0.0,-3.959561920808763
WI,2012-07-20,7.0,228.59,72.3,3.42,1.4175114798464783,0.0,-3.959561920808763
WI,2012-07-21,7.0,228.59,72.3,3.42,1.4175114798464783,0.0,-3.959561920808763
WI,2012-07-22,7.0,228.59,72.3,3.42,1.4175114798464783,0.0,-3.959561920808763
WI,2012-07-23,7.0,228.59,72.3,3.482,1.4175114798464783,0.0,1.4864470999708557
WI,2012-07-24,7.0,228.59,72.3,3.482,1.4175114798464783,0.0,1.4864470999708557
WI,2012-07-25,7.0,228.59,72.3,3.482,1.4175114798464783,0.0,1.4864470999708557
WI,2012-07-26,7.0,228.59,72.3,3.482,1.4175114798464783,0.0,1.4864470999708557
WI,2012-07-27,7.0,228.59,72.3,3.482,1.4175114798464783,0.0,1.4864470999708557
WI,2012-07-28,7.0,228.59,72.3,3.482,1.4175114798464783,0.0,1.4864470999708557
WI,2012-07-29,7.0,228.59,72.3,3.482,1.4175114798464783,0.0,1.4864470999708557
WI,2012-07-30,7.0,228.59,72.3,3.515,1.4175114798464783,0.0,5.777911525729773
WI,2012-07-31,7.0,228.59,72.3,3.515,1.0985997717884555,0.0,5.777911525729773
WI,2012-08-01,6.9,229.918,74.3,3.515,1.6859349154821235,-0.09999999999999964,5.777911525729773
WI,2012-08-02,6.9,229.918,74.3,3.515,1.6859349154821235,-0.09999999999999964,5.777911525729773
WI,2012-08-03,6.9,229.918,74.3,3.515,1.6859349154821235,-0.09999999999999964,5.777911525729773
WI,2012-08-04,6.9,229.918,74.3,3.515,1.6859349154821235,-0.09999999999999964,5.777911525729773
WI,2012-08-05,6.9,229.918,74.3,3.515,1.6859349154821235,-0.09999999999999964,5.777911525729773
WI,2012-08-06,6.9,229.918,74.3,3.772,1.6859349154821235,-0.09999999999999964,9.587449157466587
WI,2012-08-07,6.9,229.918,74.3,3.772,1.6859349154821235,-0.09999999999999964,9.587449157466587
WI,2012-08-08,6.9,229.918,74.3,3.772,1.6859349154821235,-0.09999999999999964,9.587449157466587
WI,2012-08-09,6.9,229.918,74.3,3.772,1.6859349154821235,-0.09999999999999964,9.587449157466587
WI,2012-08-10,6.9,229.918,74.3,3.772,1.6859349154821235,-0.09999999999999964,9.587449157466587
WI,2012-08-11,6.9,229.918,74.3,3.772,1.6859349154821235,-0.09999999999999964,9.587449157466587
WI,2012-08-12,6.9,229.918,74.3,3.772,1.6859349154821235,-0.09999999999999964,9.587449157466587
WI,2012-08-13,6.9,229.918,74.3,3.788,1.6859349154821235,-0.09999999999999964,10.760233918128659
WI,2012-08-14,6.9,229.918,74.3,3.788,1.6859349154821235,-0.09999999999999964,10.760233918128659
WI,2012-08-15,6.9,229.918,74.3,3.788,1.6859349154821235,-0.09999999999999964,10.760233918128659
WI,2012-08-16,6.9,229.918,74.3,3.788,1.6859349154821235,-0.09999999999999964,10.760233918128659
WI,2012-08-17,6.9,229.918,74.3,3.788,1.6859349154821235,-0.09999999999999964,10.760233918128659
WI,2012-08-18,6.9,229.918,74.3,3.788,1.6859349154821235,-0.09999999999999964,10.760233918128659
WI,2012-08-19,6.9,229.918,74.3,3.788,1.6859349154821235,-0.09999999999999964,10.760233918128659
WI,2012-08-20,6.9,229.918,74.3,3.761,1.6859349154821235,-0.09999999999999964,8.012636415852947
WI,2012-08-21,6.9,229.918,74.3,3.761,1.6859349154821235,-0.09999999999999964,8.012636415852947
WI,2012-08-22,6.9,229.918,74.3,3.761,1.6859349154821235,-0.09999999999999964,8.012636415852947
WI,2012-08-23,6.9,229.918,74.3,3.761,1.6859349154821235,-0.09999999999999964,8.012636415852947
WI,2012-08-24,6.9,229.918,74.3,3.761,1.6859349154821235,-0.09999999999999964,8.012636415852947
WI,2012-08-25,6.9,229.918,74.3,3.761,1.6859349154821235,-0.09999999999999964,8.012636415852947
WI,2012-08-26,6.9,229.918,74.3,3.761,1.6859349154821235,-0.09999999999999964,8.012636415852947
WI,2012-08-27,6.9,229.918,74.3,3.778,1.6859349154821235,-0.09999999999999964,7.482219061166417
WI,2012-08-28,6.9,229.918,74.3,3.778,1.6859349154821235,-0.09999999999999964,7.482219061166417
WI,2012-08-29,6.9,229.918,74.3,3.778,1.6859349154821235,-0.09999999999999964,7.482219061166417
WI,2012-08-30,6.9,229.918,74.3,3.778,1.6859349154821235,-0.09999999999999964,7.482219061166417
WI,2012-08-31,6.9,229.918,74.3,3.778,1.4655975145301925,-0.09999999999999964,7.482219061166417
WI,2012-09-01,6.8,231.015,78.3,3.778,1.9497168982819613,-0.20000000000000018,7.482219061166417
WI,2012-09-02,6.8,231.015,78.3,3.778,1.9497168982819613,-0.20000000000000018,7.482219061166417
WI,2012-09-03,6.8,231.015,78.3,3.875,1.9497168982819613,-0.20000000000000018,2.7306468716861154
WI,2012-09-04,6.8,231.015,78.3,3.875,1.9497168982819613,-0.20000000000000018,2.7306468716861154
WI,2012-09-05,6.8,231.015,78.3,3.875,1.9497168982819613,-0.20000000000000018,2.7306468716861154
WI,2012-09-06,6.8,231.015,78.3,3.875,1.9497168982819613,-0.20000000000000018,2.7306468716861154
WI,2012-09-07,6.8,231.015,78.3,3.875,1.9497168982819613,-0.20000000000000018,2.7306468716861154
WI,2012-09-08,6.8,231.015,78.3,3.875,1.9497168982819613,-0.20000000000000018,2.7306468716861154
WI,2012-09-09,6.8,231.015,78.3,3.875,1.9497168982819613,-0.20000000000000018,2.7306468716861154
WI,2012-09-10,6.8,231.015,78.3,3.86,1.9497168982819613,-0.20000000000000018,1.9007391763463666
WI,2012-09-11,6.8,231.015,78.3,3.86,1.9497168982819613,-0.20000000000000018,1.9007391763463666
WI,2012-09-12,6.8,231.015,78.3,3.86,1.9497168982819613,-0.20000000000000018,1.9007391763463666
WI,2012-09-13,6.8,231.015,78.3,3.86,1.9497168982819613,-0.20000000000000018,1.9007391763463666
WI,2012-09-14,6.8,231.015,78.3,3.86,1.9497168982819613,-0.20000000000000018,1.9007391763463666
WI,2012-09-15,6.8,231.015,78.3,3.86,1.9497168982819613,-0.20000000000000018,1.9007391763463666
WI,2012-09-16,6.8,231.015,78.3,3.86,1.9497168982819613,-0.20000000000000018,1.9007391763463666
WI,2012-09-17,6.8,231.015,78.3,3.893,1.9497168982819613,-0.20000000000000018,3.5097048657271923
WI,2012-09-18,6.8,231.015,78.3,3.893,1.9497168982819613,-0.20000000000000018,3.5097048657271923
WI,2012-09-19,6.8,231.015,78.3,3.893,1.9497168982819613,-0.20000000000000018,3.5097048657271923
WI,2012-09-20,6.8,231.015,78.3,3.893,1.9497168982819613,-0.20000000000000018,3.5097048657271923
WI,2012-09-21,6.8,231.015,78.3,3.893,1.9497168982819613,-0.20000000000000018,3.5097048657271923
WI,2012-09-22,6.8,231.015,78.3,3.893,1.9497168982819613,-0.20000000000000018,3.5097048657271923
WI,2012-09-23,6.8,231.015,78.3,3.893,1.9497168982819613,-0.20000000000000018,3.5097048657271923
WI,2012-09-24,6.8,231.015,78.3,3.813,1.9497168982819613,-0.20000000000000018,0.9264160931709897
WI,2012-09-25,6.8,231.015,78.3,3.813,1.9497168982819613,-0.20000000000000018,0.9264160931709897
WI,2012-09-26,6.8,231.015,78.3,3.813,1.9497168982819613,-0.20000000000000018,0.9264160931709897
WI,2012-09-27,6.8,231.015,78.3,3.813,1.9497168982819613,-0.20000000000000018,0.9264160931709897
WI,2012-09-28,6.8,231.015,78.3,3.813,1.9497168982819613,-0.20000000000000018,0.9264160931709897
WI,2012-09-29,6.8,231.015,78.3,3.813,1.9497168982819613,-0.20000000000000018,0.9264160931709897
WI,2012-09-30,6.8,231.015,78.3,3.813,1.8809261300992253,-0.20000000000000018,0.9264160931709897
WI,2012-10-01,6.8,231.638,82.6,3.784,2.1556780595369363,-0.20000000000000018,-2.348387096774196
WI,2012-10-02,6.8,231.638,82.6,3.784,2.1556780595369363,-0.20000000000000018,-2.348387096774196
WI,2012-10-03,6.8,231.638,82.6,3.784,2.1556780595369363,-0.20000000000000018,-2.348387096774196
WI,2012-10-04,6.8,231.638,82.6,3.784,2.1556780595369363,-0.20000000000000018,-2.348387096774196
WI,2012-10-05,6.8,231.638,82.6,3.784,2.1556780595369363,-0.20000000000000018,-2.348387096774196
WI,2012-10-06,6.8,231.638,82.6,3.784,2.1556780595369363,-0.20000000000000018,-2.348387096774196
WI,2012-10-07,6.8,231.638,82.6,3.784,2.1556780595369363,-0.20000000000000018,-2.348387096774196
WI,2012-10-08,6.8,231.638,82.6,3.772,2.1556780595369363,-0.20000000000000018,-2.2797927461139955
WI,2012-10-09,6.8,231.638,82.6,3.772,2.1556780595369363,-0.20000000000000018,-2.2797927461139955
WI,2012-10-10,6.8,231.638,82.6,3.772,2.1556780595369363,-0.20000000000000018,-2.2797927461139955
WI,2012-10-11,6.8,231.638,82.6,3.772,2.1556780595369363,-0.20000000000000018,-2.2797927461139955
WI,2012-10-12,6.8,231.638,82.6,3.772,2.1556780595369363,-0.20000000000000018,-2.2797927461139955
WI,2012-10-13,6.8,231.638,82.6,3.772,2.1556780595369363,-0.20000000000000018,-2.2797927461139955
WI,2012-10-14,6.8,231.638,82.6,3.772,2.1556780595369363,-0.20000000000000018,-2.2797927461139955
WI,2012-10-15,6.8,231.638,82.6,3.685,2.1556780595369363,-0.20000000000000018,-5.342923195479054
WI,2012-10-16,6.8,231.638,82.6,3.685,2.1556780595369363,-0.20000000000000018,-5.342923195479054
WI,2012-10-17,6.8,231.638,82.6,3.685,2.1556780595369363,-0.20000000000000018,-5.342923195479054
WI,2012-10-18,6.8,231.638,82.6,3.685,2.1556780595369363,-0.20000000000000018,-5.342923195479054
WI,2012-10-19,6.8,231.638,82.6,3.685,2.1556780595369363,-0.20000000000000018,-5.342923195479054
WI,2012-10-20,6.8,231.638,82.6,3.685,2.1556780595369363,-0.20000000000000018,-5.342923195479054
WI,2012-10-21,6.8,231.638,82.6,3.685,2.1556780595369363,-0.20000000000000018,-5.342923195479054
WI,2012-10-22,6.8,231.638,82.6,3.487,2.1556780595369363,-0.20000000000000018,-8.549698400209815
WI,2012-10-23,6.8,231.638,82.6,3.487,2.1556780595369363,-0.20000000000000018,-8.549698400209815
WI,2012-10-24,6.8,231.638,82.6,3.487,2.1556780595369363,-0.20000000000000018,-8.549698400209815
WI,2012-10-25,6.8,231.638,82.6,3.487,2.1556780595369363,-0.20000000000000018,-8.549698400209815
WI,2012-10-26,6.8,231.638,82.6,3.487,2.1556780595369363,-0.20000000000000018,-8.549698400209815
WI,2012-10-27,6.8,231.638,82.6,3.487,2.1556780595369363,-0.20000000000000018,-8.549698400209815
WI,2012-10-28,6.8,231.638,82.6,3.487,2.1556780595369363,-0.20000000000000018,-8.549698400209815
WI,2012-10-29,6.8,231.638,82.6,3.391,2.1556780595369363,-0.20000000000000018,-10.38583509513742
WI,2012-10-30,6.8,231.638,82.6,3.391,2.1556780595369363,-0.10000000000000053,-10.38583509513742
WI,2012-10-31,6.8,231.638,82.6,3.391,1.9672578564857046,-0.10000000000000053,-10.38583509513742
WI,2012-11-01,6.8,231.249,82.7,3.391,1.7960197033926262,-0.10000000000000053,-10.38583509513742
WI,2012-11-02,6.8,231.249,82.7,3.391,1.7960197033926262,-0.10000000000000053,-10.38583509513742
WI,2012-11-03,6.8,231.249,82.7,3.391,1.7960197033926262,-0.10000000000000053,-10.38583509513742
WI,2012-11-04,6.8,231.249,82.7,3.391,1.7960197033926262,-0.10000000000000053,-10.38583509513742
WI,2012-11-05,6.8,231.249,82.7,3.323,1.7960197033926262,-0.10000000000000053,-11.903499469777302
WI,2012-11-06,6.8,231.249,82.7,3.323,1.7960197033926262,-0.10000000000000053,-11.903499469777302
WI,2012-11-07,6.8,231.249,82.7,3.323,1.7960197033926262,-0.10000000000000053,-11.903499469777302
WI,2012-11-08,6.8,231.249,82.7,3.323,1.7960197033926262,-0.10000000000000053,-11.903499469777302
WI,2012-11-09,6.8,231.249,82.7,3.323,1.7960197033926262,-0.10000000000000053,-11.903499469777302
WI,2012-11-10,6.8,231.249,82.7,3.323,1.7960197033926262,-0.10000000000000053,-11.903499469777302
WI,2012-11-11,6.8,231.249,82.7,3.323,1.7960197033926262,-0.10000000000000053,-11.903499469777302
WI,2012-11-12,6.8,231.249,82.7,3.331,1.7960197033926262,-0.10000000000000053,-9.606512890094987
WI,2012-11-13,6.8,231.249,82.7,3.331,1.7960197033926262,-0.10000000000000053,-9.606512890094987
WI,2012-11-14,6.8,231.249,82.7,3.331,1.7960197033926262,-0.10000000000000053,-9.606512890094987
WI,2012-11-15,6.8,231.249,82.7,3.331,1.7960197033926262,-0.10000000000000053,-9.606512890094987
WI,2012-11-16,6.8,231.249,82.7,3.331,1.7960197033926262,-0.10000000000000053,-9.606512890094987
WI,2012-11-17,6.8,231.249,82.7,3.331,1.7960197033926262,-0.10000000000000053,-9.606512890094987
WI,2012-11-18,6.8,231.249,82.7,3.331,1.7960197033926262,-0.10000000000000053,-9.606512890094987
WI,2012-11-19,6.8,231.249,82.7,3.344,1.7960197033926262,-0.10000000000000053,-4.100946372239756
WI,2012-11-20,6.8,231.249,82.7,3.344,1.7960197033926262,-0.10000000000000053,-4.100946372239756
WI,2012-11-21,6.8,231.249,82.7,3.344,1.7960197033926262,-0.10000000000000053,-4.100946372239756
WI,2012-11-22,6.8,231.249,82.7,3.344,1.7960197033926262,-0.10000000000000053,-4.100946372239756
WI,2012-11-23,6.8,231.249,82.7,3.344,1.7960197033926262,-0.10000000000000053,-4.100946372239756
WI,2012-11-24,6.8,231.249,82.7,3.344,1.7960197033926262,-0.10000000000000053,-4.100946372239756
WI,2012-11-25,6.8,231.249,82.7,3.344,1.7960197033926262,-0.10000000000000053,-4.100946372239756
WI,2012-11-26,6.8,231.249,82.7,3.387,1.7960197033926262,-0.10000000000000053,-0.11795930404010502
WI,2012-11-27,6.8,231.249,82.7,3.387,1.7960197033926262,-0.10000000000000053,-0.11795930404010502
WI,2012-11-28,6.8,231.249,82.7,3.387,1.7960197033926262,-0.10000000000000053,-0.11795930404010502
WI,2012-11-29,6.8,231.249,82.7,3.387,1.7960197033926262,-0.10000000000000053,-0.11795930404010502
WI,2012-11-30,6.8,231.249,82.7,3.387,1.7718276758954765,0.0,-0.11795930404010502
WI,2012-12-01,6.9,231.221,72.9,3.387,1.7595049796895523,0.10000000000000053,-0.11795930404010502
WI,2012-12-02,6.9,231.221,72.9,3.387,1.7595049796895523,0.10000000000000053,-0.11795930404010502
WI,2012-12-03,6.9,231.221,72.9,3.32,1.7595049796895523,0.10000000000000053,-0.09027986758952666
WI,2012-12-04,6.9,231.221,72.9,3.32,1.7595049796895523,0.10000000000000053,-0.09027986758952666
WI,2012-12-05,6.9,231.221,72.9,3.32,1.7595049796895523,0.10000000000000053,-0.09027986758952666
WI,2012-12-06,6.9,231.221,72.9,3.32,1.7595049796895523,0.10000000000000053,-0.09027986758952666
WI,2012-12-07,6.9,231.221,72.9,3.32,1.7595049796895523,0.10000000000000053,-0.09027986758952666
WI,2012-12-08,6.9,231.221,72.9,3.32,1.7595049796895523,0.10000000000000053,-0.09027986758952666
WI,2012-12-09,6.9,231.221,72.9,3.32,1.7595049796895523,0.10000000000000053,-0.09027986758952666
WI,2012-12-10,6.9,231.221,72.9,3.284,1.7595049796895523,0.10000000000000053,-1.4109876913839692
WI,2012-12-11,6.9,231.221,72.9,3.284,1.7595049796895523,0.10000000000000053,-1.4109876913839692
WI,2012-12-12,6.9,231.221,72.9,3.284,1.7595049796895523,0.10000000000000053,-1.4109876913839692
WI,2012-12-13,6.9,231.221,72.9,3.284,1.7595049796895523,0.10000000000000053,-1.4109876913839692
WI,2012-12-14,6.9,231.221,72.9,3.284,1.7595049796895523,0.10000000000000053,-1.4109876913839692
WI,2012-12-15,6.9,231.221,72.9,3.284,1.7595049796895523,0.10000000000000053,-1.4109876913839692
WI,2012-12-16,6.9,231.221,72.9,3.284,1.7595049796895523,0.10000000000000053,-1.4109876913839692
WI,2012-12-17,6.9,231.221,72.9,3.144,1.7595049796895523,0.10000000000000053,-5.980861244019131
WI,2012-12-18,6.9,231.221,72.9,3.144,1.7595049796895523,0.10000000000000053,-5.980861244019131
WI,2012-12-19,6.9,231.221,72.9,3.144,1.7595049796895523,0.10000000000000053,-5.980861244019131
WI,2012-12-20,6.9,231.221,72.9,3.144,1.7595049796895523,0.10000000000000053,-5.980861244019131
WI,2012-12-21,6.9,231.221,72.9,3.144,1.7595049796895523,0.10000000000000053,-5.980861244019131
WI,2012-12-22,6.9,231.221,72.9,3.144,1.7595049796895523,0.10000000000000053,-5.980861244019131
WI,2012-12-23,6.9,231.221,72.9,3.144,1.7595049796895523,0.10000000000000053,-5.980861244019131
WI,2012-12-24,6.9,231.221,72.9,3.173,1.7595049796895523,0.10000000000000053,-6.318275760259818
WI,2012-12-25,6.9,231.221,72.9,3.173,1.7595049796895523,0.10000000000000053,-6.318275760259818
WI,2012-12-26,6.9,231.221,72.9,3.173,1.7595049796895523,0.10000000000000053,-6.318275760259818
WI,2012-12-27,6.9,231.221,72.9,3.173,1.7595049796895523,0.10000000000000053,-6.318275760259818
WI,2012-12-28,6.9,231.221,72.9,3.173,1.7595049796895523,0.10000000000000053,-6.318275760259818
WI,2012-12-29,6.9,231.221,72.9,3.173,1.7595049796895523,0.10000000000000053,-6.318275760259818
WI,2012-12-30,6.9,231.221,72.9,3.173,1.7595049796895523,0.10000000000000053,-6.318275760259818
WI,2012-12-31,6.9,231.221,72.9,3.221,1.4830452682121686,0.10000000000000053,-2.9819277108433684
WI,2013-01-01,6.9,231.679,73.8,3.221,1.684061762098299,0.10000000000000053,-2.9819277108433684
WI,2013-01-02,6.9,231.679,73.8,3.221,1.684061762098299,0.10000000000000053,-2.9819277108433684
WI,2013-01-03,6.9,231.679,73.8,3.221,1.684061762098299,0.10000000000000053,-2.9819277108433684
WI,2013-01-04,6.9,231.679,73.8,3.221,1.684061762098299,0.10000000000000053,-2.9819277108433684
WI,2013-01-05,6.9,231.679,73.8,3.221,1.684061762098299,0.10000000000000053,-2.9819277108433684
WI,2013-01-06,6.9,231.679,73.8,3.221,1.684061762098299,0.10000000000000053,-2.9819277108433684
WI,2013-01-07,6.9,231.679,73.8,3.143,1.684061762098299,0.10000000000000053,-4.293544457978071
WI,2013-01-08,6.9,231.679,73.8,3.143,1.684061762098299,0.10000000000000053,-4.293544457978071
WI,2013-01-09,6.9,231.679,73.8,3.143,1.684061762098299,0.10000000000000053,-4.293544457978071
WI,2013-01-10,6.9,231.679,73.8,3.143,1.684061762098299,0.10000000000000053,-4.293544457978071
WI,2013-01-11,6.9,231.679,73.8,3.143,1.684061762098299,0.10000000000000053,-4.293544457978071
WI,2013-01-12,6.9,231.679,73.8,3.143,1.684061762098299,0.10000000000000053,-4.293544457978071
WI,2013-01-13,6.9,231.679,73.8,3.143,1.684061762098299,0.10000000000000053,-4.293544457978071
WI,2013-01-14,6.9,231.679,73.8,3.156,1.684061762098299,0.10000000000000053,0.3816793893129722
WI,2013-01-15,6.9,231.679,73.8,3.156,1.684061762098299,0.10000000000000053,0.3816793893129722
WI,2013-01-16,6.9,231.679,73.8,3.156,1.684061762098299,0.10000000000000053,0.3816793893129722
WI,2013-01-17,6.9,231.679,73.8,3.156,1.684061762098299,0.10000000000000053,0.3816793893129722
WI,2013-01-18,6.9,231.679,73.8,3.156,1.684061762098299,0.10000000000000053,0.3816793893129722
WI,2013-01-19,6.9,231.679,73.8,3.156,1.684061762098299,0.10000000000000053,0.3816793893129722
WI,2013-01-20,6.9,231.679,73.8,3.156,1.684061762098299,0.10000000000000053,0.3816793893129722
WI,2013-01-21,6.9,231.679,73.8,3.224,1.684061762098299,0.10000000000000053,1.607311692404667
WI,2013-01-22,6.9,231.679,73.8,3.224,1.684061762098299,0.10000000000000053,1.607311692404667
WI,2013-01-23,6.9,231.679,73.8,3.224,1.684061762098299,0.10000000000000053,1.607311692404667
WI,2013-01-24,6.9,231.679,73.8,3.224,1.684061762098299,0.10000000000000053,1.607311692404667
WI,2013-01-25,6.9,231.679,73.8,3.224,1.684061762098299,0.10000000000000053,1.607311692404667
WI,2013-01-26,6.9,231.679,73.8,3.224,1.684061762098299,0.10000000000000053,1.607311692404667
WI,2013-01-27,6.9,231.679,73.8,3.224,1.684061762098299,0.10000000000000053,1.607311692404667
WI,2013-01-28,6.9,231.679,73.8,3.289,1.684061762098299,0.10000000000000053,2.1111456069543566
WI,2013-01-29,6.9,231.679,73.8,3.289,1.684061762098299,0.10000000000000053,2.1111456069543566
WI,2013-01-30,6.9,231.679,73.8,3.289,1.684061762098299,0.10000000000000053,2.1111456069543566
WI,2013-01-31,6.9,231.679,73.8,3.289,1.467181128984918,0.10000000000000053,2.1111456069543566
WI,2013-02-01,7.0,232.937,77.6,3.289,2.0181404902574807,0.20000000000000018,2.1111456069543566
WI,2013-02-02,7.0,232.937,77.6,3.289,2.0181404902574807,0.20000000000000018,2.1111456069543566
WI,2013-02-03,7.0,232.937,77.6,3.289,2.0181404902574807,0.20000000000000018,2.1111456069543566
WI,2013-02-04,7.0,232.937,77.6,3.513,2.0181404902574807,0.20000000000000018,11.772192173083052
WI,2013-02-05,7.0,232.937,77.6,3.513,2.0181404902574807,0.20000000000000018,11.772192173083052
WI,2013-02-06,7.0,232.937,77.6,3.513,2.0181404902574807,0.20000000000000018,11.772192173083052
WI,2013-02-07,7.0,232.937,77.6,3.513,2.0181404902574807,0.20000000000000018,11.772192173083052
WI,2013-02-08,7.0,232.937,77.6,3.513,2.0181404902574807,0.20000000000000018,11.772192173083052
WI,2013-02-09,7.0,232.937,77.6,3.513,2.0181404902574807,0.20000000000000018,11.772192173083052
WI,2013-02-10,7.0,232.937,77.6,3.513,2.0181404902574807,0.20000000000000018,11.772192173083052
WI,2013-02-11,7.0,232.937,77.6,3.582,2.0181404902574807,0.20000000000000018,13.498098859315588
WI,2013-02-12,7.0,232.937,77.6,3.582,2.0181404902574807,0.20000000000000018,13.498098859315588
WI,2013-02-13,7.0,232.937,77.6,3.582,2.0181404902574807,0.20000000000000018,13.498098859315588
WI,2013-02-14,7.0,232.937,77.6,3.582,2.0181404902574807,0.20000000000000018,13.498098859315588
WI,2013-02-15,7.0,232.937,77.6,3.582,2.0181404902574807,0.20000000000000018,13.498098859315588
WI,2013-02-16,7.0,232.937,77.6,3.582,2.0181404902574807,0.20000000000000018,13.498098859315588
WI,2013-02-17,7.0,232.937,77.6,3.582,2.0181404902574807,0.20000000000000018,13.498098859315588
WI,2013-02-18,7.0,232.937,77.6,3.763,2.0181404902574807,0.20000000000000018,16.718362282878395
WI,2013-02-19,7.0,232.937,77.6,3.763,2.0181404902574807,0.20000000000000018,16.718362282878395
WI,2013-02-20,7.0,232.937,77.6,3.763,2.0181404902574807,0.20000000000000018,16.718362282878395
WI,2013-02-21,7.0,232.937,77.6,3.763,2.0181404902574807,0.20000000000000018,16.718362282878395
WI,2013-02-22,7.0,232.937,77.6,3.763,2.0181404902574807,0.20000000000000018,16.718362282878395
WI,2013-02-23,7.0,232.937,77.6,3.763,2.0181404902574807,0.20000000000000018,16.718362282878395
WI,2013-02-24,7.0,232.937,77.6,3.763,2.0181404902574807,0.20000000000000018,16.718362282878395
WI,2013-02-25,7.0,232.937,77.6,3.735,2.0181404902574807,0.20000000000000018,13.560352690787457
WI,2013-02-26,7.0,232.937,77.6,3.735,2.0181404902574807,0.20000000000000018,13.560352690787457
WI,2013-02-27,7.0,232.937,77.6,3.735,2.0181404902574807,0.20000000000000018,13.560352690787457
WI,2013-02-28,7.0,232.937,77.6,3.735,2.0181404902574807,0.20000000000000018,13.560352690787457
WI,2013-03-01,7.0,232.282,78.6,3.735,1.5187472411246183,0.09999999999999964,13.560352690787457
WI,2013-03-02,7.0,232.282,78.6,3.735,1.5187472411246183,0.09999999999999964,13.560352690787457
WI,2013-03-03,7.0,232.282,78.6,3.735,1.5187472411246183,0.09999999999999964,13.560352690787457
WI,2013-03-04,7.0,232.282,78.6,3.709,1.5187472411246183,0.09999999999999964,5.579276971249647
WI,2013-03-05,7.0,232.282,78.6,3.709,1.5187472411246183,0.09999999999999964,5.579276971249647
WI,2013-03-06,7.0,232.282,78.6,3.709,1.5187472411246183,0.09999999999999964,5.579276971249647
WI,2013-03-07,7.0,232.282,78.6,3.709,1.5187472411246183,0.09999999999999964,5.579276971249647
WI,2013-03-08,7.0,232.282,78.6,3.709,1.5187472411246183,0.09999999999999964,5.579276971249647
WI,2013-03-09,7.0,232.282,78.6,3.709,1.5187472411246183,0.09999999999999964,5.579276971249647
WI,2013-03-10,7.0,232.282,78.6,3.709,1.5187472411246183,0.09999999999999964,5.579276971249647
WI,2013-03-11,7.0,232.282,78.6,3.618,1.5187472411246183,0.09999999999999964,1.005025125628145
WI,2013-03-12,7.0,232.282,78.6,3.618,1.5187472411246183,0.09999999999999964,1.005025125628145
WI,2013-03-13,7.0,232.282,78.6,3.618,1.5187472411246183,0.09999999999999964,1.005025125628145
WI,2013-03-14,7.0,232.282,78.6,3.618,1.5187472411246183,0.09999999999999964,1.005025125628145
WI,2013-03-15,7.0,232.282,78.6,3.618,1.5187472411246183,0.09999999999999964,1.005025125628145
WI,2013-03-16,7.0,232.282,78.6,3.618,1.5187472411246183,0.09999999999999964,1.005025125628145
WI,2013-03-17,7.0,232.282,78.6,3.618,1.5187472411246183,0.09999999999999964,1.005025125628145
WI,2013-03-18,7.0,232.282,78.6,3.645,1.5187472411246183,0.09999999999999964,-3.135795907520589
WI,2013-03-19,7.0,232.282,78.6,3.645,1.5187472411246183,0.09999999999999964,-3.135795907520589
WI,2013-03-20,7.0,232.282,78.6,3.645,1.5187472411246183,0.09999999999999964,-3.135795907520589
WI,2013-03-21,7.0,232.282,78.6,3.645,1.5187472411246183,0.09999999999999964,-3.135795907520589
WI,2013-03-22,7.0,232.282,78.6,3.645,1.5187472411246183,0.09999999999999964,-3.135795907520589
WI,2013-03-23,7.0,232.282,78.6,3.645,1.5187472411246183,0.09999999999999964,-3.135795907520589
WI,2013-03-24,7.0,232.282,78.6,3.645,1.5187472411246183,0.09999999999999964,-3.135795907520589
WI,2013-03-25,7.0,232.282,78.6,3.657,1.5187472411246183,0.09999999999999964,-2.088353413654609
WI,2013-03-26,7.0,232.282,78.6,3.657,1.5187472411246183,0.09999999999999964,-2.088353413654609
WI,2013-03-27,7.0,232.282,78.6,3.657,1.5187472411246183,0.09999999999999964,-2.088353413654609
WI,2013-03-28,7.0,232.282,78.6,3.657,1.5187472411246183,0.09999999999999964,-2.088353413654609
WI,2013-03-29,7.0,232.282,78.6,3.657,1.5187472411246183,0.09999999999999964,-2.088353413654609
WI,2013-03-30,7.0,232.282,78.6,3.657,1.5187472411246183,0.09999999999999964,-2.088353413654609
WI,2013-03-31,7.0,232.282,78.6,3.657,1.5187472411246183,0.09999999999999964,-2.088353413654609
WI,2013-04-01,6.9,231.797,76.4,3.597,1.138808047576867,0.0,-3.0196818549474314
WI,2013-04-02,6.9,231.797,76.4,3.597,1.138808047576867,0.0,-3.0196818549474314
WI,2013-04-03,6.9,231.797,76.4,3.597,1.138808047576867,0.0,-3.0196818549474314
WI,2013-04-04,6.9,231.797,76.4,3.597,1.138808047576867,0.0,-3.0196818549474314
WI,2013-04-05,6.9,231.797,76.4,3.597,1.138808047576867,0.0,-3.0196818549474314
WI,2013-04-06,6.9,231.797,76.4,3.597,1.138808047576867,0.0,-3.0196818549474314
WI,2013-04-07,6.9,231.797,76.4,3.597,1.138808047576867,0.0,-3.0196818549474314
WI,2013-04-08,6.9,231.797,76.4,3.553,1.138808047576867,0.0,-1.7965726920950775
WI,2013-04-09,6.9,231.797,76.4,3.553,1.138808047576867,0.0,-1.7965726920950775
WI,2013-04-10,6.9,231.797,76.4,3.553,1.138808047576867,0.0,-1.7965726920950775
WI,2013-04-11,6.9,231.797,76.4,3.553,1.138808047576867,0.0,-1.7965726920950775
WI,2013-04-12,6.9,231.797,76.4,3.553,1.138808047576867,0.0,-1.7965726920950775
WI,2013-04-13,6.9,231.797,76.4,3.553,1.138808047576867,0.0,-1.7965726920950775
WI,2013-04-14,6.9,231.797,76.4,3.553,1.138808047576867,0.0,-1.7965726920950775
WI,2013-04-15,6.9,231.797,76.4,3.456,1.138808047576867,0.0,-5.185185185185182
WI,2013-04-16,6.9,231.797,76.4,3.456,1.138808047576867,0.0,-5.185185185185182
WI,2013-04-17,6.9,231.797,76.4,3.456,1.138808047576867,0.0,-5.185185185185182
WI,2013-04-18,6.9,231.797,76.4,3.456,1.138808047576867,0.0,-5.185185185185182
WI,2013-04-19,6.9,231.797,76.4,3.456,1.138808047576867,0.0,-5.185185185185182
WI,2013-04-20,6.9,231.797,76.4,3.456,1.138808047576867,0.0,-5.185185185185182
WI,2013-04-21,6.9,231.797,76.4,3.456,1.138808047576867,0.0,-5.185185185185182
WI,2013-04-22,6.9,231.797,76.4,3.546,1.138808047576867,0.0,-3.035274815422484
WI,2013-04-23,6.9,231.797,76.4,3.546,1.138808047576867,0.0,-3.035274815422484
WI,2013-04-24,6.9,231.797,76.4,3.546,1.138808047576867,0.0,-3.035274815422484
WI,2013-04-25,6.9,231.797,76.4,3.546,1.138808047576867,0.0,-3.035274815422484
WI,2013-04-26,6.9,231.797,76.4,3.546,1.138808047576867,0.0,-3.035274815422484
WI,2013-04-27,6.9,231.797,76.4,3.546,1.138808047576867,0.0,-3.035274815422484
WI,2013-04-28,6.9,231.797,76.4,3.546,1.138808047576867,0.0,-3.035274815422484
WI,2013-04-29,6.9,231.797,76.4,3.554,1.138808047576867,0.0,-1.1954406449819377
WI,2013-04-30,6.9,231.797,76.4,3.554,1.138808047576867,0.0,-1.1954406449819377
WI,2013-05-01,6.8,231.893,84.5,3.554,1.3903888279197085,-0.10000000000000053,-1.1954406449819377
WI,2013-05-02,6.8,231.893,84.5,3.554,1.3903888279197085,-0.20000000000000018,-1.1954406449819377
WI,2013-05-03,6.8,231.893,84.5,3.554,1.3903888279197085,-0.20000000000000018,-1.1954406449819377
WI,2013-05-04,6.8,231.893,84.5,3.554,1.3903888279197085,-0.20000000000000018,-1.1954406449819377
WI,2013-05-05,6.8,231.893,84.5,3.554,1.3903888279197085,-0.20000000000000018,-1.1954406449819377
WI,2013-05-06,6.8,231.893,84.5,3.608,1.3903888279197085,-0.20000000000000018,1.5479876160990669
WI,2013-05-07,6.8,231.893,84.5,3.608,1.3903888279197085,-0.20000000000000018,1.5479876160990669
WI,2013-05-08,6.8,231.893,84.5,3.608,1.3903888279197085,-0.20000000000000018,1.5479876160990669
WI,2013-05-09,6.8,231.893,84.5,3.608,1.3903888279197085,-0.20000000000000018,1.5479876160990669
WI,2013-05-10,6.8,231.893,84.5,3.608,1.3903888279197085,-0.20000000000000018,1.5479876160990669
WI,2013-05-11,6.8,231.893,84.5,3.608,1.3903888279197085,-0.20000000000000018,1.5479876160990669
WI,2013-05-12,6.8,231.893,84.5,3.608,1.3903888279197085,-0.20000000000000018,1.5479876160990669
WI,2013-05-13,6.8,231.893,84.5,3.678,1.3903888279197085,-0.20000000000000018,6.423611111111116
WI,2013-05-14,6.8,231.893,84.5,3.678,1.3903888279197085,-0.20000000000000018,6.423611111111116
WI,2013-05-15,6.8,231.893,84.5,3.678,1.3903888279197085,-0.20000000000000018,6.423611111111116
WI,2013-05-16,6.8,231.893,84.5,3.678,1.3903888279197085,-0.20000000000000018,6.423611111111116
WI,2013-05-17,6.8,231.893,84.5,3.678,1.3903888279197085,-0.20000000000000018,6.423611111111116
WI,2013-05-18,6.8,231.893,84.5,3.678,1.3903888279197085,-0.20000000000000018,6.423611111111116
WI,2013-05-19,6.8,231.893,84.5,3.678,1.3903888279197085,-0.20000000000000018,6.423611111111116
WI,2013-05-20,6.8,231.893,84.5,3.866,1.3903888279197085,-0.20000000000000018,9.02425267907503
WI,2013-05-21,6.8,231.893,84.5,3.866,1.3903888279197085,-0.20000000000000018,9.02425267907503
WI,2013-05-22,6.8,231.893,84.5,3.866,1.3903888279197085,-0.20000000000000018,9.02425267907503
WI,2013-05-23,6.8,231.893,84.5,3.866,1.3903888279197085,-0.20000000000000018,9.02425267907503
WI,2013-05-24,6.8,231.893,84.5,3.866,1.3903888279197085,-0.20000000000000018,9.02425267907503
WI,2013-05-25,6.8,231.893,84.5,3.866,1.3903888279197085,-0.20000000000000018,9.02425267907503
WI,2013-05-26,6.8,231.893,84.5,3.866,1.3903888279197085,-0.20000000000000018,9.02425267907503
WI,2013-05-27,6.8,231.893,84.5,3.779,1.3903888279197085,-0.20000000000000018,6.330894766460338
WI,2013-05-28,6.8,231.893,84.5,3.779,1.3903888279197085,-0.20000000000000018,6.330894766460338
WI,2013-05-29,6.8,231.893,84.5,3.779,1.3903888279197085,-0.20000000000000018,6.330894766460338
WI,2013-05-30,6.8,231.893,84.5,3.779,1.3903888279197085,-0.20000000000000018,6.330894766460338
WI,2013-05-31,6.8,231.893,84.5,3.779,1.3903888279197085,-0.20000000000000018,6.330894766460338
WI,2013-06-01,6.7,232.445,84.1,3.779,1.7157935271568725,-0.2999999999999998,6.330894766460338
WI,2013-06-02,6.7,232.445,84.1,3.779,1.7157935271568725,-0.2999999999999998,6.330894766460338
WI,2013-06-03,6.7,232.445,84.1,3.838,1.7157935271568725,-0.2999999999999998,6.37472283813747
WI,2013-06-04,6.7,232.445,84.1,3.838,1.7157935271568725,-0.2999999999999998,6.37472283813747
WI,2013-06-05,6.7,232.445,84.1,3.838,1.7157935271568725,-0.2999999999999998,6.37472283813747
WI,2013-06-06,6.7,232.445,84.1,3.838,1.7157935271568725,-0.2999999999999998,6.37472283813747
WI,2013-06-07,6.7,232.445,84.1,3.838,1.7157935271568725,-0.2999999999999998,6.37472283813747
WI,2013-06-08,6.7,232.445,84.1,3.838,1.7157935271568725,-0.2999999999999998,6.37472283813747
WI,2013-06-09,6.7,232.445,84.1,3.838,1.7157935271568725,-0.2999999999999998,6.37472283813747
WI,2013-06-10,6.7,232.445,84.1,3.868,1.7157935271568725,-0.2999999999999998,5.165851005981503
WI,2013-06-11,6.7,232.445,84.1,3.868,1.7157935271568725,-0.2999999999999998,5.165851005981503
WI,2013-06-12,6.7,232.445,84.1,3.868,1.7157935271568725,-0.2999999999999998,5.165851005981503
WI,2013-06-13,6.7,232.445,84.1,3.868,1.7157935271568725,-0.2999999999999998,5.165851005981503
WI,2013-06-14,6.7,232.445,84.1,3.868,1.7157935271568725,-0.2999999999999998,5.165851005981503
WI,2013-06-15,6.7,232.445,84.1,3.868,1.7157935271568725,-0.2999999999999998,5.165851005981503
WI,2013-06-16,6.7,232.445,84.1,3.868,1.7157935271568725,-0.2999999999999998,5.165851005981503
WI,2013-06-17,6.7,232.445,84.1,3.738,1.7157935271568725,-0.2999999999999998,-3.3109156751163993
WI,2013-06-18,6.7,232.445,84.1,3.738,1.7157935271568725,-0.2999999999999998,-3.3109156751163993
WI,2013-06-19,6.7,232.445,84.1,3.738,1.7157935271568725,-0.2999999999999998,-3.3109156751163993
WI,2013-06-20,6.7,232.445,84.1,3.738,1.7157935271568725,-0.2999999999999998,-3.3109156751163993
WI,2013-06-21,6.7,232.445,84.1,3.738,1.7157935271568725,-0.2999999999999998,-3.3109156751163993
WI,2013-06-22,6.7,232.445,84.1,3.738,1.7157935271568725,-0.2999999999999998,-3.3109156751163993
WI,2013-06-23,6.7,232.445,84.1,3.738,1.7157935271568725,-0.2999999999999998,-3.3109156751163993
WI,2013-06-24,6.7,232.445,84.1,3.546,1.7157935271568725,-0.2999999999999998,-6.16565228896534
WI,2013-06-25,6.7,232.445,84.1,3.546,1.7157935271568725,-0.2999999999999998,-6.16565228896534
WI,2013-06-26,6.7,232.445,84.1,3.546,1.7157935271568725,-0.2999999999999998,-6.16565228896534
WI,2013-06-27,6.7,232.445,84.1,3.546,1.7157935271568725,-0.2999999999999998,-6.16565228896534
WI,2013-06-28,6.7,232.445,84.1,3.546,1.7157935271568725,-0.2999999999999998,-6.16565228896534
WI,2013-06-29,6.7,232.445,84.1,3.546,1.7157935271568725,-0.2999999999999998,-6.16565228896534
WI,2013-06-30,6.7,232.445,84.1,3.546,1.7157935271568725,-0.20000000000000018,-6.16565228896534
WI,2013-07-01,6.7,232.9,85.1,3.394,1.885471805415806,-0.20000000000000018,-11.568525273579988
WI,2013-07-02,6.7,232.9,85.1,3.394,1.885471805415806,-0.20000000000000018,-11.568525273579988
WI,2013-07-03,6.7,232.9,85.1,3.394,1.885471805415806,-0.20000000000000018,-11.568525273579988
WI,2013-07-04,6.7,232.9,85.1,3.394,1.885471805415806,-0.20000000000000018,-11.568525273579988
WI,2013-07-05,6.7,232.9,85.1,3.394,1.885471805415806,-0.20000000000000018,-11.568525273579988
WI,2013-07-06,6.7,232.9,85.1,3.394,1.885471805415806,-0.20000000000000018,-11.568525273579988
WI,2013-07-07,6.7,232.9,85.1,3.394,1.885471805415806,-0.20000000000000018,-11.568525273579988
WI,2013-07-08,6.7,232.9,85.1,3.409,1.885471805415806,-0.20000000000000018,-11.866597724922446
WI,2013-07-09,6.7,232.9,85.1,3.409,1.885471805415806,-0.20000000000000018,-11.866597724922446
WI,2013-07-10,6.7,232.9,85.1,3.409,1.885471805415806,-0.20000000000000018,-11.866597724922446
WI,2013-07-11,6.7,232.9,85.1,3.409,1.885471805415806,-0.20000000000000018,-11.866597724922446
WI,2013-07-12,6.7,232.9,85.1,3.409,1.885471805415806,-0.20000000000000018,-11.866597724922446
WI,2013-07-13,6.7,232.9,85.1,3.409,1.885471805415806,-0.20000000000000018,-11.866597724922446
WI,2013-07-14,6.7,232.9,85.1,3.409,1.885471805415806,-0.20000000000000018,-11.866597724922446
WI,2013-07-15,6.7,232.9,85.1,3.639,1.885471805415806,-0.20000000000000018,-2.648475120385241
WI,2013-07-16,6.7,232.9,85.1,3.639,1.885471805415806,-0.20000000000000018,-2.648475120385241
WI,2013-07-17,6.7,232.9,85.1,3.639,1.885471805415806,-0.20000000000000018,-2.648475120385241
WI,2013-07-18,6.7,232.9,85.1,3.639,1.885471805415806,-0.20000000000000018,-2.648475120385241
WI,2013-07-19,6.7,232.9,85.1,3.639,1.885471805415806,-0.20000000000000018,-2.648475120385241
WI,2013-07-20,6.7,232.9,85.1,3.639,1.885471805415806,-0.20000000000000018,-2.648475120385241
WI,2013-07-21,6.7,232.9,85.1,3.639,1.885471805415806,-0.20000000000000018,-2.648475120385241
WI,2013-07-22,6.7,232.9,85.1,3.66,1.885471805415806,-0.20000000000000018,3.2148900169204797
WI,2013-07-23,6.7,232.9,85.1,3.66,1.885471805415806,-0.20000000000000018,3.2148900169204797
WI,2013-07-24,6.7,232.9,85.1,3.66,1.885471805415806,-0.20000000000000018,3.2148900169204797
WI,2013-07-25,6.7,232.9,85.1,3.66,1.885471805415806,-0.20000000000000018,3.2148900169204797
WI,2013-07-26,6.7,232.9,85.1,3.66,1.885471805415806,-0.20000000000000018,3.2148900169204797
WI,2013-07-27,6.7,232.9,85.1,3.66,1.885471805415806,-0.20000000000000018,3.2148900169204797
WI,2013-07-28,6.7,232.9,85.1,3.66,1.885471805415806,-0.20000000000000018,3.2148900169204797
WI,2013-07-29,6.7,232.9,85.1,3.575,1.885471805415806,-0.20000000000000018,5.33294048320565
WI,2013-07-30,6.7,232.9,85.1,3.575,1.885471805415806,-0.09999999999999964,5.33294048320565
WI,2013-07-31,6.7,232.9,85.1,3.575,1.885471805415806,-0.09999999999999964,5.33294048320565
WI,2013-08-01,6.6,233.456,82.1,3.575,1.538809488600279,-0.20000000000000018,5.33294048320565
WI,2013-08-02,6.6,233.456,82.1,3.575,1.538809488600279,-0.20000000000000018,5.33294048320565
WI,2013-08-03,6.6,233.456,82.1,3.575,1.538809488600279,-0.20000000000000018,5.33294048320565
WI,2013-08-04,6.6,233.456,82.1,3.575,1.538809488600279,-0.20000000000000018,5.33294048320565
WI,2013-08-05,6.6,233.456,82.1,3.589,1.538809488600279,-0.20000000000000018,5.280140803754763
WI,2013-08-06,6.6,233.456,82.1,3.589,1.538809488600279,-0.20000000000000018,5.280140803754763
WI,2013-08-07,6.6,233.456,82.1,3.589,1.538809488600279,-0.20000000000000018,5.280140803754763
WI,2013-08-08,6.6,233.456,82.1,3.589,1.538809488600279,-0.20000000000000018,5.280140803754763
WI,2013-08-09,6.6,233.456,82.1,3.589,1.538809488600279,-0.20000000000000018,5.280140803754763
WI,2013-08-10,6.6,233.456,82.1,3.589,1.538809488600279,-0.20000000000000018,5.280140803754763
WI,2013-08-11,6.6,233.456,82.1,3.589,1.538809488600279,-0.20000000000000018,5.280140803754763
WI,2013-08-12,6.6,233.456,82.1,3.478,1.538809488600279,-0.20000000000000018,-4.42429238801868
WI,2013-08-13,6.6,233.456,82.1,3.478,1.538809488600279,-0.20000000000000018,-4.42429238801868
WI,2013-08-14,6.6,233.456,82.1,3.478,1.538809488600279,-0.20000000000000018,-4.42429238801868
WI,2013-08-15,6.6,233.456,82.1,3.478,1.538809488600279,-0.20000000000000018,-4.42429238801868
WI,2013-08-16,6.6,233.456,82.1,3.478,1.538809488600279,-0.20000000000000018,-4.42429238801868
WI,2013-08-17,6.6,233.456,82.1,3.478,1.538809488600279,-0.20000000000000018,-4.42429238801868
WI,2013-08-18,6.6,233.456,82.1,3.478,1.538809488600279,-0.20000000000000018,-4.42429238801868
WI,2013-08-19,6.6,233.456,82.1,3.501,1.538809488600279,-0.20000000000000018,-4.344262295081968
WI,2013-08-20,6.6,233.456,82.1,3.501,1.538809488600279,-0.20000000000000018,-4.344262295081968
WI,2013-08-21,6.6,233.456,82.1,3.501,1.538809488600279,-0.20000000000000018,-4.344262295081968
WI,2013-08-22,6.6,233.456,82.1,3.501,1.538809488600279,-0.20000000000000018,-4.344262295081968
WI,2013-08-23,6.6,233.456,82.1,3.501,1.538809488600279,-0.20000000000000018,-4.344262295081968
WI,2013-08-24,6.6,233.456,82.1,3.501,1.538809488600279,-0.20000000000000018,-4.344262295081968
WI,2013-08-25,6.6,233.456,82.1,3.501,1.538809488600279,-0.20000000000000018,-4.344262295081968
WI,2013-08-26,6.6,233.456,82.1,3.524,1.538809488600279,-0.20000000000000018,-1.4265734265734298
WI,2013-08-27,6.6,233.456,82.1,3.524,1.538809488600279,-0.20000000000000018,-1.4265734265734298
WI,2013-08-28,6.6,233.456,82.1,3.524,1.538809488600279,-0.20000000000000018,-1.4265734265734298
WI,2013-08-29,6.6,233.456,82.1,3.524,1.538809488600279,-0.20000000000000018,-1.4265734265734298
WI,2013-08-30,6.6,233.456,82.1,3.524,1.538809488600279,-0.10000000000000053,-1.4265734265734298
WI,2013-08-31,6.6,233.456,82.1,3.524,1.538809488600279,-0.10000000000000053,-1.4265734265734298
WI,2013-09-01,6.5,233.544,77.5,3.524,1.0947341081747997,-0.20000000000000018,-1.4265734265734298
WI,2013-09-02,6.5,233.544,77.5,3.633,1.0947341081747997,-0.20000000000000018,1.2259682362775193
WI,2013-09-03,6.5,233.544,77.5,3.633,1.0947341081747997,-0.20000000000000018,1.2259682362775193
WI,2013-09-04,6.5,233.544,77.5,3.633,1.0947341081747997,-0.20000000000000018,1.2259682362775193
WI,2013-09-05,6.5,233.544,77.5,3.633,1.0947341081747997,-0.20000000000000018,1.2259682362775193
WI,2013-09-06,6.5,233.544,77.5,3.633,1.0947341081747997,-0.20000000000000018,1.2259682362775193
WI,2013-09-07,6.5,233.544,77.5,3.633,1.0947341081747997,-0.20000000000000018,1.2259682362775193
WI,2013-09-08,6.5,233.544,77.5,3.633,1.0947341081747997,-0.20000000000000018,1.2259682362775193
WI,2013-09-09,6.5,233.544,77.5,3.574,1.0947341081747997,-0.20000000000000018,2.7602070155261504
WI,2013-09-10,6.5,233.544,77.5,3.574,1.0947341081747997,-0.20000000000000018,2.7602070155261504
WI,2013-09-11,6.5,233.544,77.5,3.574,1.0947341081747997,-0.20000000000000018,2.7602070155261504
WI,2013-09-12,6.5,233.544,77.5,3.574,1.0947341081747997,-0.20000000000000018,2.7602070155261504
WI,2013-09-13,6.5,233.544,77.5,3.574,1.0947341081747997,-0.20000000000000018,2.7602070155261504
WI,2013-09-14,6.5,233.544,77.5,3.574,1.0947341081747997,-0.20000000000000018,2.7602070155261504
WI,2013-09-15,6.5,233.544,77.5,3.574,1.0947341081747997,-0.20000000000000018,2.7602070155261504
WI,2013-09-16,6.5,233.544,77.5,3.489,1.0947341081747997,-0.20000000000000018,-0.3427592116538092
WI,2013-09-17,6.5,233.544,77.5,3.489,1.0947341081747997,-0.20000000000000018,-0.3427592116538092
WI,2013-09-18,6.5,233.544,77.5,3.489,1.0947341081747997,-0.20000000000000018,-0.3427592116538092
WI,2013-09-19,6.5,233.544,77.5,3.489,1.0947341081747997,-0.20000000000000018,-0.3427592116538092
WI,2013-09-20,6.5,233.544,77.5,3.489,1.0947341081747997,-0.20000000000000018,-0.3427592116538092
WI,2013-09-21,6.5,233.544,77.5,3.489,1.0947341081747997,-0.20000000000000018,-0.3427592116538092
WI,2013-09-22,6.5,233.544,77.5,3.489,1.0947341081747997,-0.20000000000000018,-0.3427592116538092
WI,2013-09-23,6.5,233.544,77.5,3.456,1.0947341081747997,-0.20000000000000018,-1.9296254256526701
WI,2013-09-24,6.5,233.544,77.5,3.456,1.0947341081747997,-0.20000000000000018,-1.9296254256526701
WI,2013-09-25,6.5,233.544,77.5,3.456,1.0947341081747997,-0.20000000000000018,-1.9296254256526701
WI,2013-09-26,6.5,233.544,77.5,3.456,1.0947341081747997,-0.20000000000000018,-1.9296254256526701
WI,2013-09-27,6.5,233.544,77.5,3.456,1.0947341081747997,-0.20000000000000018,-1.9296254256526701
WI,2013-09-28,6.5,233.544,77.5,3.456,1.0947341081747997,-0.20000000000000018,-1.9296254256526701
WI,2013-09-29,6.5,233.544,77.5,3.456,1.0947341081747997,-0.20000000000000018,-1.9296254256526701
WI,2013-09-30,6.5,233.544,77.5,3.348,1.0947341081747997,-0.20000000000000018,-7.844756399669695
WI,2013-10-01,6.4,233.669,73.2,3.348,0.8767991434911471,-0.2999999999999998,-7.844756399669695
WI,2013-10-02,6.4,233.669,73.2,3.348,0.8767991434911471,-0.2999999999999998,-7.844756399669695
WI,2013-10-03,6.4,233.669,73.2,3.348,0.8767991434911471,-0.2999999999999998,-7.844756399669695
WI,2013-10-04,6.4,233.669,73.2,3.348,0.8767991434911471,-0.2999999999999998,-7.844756399669695
WI,2013-10-05,6.4,233.669,73.2,3.348,0.8767991434911471,-0.2999999999999998,-7.844756399669695
WI,2013-10-06,6.4,233.669,73.2,3.348,0.8767991434911471,-0.2999999999999998,-7.844756399669695
WI,2013-10-07,6.4,233.669,73.2,3.275,0.8767991434911471,-0.2999999999999998,-8.365976496922212
WI,2013-10-08,6.4,233.669,73.2,3.275,0.8767991434911471,-0.2999999999999998,-8.365976496922212
WI,2013-10-09,6.4,233.669,73.2,3.275,0.8767991434911471,-0.2999999999999998,-8.365976496922212
WI,2013-10-10,6.4,233.669,73.2,3.275,0.8767991434911471,-0.2999999999999998,-8.365976496922212
WI,2013-10-11,6.4,233.669,73.2,3.275,0.8767991434911471,-0.2999999999999998,-8.365976496922212
WI,2013-10-12,6.4,233.669,73.2,3.275,0.8767991434911471,-0.2999999999999998,-8.365976496922212
WI,2013-10-13,6.4,233.669,73.2,3.275,0.8767991434911471,-0.2999999999999998,-8.365976496922212
WI,2013-10-14,6.4,233.669,73.2,3.295,0.8767991434911471,-0.2999999999999998,-5.560332473488105
WI,2013-10-15,6.4,233.669,73.2,3.295,0.8767991434911471,-0.2999999999999998,-5.560332473488105
WI,2013-10-16,6.4,233.669,73.2,3.295,0.8767991434911471,-0.2999999999999998,-5.560332473488105
WI,2013-10-17,6.4,233.669,73.2,3.295,0.8767991434911471,-0.2999999999999998,-5.560332473488105
WI,2013-10-18,6.4,233.669,73.2,3.295,0.8767991434911471,-0.2999999999999998,-5.560332473488105
WI,2013-10-19,6.4,233.669,73.2,3.295,0.8767991434911471,-0.2999999999999998,-5.560332473488105
WI,2013-10-20,6.4,233.669,73.2,3.295,0.8767991434911471,-0.2999999999999998,-5.560332473488105
WI,2013-10-21,6.4,233.669,73.2,3.314,0.8767991434911471,-0.2999999999999998,-4.1087962962962905
WI,2013-10-22,6.4,233.669,73.2,3.314,0.8767991434911471,-0.2999999999999998,-4.1087962962962905
WI,2013-10-23,6.4,233.669,73.2,3.314,0.8767991434911471,-0.2999999999999998,-4.1087962962962905
WI,2013-10-24,6.4,233.669,73.2,3.314,0.8767991434911471,-0.2999999999999998,-4.1087962962962905
WI,2013-10-25,6.4,233.669,73.2,3.314,0.8767991434911471,-0.2999999999999998,-4.1087962962962905
WI,2013-10-26,6.4,233.669,73.2,3.314,0.8767991434911471,-0.2999999999999998,-4.1087962962962905
WI,2013-10-27,6.4,233.669,73.2,3.314,0.8767991434911471,-0.2999999999999998,-4.1087962962962905
WI,2013-10-28,6.4,233.669,73.2,3.198,0.8767991434911471,-0.2999999999999998,-4.480286738351246
WI,2013-10-29,6.4,233.669,73.2,3.198,0.8767991434911471,-0.2999999999999998,-4.480286738351246
WI,2013-10-30,6.4,233.669,73.2,3.198,0.8767991434911471,-0.1999999999999993,-4.480286738351246
WI,2013-10-31,6.4,233.669,73.2,3.198,0.8767991434911471,-0.1999999999999993,-4.480286738351246
WI,2013-11-01,6.3,234.1,75.1,3.198,1.2328701961954458,-0.2999999999999998,-4.480286738351246
WI,2013-11-02,6.3,234.1,75.1,3.198,1.2328701961954458,-0.2999999999999998,-4.480286738351246
WI,2013-11-03,6.3,234.1,75.1,3.198,1.2328701961954458,-0.2999999999999998,-4.480286738351246
WI,2013-11-04,6.3,234.1,75.1,3.188,1.2328701961954458,-0.2999999999999998,-2.6564885496183077
WI,2013-11-05,6.3,234.1,75.1,3.188,1.2328701961954458,-0.2999999999999998,-2.6564885496183077
WI,2013-11-06,6.3,234.1,75.1,3.188,1.2328701961954458,-0.2999999999999998,-2.6564885496183077
WI,2013-11-07,6.3,234.1,75.1,3.188,1.2328701961954458,-0.2999999999999998,-2.6564885496183077
WI,2013-11-08,6.3,234.1,75.1,3.188,1.2328701961954458,-0.2999999999999998,-2.6564885496183077
WI,2013-11-09,6.3,234.1,75.1,3.188,1.2328701961954458,-0.2999999999999998,-2.6564885496183077
WI,2013-11-10,6.3,234.1,75.1,3.188,1.2328701961954458,-0.2999999999999998,-2.6564885496183077
WI,2013-11-11,6.3,234.1,75.1,3.074,1.2328701961954458,-0.2999999999999998,-6.707132018209416
WI,2013-11-12,6.3,234.1,75.1,3.074,1.2328701961954458,-0.2999999999999998,-6.707132018209416
WI,2013-11-13,6.3,234.1,75.1,3.074,1.2328701961954458,-0.2999999999999998,-6.707132018209416
WI,2013-11-14,6.3,234.1,75.1,3.074,1.2328701961954458,-0.2999999999999998,-6.707132018209416
WI,2013-11-15,6.3,234.1,75.1,3.074,1.2328701961954458,-0.2999999999999998,-6.707132018209416
WI,2013-11-16,6.3,234.1,75.1,3.074,1.2328701961954458,-0.2999999999999998,-6.707132018209416
WI,2013-11-17,6.3,234.1,75.1,3.074,1.2328701961954458,-0.2999999999999998,-6.707132018209416
WI,2013-11-18,6.3,234.1,75.1,3.126,1.2328701961954458,-0.2999999999999998,-5.672902836451421
WI,2013-11-19,6.3,234.1,75.1,3.126,1.2328701961954458,-0.2999999999999998,-5.672902836451421
WI,2013-11-20,6.3,234.1,75.1,3.126,1.2328701961954458,-0.2999999999999998,-5.672902836451421
WI,2013-11-21,6.3,234.1,75.1,3.126,1.2328701961954458,-0.2999999999999998,-5.672902836451421
WI,2013-11-22,6.3,234.1,75.1,3.126,1.2328701961954458,-0.2999999999999998,-5.672902836451421
WI,2013-11-23,6.3,234.1,75.1,3.126,1.2328701961954458,-0.2999999999999998,-5.672902836451421
WI,2013-11-24,6.3,234.1,75.1,3.126,1.2328701961954458,-0.2999999999999998,-5.672902836451421
WI,2013-11-25,6.3,234.1,75.1,3.191,1.2328701961954458,-0.2999999999999998,-0.21888680425266038
WI,2013-11-26,6.3,234.1,75.1,3.191,1.2328701961954458,-0.2999999999999998,-0.21888680425266038
WI,2013-11-27,6.3,234.1,75.1,3.191,1.2328701961954458,-0.2999999999999998,-0.21888680425266038
WI,2013-11-28,6.3,234.1,75.1,3.191,1.2328701961954458,-0.2999999999999998,-0.21888680425266038
WI,2013-11-29,6.3,234.1,75.1,3.191,1.2328701961954458,-0.2999999999999998,-0.21888680425266038
WI,2013-11-30,6.3,234.1,75.1,3.191,1.2328701961954458,-0.20000000000000018,-0.21888680425266038
WI,2013-12-01,6.2,234.719,82.5,3.191,1.5128383667573297,-0.2999999999999998,-0.21888680425266038
WI,2013-12-02,6.2,234.719,82.5,3.121,1.5128383667573297,-0.2999999999999998,-2.1016311166875856
WI,2013-12-03,6.2,234.719,82.5,3.121,1.5128383667573297,-0.2999999999999998,-2.1016311166875856
WI,2013-12-04,6.2,234.719,82.5,3.121,1.5128383667573297,-0.2999999999999998,-2.1016311166875856
WI,2013-12-05,6.2,234.719,82.5,3.121,1.5128383667573297,-0.2999999999999998,-2.1016311166875856
WI,2013-12-06,6.2,234.719,82.5,3.121,1.5128383667573297,-0.2999999999999998,-2.1016311166875856
WI,2013-12-07,6.2,234.719,82.5,3.121,1.5128383667573297,-0.2999999999999998,-2.1016311166875856
WI,2013-12-08,6.2,234.719,82.5,3.121,1.5128383667573297,-0.2999999999999998,-2.1016311166875856
WI,2013-12-09,6.2,234.719,82.5,3.132,1.5128383667573297,-0.2999999999999998,1.8867924528301883
WI,2013-12-10,6.2,234.719,82.5,3.132,1.5128383667573297,-0.2999999999999998,1.8867924528301883
WI,2013-12-11,6.2,234.719,82.5,3.132,1.5128383667573297,-0.2999999999999998,1.8867924528301883
WI,2013-12-12,6.2,234.719,82.5,3.132,1.5128383667573297,-0.2999999999999998,1.8867924528301883
WI,2013-12-13,6.2,234.719,82.5,3.132,1.5128383667573297,-0.2999999999999998,1.8867924528301883
WI,2013-12-14,6.2,234.719,82.5,3.132,1.5128383667573297,-0.2999999999999998,1.8867924528301883
WI,2013-12-15,6.2,234.719,82.5,3.132,1.5128383667573297,-0.2999999999999998,1.8867924528301883
WI,2013-12-16,6.2,234.719,82.5,3.079,1.5128383667573297,-0.2999999999999998,-1.503518873960319
WI,2013-12-17,6.2,234.719,82.5,3.079,1.5128383667573297,-0.2999999999999998,-1.503518873960319
WI,2013-12-18,6.2,234.719,82.5,3.079,1.5128383667573297,-0.2999999999999998,-1.503518873960319
WI,2013-12-19,6.2,234.719,82.5,3.079,1.5128383667573297,-0.2999999999999998,-1.503518873960319
WI,2013-12-20,6.2,234.719,82.5,3.079,1.5128383667573297,-0.2999999999999998,-1.503518873960319
WI,2013-12-21,6.2,234.719,82.5,3.079,1.5128383667573297,-0.2999999999999998,-1.503518873960319
WI,2013-12-22,6.2,234.719,82.5,3.079,1.5128383667573297,-0.2999999999999998,-1.503518873960319
WI,2013-12-23,6.2,234.719,82.5,3.16,1.5128383667573297,-0.2999999999999998,-0.9714822939517309
WI,2013-12-24,6.2,234.719,82.5,3.16,1.5128383667573297,-0.2999999999999998,-0.9714822939517309
WI,2013-12-25,6.2,234.719,82.5,3.16,1.5128383667573297,-0.2999999999999998,-0.9714822939517309
WI,2013-12-26,6.2,234.719,82.5,3.16,1.5128383667573297,-0.2999999999999998,-0.9714822939517309
WI,2013-12-27,6.2,234.719,82.5,3.16,1.5128383667573297,-0.2999999999999998,-0.9714822939517309
WI,2013-12-28,6.2,234.719,82.5,3.16,1.5128383667573297,-0.2999999999999998,-0.9714822939517309
WI,2013-12-29,6.2,234.719,82.5,3.16,1.5128383667573297,-0.2999999999999998,-0.9714822939517309
WI,2013-12-30,6.2,234.719,82.5,3.264,1.5128383667573297,-0.20000000000000018,4.581864786927259
WI,2013-12-31,6.2,234.719,82.5,3.264,1.5128383667573297,-0.20000000000000018,4.581864786927259
WI,2014-01-01,6.0,235.288,81.2,3.264,1.557758795574915,-0.40000000000000036,4.581864786927259
WI,2014-01-02,6.0,235.288,81.2,3.264,1.557758795574915,-0.40000000000000036,4.581864786927259
WI,2014-01-03,6.0,235.288,81.2,3.264,1.557758795574915,-0.40000000000000036,4.581864786927259
WI,2014-01-04,6.0,235.288,81.2,3.264,1.557758795574915,-0.40000000000000036,4.581864786927259
WI,2014-01-05,6.0,235.288,81.2,3.264,1.557758795574915,-0.40000000000000036,4.581864786927259
WI,2014-01-06,6.0,235.288,81.2,3.222,1.557758795574915,-0.40000000000000036,2.8735632183908066
WI,2014-01-07,6.0,235.288,81.2,3.222,1.557758795574915,-0.40000000000000036,2.8735632183908066
WI,2014-01-08,6.0,235.288,81.2,3.222,1.557758795574915,-0.40000000000000036,2.8735632183908066
WI,2014-01-09,6.0,235.288,81.2,3.222,1.557758795574915,-0.40000000000000036,2.8735632183908066
WI,2014-01-10,6.0,235.288,81.2,3.222,1.557758795574915,-0.40000000000000036,2.8735632183908066
WI,2014-01-11,6.0,235.288,81.2,3.222,1.557758795574915,-0.40000000000000036,2.8735632183908066
WI,2014-01-12,6.0,235.288,81.2,3.222,1.557758795574915,-0.40000000000000036,2.8735632183908066
WI,2014-01-13,6.0,235.288,81.2,3.253,1.557758795574915,-0.40000000000000036,5.651185449821372
WI,2014-01-14,6.0,235.288,81.2,3.253,1.557758795574915,-0.40000000000000036,5.651185449821372
WI,2014-01-15,6.0,235.288,81.2,3.253,1.557758795574915,-0.40000000000000036,5.651185449821372
WI,2014-01-16,6.0,235.288,81.2,3.253,1.557758795574915,-0.40000000000000036,5.651185449821372
WI,2014-01-17,6.0,235.288,81.2,3.253,1.557758795574915,-0.40000000000000036,5.651185449821372
WI,2014-01-18,6.0,235.288,81.2,3.253,1.557758795574915,-0.40000000000000036,5.651185449821372
WI,2014-01-19,6.0,235.288,81.2,3.253,1.557758795574915,-0.40000000000000036,5.651185449821372
WI,2014-01-20,6.0,235.288,81.2,3.2,1.557758795574915,-0.40000000000000036,1.2658227848101333
WI,2014-01-21,6.0,235.288,81.2,3.2,1.557758795574915,-0.40000000000000036,1.2658227848101333
WI,2014-01-22,6.0,235.288,81.2,3.2,1.557758795574915,-0.40000000000000036,1.2658227848101333
WI,2014-01-23,6.0,235.288,81.2,3.2,1.557758795574915,-0.40000000000000036,1.2658227848101333
WI,2014-01-24,6.0,235.288,81.2,3.2,1.557758795574915,-0.40000000000000036,1.2658227848101333
WI,2014-01-25,6.0,235.288,81.2,3.2,1.557758795574915,-0.40000000000000036,1.2658227848101333
WI,2014-01-26,6.0,235.288,81.2,3.2,1.557758795574915,-0.40000000000000036,1.2658227848101333
WI,2014-01-27,6.0,235.288,81.2,3.219,1.557758795574915,-0.40000000000000036,-1.378676470588236
WI,2014-01-28,6.0,235.288,81.2,3.219,1.557758795574915,-0.40000000000000036,-1.378676470588236
WI,2014-01-29,6.0,235.288,81.2,3.219,1.557758795574915,-0.40000000000000036,-1.378676470588236
WI,2014-01-30,6.0,235.288,81.2,3.219,1.557758795574915,-0.2999999999999998,-1.378676470588236
WI,2014-01-31,6.0,235.288,81.2,3.219,1.557758795574915,-0.2999999999999998,-1.378676470588236
WI,2014-02-01,5.9,235.547,81.6,3.219,1.1204746347724948,-0.39999999999999947,-1.378676470588236
WI,2014-02-02,5.9,235.547,81.6,3.219,1.1204746347724948,-0.39999999999999947,-1.378676470588236
WI,2014-02-03,5.9,235.547,81.6,3.233,1.1204746347724948,-0.39999999999999947,0.3414028553693438
WI,2014-02-04,5.9,235.547,81.6,3.233,1.1204746347724948,-0.39999999999999947,0.3414028553693438
WI,2014-02-05,5.9,235.547,81.6,3.233,1.1204746347724948,-0.39999999999999947,0.3414028553693438
WI,2014-02-06,5.9,235.547,81.6,3.233,1.1204746347724948,-0.39999999999999947,0.3414028553693438
WI,2014-02-07,5.9,235.547,81.6,3.233,1.1204746347724948,-0.39999999999999947,0.3414028553693438
WI,2014-02-08,5.9,235.547,81.6,3.233,1.1204746347724948,-0.39999999999999947,0.3414028553693438
WI,2014-02-09,5.9,235.547,81.6,3.233,1.1204746347724948,-0.39999999999999947,0.3414028553693438
WI,2014-02-10,5.9,235.547,81.6,3.282,1.1204746347724948,-0.39999999999999947,0.8914847832769635
WI,2014-02-11,5.9,235.547,81.6,3.282,1.1204746347724948,-0.39999999999999947,0.8914847832769635
WI,2014-02-12,5.9,235.547,81.6,3.282,1.1204746347724948,-0.39999999999999947,0.8914847832769635
WI,2014-02-13,5.9,235.547,81.6,3.282,1.1204746347724948,-0.39999999999999947,0.8914847832769635
WI,2014-02-14,5.9,235.547,81.6,3.282,1.1204746347724948,-0.39999999999999947,0.8914847832769635
WI,2014-02-15,5.9,235.547,81.6,3.282,1.1204746347724948,-0.39999999999999947,0.8914847832769635
WI,2014-02-16,5.9,235.547,81.6,3.282,1.1204746347724948,-0.39999999999999947,0.8914847832769635
WI,2014-02-17,5.9,235.547,81.6,3.357,1.1204746347724948,-0.39999999999999947,4.906250000000001
WI,2014-02-18,5.9,235.547,81.6,3.357,1.1204746347724948,-0.39999999999999947,4.906250000000001
WI,2014-02-19,5.9,235.547,81.6,3.357,1.1204746347724948,-0.39999999999999947,4.906250000000001
WI,2014-02-20,5.9,235.547,81.6,3.357,1.1204746347724948,-0.39999999999999947,4.906250000000001
WI,2014-02-21,5.9,235.547,81.6,3.357,1.1204746347724948,-0.39999999999999947,4.906250000000001
WI,2014-02-22,5.9,235.547,81.6,3.357,1.1204746347724948,-0.39999999999999947,4.906250000000001
WI,2014-02-23,5.9,235.547,81.6,3.357,1.1204746347724948,-0.39999999999999947,4.906250000000001
WI,2014-02-24,5.9,235.547,81.6,3.439,1.1204746347724948,-0.39999999999999947,6.834420627524085
WI,2014-02-25,5.9,235.547,81.6,3.439,1.1204746347724948,-0.39999999999999947,6.834420627524085
WI,2014-02-26,5.9,235.547,81.6,3.439,1.1204746347724948,-0.39999999999999947,6.834420627524085
WI,2014-02-27,5.9,235.547,81.6,3.439,1.1204746347724948,-0.39999999999999947,6.834420627524085
WI,2014-02-28,5.9,235.547,81.6,3.439,1.1204746347724948,-0.39999999999999947,6.834420627524085
WI,2014-03-01,5.7,236.028,80.0,3.439,1.6126949139408042,-0.5,6.834420627524085
WI,2014-03-02,5.7,236.028,80.0,3.439,1.6126949139408042,-0.5,6.834420627524085
WI,2014-03-03,5.7,236.028,80.0,3.496,1.6126949139408042,-0.5,8.134859263841632
WI,2014-03-04,5.7,236.028,80.0,3.496,1.6126949139408042,-0.5,8.134859263841632
WI,2014-03-05,5.7,236.028,80.0,3.496,1.6126949139408042,-0.5,8.134859263841632
WI,2014-03-06,5.7,236.028,80.0,3.496,1.6126949139408042,-0.5,8.134859263841632
WI,2014-03-07,5.7,236.028,80.0,3.496,1.6126949139408042,-0.5,8.134859263841632
WI,2014-03-08,5.7,236.028,80.0,3.496,1.6126949139408042,-0.5,8.134859263841632
WI,2014-03-09,5.7,236.028,80.0,3.496,1.6126949139408042,-0.5,8.134859263841632
WI,2014-03-10,5.7,236.028,80.0,3.538,1.6126949139408042,-0.5,7.800121876904309
WI,2014-03-11,5.7,236.028,80.0,3.538,1.6126949139408042,-0.5,7.800121876904309
WI,2014-03-12,5.7,236.028,80.0,3.538,1.6126949139408042,-0.5,7.800121876904309
WI,2014-03-13,5.7,236.028,80.0,3.538,1.6126949139408042,-0.5,7.800121876904309
WI,2014-03-14,5.7,236.028,80.0,3.538,1.6126949139408042,-0.5,7.800121876904309
WI,2014-03-15,5.7,236.028,80.0,3.538,1.6126949139408042,-0.5,7.800121876904309
WI,2014-03-16,5.7,236.028,80.0,3.538,1.6126949139408042,-0.5,7.800121876904309
WI,2014-03-17,5.7,236.028,80.0,3.574,1.6126949139408042,-0.5,6.464104855525754
WI,2014-03-18,5.7,236.028,80.0,3.574,1.6126949139408042,-0.5,6.464104855525754
WI,2014-03-19,5.7,236.028,80.0,3.574,1.6126949139408042,-0.5,6.464104855525754
WI,2014-03-20,5.7,236.028,80.0,3.574,1.6126949139408042,-0.5,6.464104855525754
WI,2014-03-21,5.7,236.028,80.0,3.574,1.6126949139408042,-0.5,6.464104855525754
WI,2014-03-22,5.7,236.028,80.0,3.574,1.6126949139408042,-0.5,6.464104855525754
WI,2014-03-23,5.7,236.028,80.0,3.574,1.6126949139408042,-0.5,6.464104855525754
WI,2014-03-24,5.7,236.028,80.0,3.551,1.6126949139408042,-0.5,3.2567606862460075
WI,2014-03-25,5.7,236.028,80.0,3.551,1.6126949139408042,-0.5,3.2567606862460075
WI,2014-03-26,5.7,236.028,80.0,3.551,1.6126949139408042,-0.5,3.2567606862460075
WI,2014-03-27,5.7,236.028,80.0,3.551,1.6126949139408042,-0.5,3.2567606862460075
WI,2014-03-28,5.7,236.028,80.0,3.551,1.6126949139408042,-0.5,3.2567606862460075
WI,2014-03-29,5.7,236.028,80.0,3.551,1.6126949139408042,-0.5,3.2567606862460075
WI,2014-03-30,5.7,236.028,80.0,3.551,1.6126949139408042,-0.5,3.2567606862460075
WI,2014-03-31,5.7,236.028,80.0,3.589,1.6126949139408042,-0.5,2.6601830663615544
WI,2014-04-01,5.6,236.468,84.1,3.589,2.015125303606169,-0.40000000000000036,2.6601830663615544
WI,2014-04-02,5.6,236.468,84.1,3.589,2.015125303606169,-0.40000000000000036,2.6601830663615544
WI,2014-04-03,5.6,236.468,84.1,3.589,2.015125303606169,-0.40000000000000036,2.6601830663615544
WI,2014-04-04,5.6,236.468,84.1,3.589,2.015125303606169,-0.40000000000000036,2.6601830663615544
WI,2014-04-05,5.6,236.468,84.1,3.589,2.015125303606169,-0.40000000000000036,2.6601830663615544
WI,2014-04-06,5.6,236.468,84.1,3.589,2.015125303606169,-0.40000000000000036,2.6601830663615544
WI,2014-04-07,5.6,236.468,84.1,3.578,2.015125303606169,-0.40000000000000036,1.1305822498586693
WI,2014-04-08,5.6,236.468,84.1,3.578,2.015125303606169,-0.40000000000000036,1.1305822498586693
WI,2014-04-09,5.6,236.468,84.1,3.578,2.015125303606169,-0.40000000000000036,1.1305822498586693
WI,2014-04-10,5.6,236.468,84.1,3.578,2.015125303606169,-0.40000000000000036,1.1305822498586693
WI,2014-04-11,5.6,236.468,84.1,3.578,2.015125303606169,-0.40000000000000036,1.1305822498586693
WI,2014-04-12,5.6,236.468,84.1,3.578,2.015125303606169,-0.40000000000000036,1.1305822498586693
WI,2014-04-13,5.6,236.468,84.1,3.578,2.015125303606169,-0.40000000000000036,1.1305822498586693
WI,2014-04-14,5.6,236.468,84.1,3.633,2.015125303606169,-0.40000000000000036,1.6508114157806508
WI,2014-04-15,5.6,236.468,84.1,3.633,2.015125303606169,-0.40000000000000036,1.6508114157806508
WI,2014-04-16,5.6,236.468,84.1,3.633,2.015125303606169,-0.40000000000000036,1.6508114157806508
WI,2014-04-17,5.6,236.468,84.1,3.633,2.015125303606169,-0.40000000000000036,1.6508114157806508
WI,2014-04-18,5.6,236.468,84.1,3.633,2.015125303606169,-0.40000000000000036,1.6508114157806508
WI,2014-04-19,5.6,236.468,84.1,3.633,2.015125303606169,-0.40000000000000036,1.6508114157806508
WI,2014-04-20,5.6,236.468,84.1,3.633,2.015125303606169,-0.40000000000000036,1.6508114157806508
WI,2014-04-21,5.6,236.468,84.1,3.64,2.015125303606169,-0.40000000000000036,2.5063362433117353
WI,2014-04-22,5.6,236.468,84.1,3.64,2.015125303606169,-0.40000000000000036,2.5063362433117353
WI,2014-04-23,5.6,236.468,84.1,3.64,2.015125303606169,-0.40000000000000036,2.5063362433117353
WI,2014-04-24,5.6,236.468,84.1,3.64,2.015125303606169,-0.40000000000000036,2.5063362433117353
WI,2014-04-25,5.6,236.468,84.1,3.64,2.015125303606169,-0.40000000000000036,2.5063362433117353
WI,2014-04-26,5.6,236.468,84.1,3.64,2.015125303606169,-0.40000000000000036,2.5063362433117353
WI,2014-04-27,5.6,236.468,84.1,3.64,2.015125303606169,-0.40000000000000036,2.5063362433117353
WI,2014-04-28,5.6,236.468,84.1,3.662,2.015125303606169,-0.40000000000000036,2.0339927556422444
WI,2014-04-29,5.6,236.468,84.1,3.662,2.015125303606169,-0.40000000000000036,2.0339927556422444
WI,2014-04-30,5.6,236.468,84.1,3.662,2.015125303606169,-0.40000000000000036,2.0339927556422444
WI,2014-05-01,5.5,236.918,81.9,3.662,2.166947687079812,-0.5,2.0339927556422444
WI,2014-05-02,5.5,236.918,81.9,3.662,2.166947687079812,-0.40000000000000036,2.0339927556422444
WI,2014-05-03,5.5,236.918,81.9,3.662,2.166947687079812,-0.40000000000000036,2.0339927556422444
WI,2014-05-04,5.5,236.918,81.9,3.662,2.166947687079812,-0.40000000000000036,2.0339927556422444
WI,2014-05-05,5.5,236.918,81.9,3.595,2.166947687079812,-0.40000000000000036,0.4751257685858157
WI,2014-05-06,5.5,236.918,81.9,3.595,2.166947687079812,-0.40000000000000036,0.4751257685858157
WI,2014-05-07,5.5,236.918,81.9,3.595,2.166947687079812,-0.40000000000000036,0.4751257685858157
WI,2014-05-08,5.5,236.918,81.9,3.595,2.166947687079812,-0.40000000000000036,0.4751257685858157
WI,2014-05-09,5.5,236.918,81.9,3.595,2.166947687079812,-0.40000000000000036,0.4751257685858157
WI,2014-05-10,5.5,236.918,81.9,3.595,2.166947687079812,-0.40000000000000036,0.4751257685858157
WI,2014-05-11,5.5,236.918,81.9,3.595,2.166947687079812,-0.40000000000000036,0.4751257685858157
WI,2014-05-12,5.5,236.918,81.9,3.596,2.166947687079812,-0.40000000000000036,-1.0184420589044896
WI,2014-05-13,5.5,236.918,81.9,3.596,2.166947687079812,-0.40000000000000036,-1.0184420589044896
WI,2014-05-14,5.5,236.918,81.9,3.596,2.166947687079812,-0.40000000000000036,-1.0184420589044896
WI,2014-05-15,5.5,236.918,81.9,3.596,2.166947687079812,-0.40000000000000036,-1.0184420589044896
WI,2014-05-16,5.5,236.918,81.9,3.596,2.166947687079812,-0.40000000000000036,-1.0184420589044896
WI,2014-05-17,5.5,236.918,81.9,3.596,2.166947687079812,-0.40000000000000036,-1.0184420589044896
WI,2014-05-18,5.5,236.918,81.9,3.596,2.166947687079812,-0.40000000000000036,-1.0184420589044896
WI,2014-05-19,5.5,236.918,81.9,3.611,2.166947687079812,-0.40000000000000036,-0.7967032967032939
WI,2014-05-20,5.5,236.918,81.9,3.611,2.166947687079812,-0.40000000000000036,-0.7967032967032939
WI,2014-05-21,5.5,236.918,81.9,3.611,2.166947687079812,-0.40000000000000036,-0.7967032967032939
WI,2014-05-22,5.5,236.918,81.9,3.611,2.166947687079812,-0.40000000000000036,-0.7967032967032939
WI,2014-05-23,5.5,236.918,81.9,3.611,2.166947687079812,-0.40000000000000036,-0.7967032967032939
WI,2014-05-24,5.5,236.918,81.9,3.611,2.166947687079812,-0.40000000000000036,-0.7967032967032939
WI,2014-05-25,5.5,236.918,81.9,3.611,2.166947687079812,-0.40000000000000036,-0.7967032967032939
WI,2014-05-26,5.5,236.918,81.9,3.651,2.166947687079812,-0.40000000000000036,-0.30038230475150085
WI,2014-05-27,5.5,236.918,81.9,3.651,2.166947687079812,-0.40000000000000036,-0.30038230475150085
WI,2014-05-28,5.5,236.918,81.9,3.651,2.166947687079812,-0.40000000000000036,-0.30038230475150085
WI,2014-05-29,5.5,236.918,81.9,3.651,2.166947687079812,-0.40000000000000036,-0.30038230475150085
WI,2014-05-30,5.5,236.918,81.9,3.651,2.166947687079812,-0.20000000000000018,-0.30038230475150085
WI,2014-05-31,5.5,236.918,81.9,3.651,2.166947687079812,-0.20000000000000018,-0.30038230475150085
WI,2014-06-01,5.4,237.231,82.5,3.651,2.0589816945944195,-0.2999999999999998,-0.30038230475150085
WI,2014-06-02,5.4,237.231,82.5,3.713,2.0589816945944195,-0.2999999999999998,3.2823365785813685
WI,2014-06-03,5.4,237.231,82.5,3.713,2.0589816945944195,-0.2999999999999998,3.2823365785813685
WI,2014-06-04,5.4,237.231,82.5,3.713,2.0589816945944195,-0.2999999999999998,3.2823365785813685
WI,2014-06-05,5.4,237.231,82.5,3.713,2.0589816945944195,-0.2999999999999998,3.2823365785813685
WI,2014-06-06,5.4,237.231,82.5,3.713,2.0589816945944195,-0.2999999999999998,3.2823365785813685
WI,2014-06-07,5.4,237.231,82.5,3.713,2.0589816945944195,-0.2999999999999998,3.2823365785813685
WI,2014-06-08,5.4,237.231,82.5,3.713,2.0589816945944195,-0.2999999999999998,3.2823365785813685
WI,2014-06-09,5.4,237.231,82.5,3.692,2.0589816945944195,-0.2999999999999998,2.6696329254727535
WI,2014-06-10,5.4,237.231,82.5,3.692,2.0589816945944195,-0.2999999999999998,2.6696329254727535
WI,2014-06-11,5.4,237.231,82.5,3.692,2.0589816945944195,-0.2999999999999998,2.6696329254727535
WI,2014-06-12,5.4,237.231,82.5,3.692,2.0589816945944195,-0.2999999999999998,2.6696329254727535
WI,2014-06-13,5.4,237.231,82.5,3.692,2.0589816945944195,-0.2999999999999998,2.6696329254727535
WI,2014-06-14,5.4,237.231,82.5,3.692,2.0589816945944195,-0.2999999999999998,2.6696329254727535
WI,2014-06-15,5.4,237.231,82.5,3.692,2.0589816945944195,-0.2999999999999998,2.6696329254727535
WI,2014-06-16,5.4,237.231,82.5,3.714,2.0589816945944195,-0.2999999999999998,2.852395458321788
WI,2014-06-17,5.4,237.231,82.5,3.714,2.0589816945944195,-0.2999999999999998,2.852395458321788
WI,2014-06-18,5.4,237.231,82.5,3.714,2.0589816945944195,-0.2999999999999998,2.852395458321788
WI,2014-06-19,5.4,237.231,82.5,3.714,2.0589816945944195,-0.2999999999999998,2.852395458321788
WI,2014-06-20,5.4,237.231,82.5,3.714,2.0589816945944195,-0.2999999999999998,2.852395458321788
WI,2014-06-21,5.4,237.231,82.5,3.714,2.0589816945944195,-0.2999999999999998,2.852395458321788
WI,2014-06-22,5.4,237.231,82.5,3.714,2.0589816945944195,-0.2999999999999998,2.852395458321788
WI,2014-06-23,5.4,237.231,82.5,3.693,2.0589816945944195,-0.2999999999999998,1.1503697617091246
WI,2014-06-24,5.4,237.231,82.5,3.693,2.0589816945944195,-0.2999999999999998,1.1503697617091246
WI,2014-06-25,5.4,237.231,82.5,3.693,2.0589816945944195,-0.2999999999999998,1.1503697617091246
WI,2014-06-26,5.4,237.231,82.5,3.693,2.0589816945944195,-0.2999999999999998,1.1503697617091246
WI,2014-06-27,5.4,237.231,82.5,3.693,2.0589816945944195,-0.2999999999999998,1.1503697617091246
WI,2014-06-28,5.4,237.231,82.5,3.693,2.0589816945944195,-0.2999999999999998,1.1503697617091246
WI,2014-06-29,5.4,237.231,82.5,3.693,2.0589816945944195,-0.2999999999999998,1.1503697617091246
WI,2014-06-30,5.4,237.231,82.5,3.671,2.0589816945944195,-0.1999999999999993,-1.1311607864260775
WI,2014-07-01,5.3,237.498,81.8,3.671,1.9742378703305974,-0.2999999999999998,-1.1311607864260775
WI,2014-07-02,5.3,237.498,81.8,3.671,1.9742378703305974,-0.2999999999999998,-1.1311607864260775
WI,2014-07-03,5.3,237.498,81.8,3.671,1.9742378703305974,-0.2999999999999998,-1.1311607864260775
WI,2014-07-04,5.3,237.498,81.8,3.671,1.9742378703305974,-0.2999999999999998,-1.1311607864260775
WI,2014-07-05,5.3,237.498,81.8,3.671,1.9742378703305974,-0.2999999999999998,-1.1311607864260775
WI,2014-07-06,5.3,237.498,81.8,3.671,1.9742378703305974,-0.2999999999999998,-1.1311607864260775
WI,2014-07-07,5.3,237.498,81.8,3.614,1.9742378703305974,-0.2999999999999998,-2.1126760563380365
WI,2014-07-08,5.3,237.498,81.8,3.614,1.9742378703305974,-0.2999999999999998,-2.1126760563380365
WI,2014-07-09,5.3,237.498,81.8,3.614,1.9742378703305974,-0.2999999999999998,-2.1126760563380365
WI,2014-07-10,5.3,237.498,81.8,3.614,1.9742378703305974,-0.2999999999999998,-2.1126760563380365
WI,2014-07-11,5.3,237.498,81.8,3.614,1.9742378703305974,-0.2999999999999998,-2.1126760563380365
WI,2014-07-12,5.3,237.498,81.8,3.614,1.9742378703305974,-0.2999999999999998,-2.1126760563380365
WI,2014-07-13,5.3,237.498,81.8,3.614,1.9742378703305974,-0.2999999999999998,-2.1126760563380365
WI,2014-07-14,5.3,237.498,81.8,3.539,1.9742378703305974,-0.2999999999999998,-4.7119009154550255
WI,2014-07-15,5.3,237.498,81.8,3.539,1.9742378703305974,-0.2999999999999998,-4.7119009154550255
WI,2014-07-16,5.3,237.498,81.8,3.539,1.9742378703305974,-0.2999999999999998,-4.7119009154550255
WI,2014-07-17,5.3,237.498,81.8,3.539,1.9742378703305974,-0.2999999999999998,-4.7119009154550255
WI,2014-07-18,5.3,237.498,81.8,3.539,1.9742378703305974,-0.2999999999999998,-4.7119009154550255
WI,2014-07-19,5.3,237.498,81.8,3.539,1.9742378703305974,-0.2999999999999998,-4.7119009154550255
WI,2014-07-20,5.3,237.498,81.8,3.539,1.9742378703305974,-0.2999999999999998,-4.7119009154550255
WI,2014-07-21,5.3,237.498,81.8,3.497,1.9742378703305974,-0.2999999999999998,-5.307338207419443
WI,2014-07-22,5.3,237.498,81.8,3.497,1.9742378703305974,-0.2999999999999998,-5.307338207419443
WI,2014-07-23,5.3,237.498,81.8,3.497,1.9742378703305974,-0.2999999999999998,-5.307338207419443
WI,2014-07-24,5.3,237.498,81.8,3.497,1.9742378703305974,-0.2999999999999998,-5.307338207419443
WI,2014-07-25,5.3,237.498,81.8,3.497,1.9742378703305974,-0.2999999999999998,-5.307338207419443
WI,2014-07-26,5.3,237.498,81.8,3.497,1.9742378703305974,-0.2999999999999998,-5.307338207419443
WI,2014-07-27,5.3,237.498,81.8,3.497,1.9742378703305974,-0.2999999999999998,-5.307338207419443
WI,2014-07-28,5.3,237.498,81.8,3.409,1.9742378703305974,-0.2999999999999998,-7.137019885589757
WI,2014-07-29,5.3,237.498,81.8,3.409,1.9742378703305974,-0.2999999999999998,-7.137019885589757
WI,2014-07-30,5.3,237.498,81.8,3.409,1.9742378703305974,-0.20000000000000018,-7.137019885589757
WI,2014-07-31,5.3,237.498,81.8,3.409,1.9742378703305974,-0.20000000000000018,-7.137019885589757
WI,2014-08-01,5.2,237.46,82.5,3.409,1.7150983482969062,-0.2999999999999998,-7.137019885589757
WI,2014-08-02,5.2,237.46,82.5,3.409,1.7150983482969062,-0.2999999999999998,-7.137019885589757
WI,2014-08-03,5.2,237.46,82.5,3.409,1.7150983482969062,-0.2999999999999998,-7.137019885589757
WI,2014-08-04,5.2,237.46,82.5,3.416,1.7150983482969062,-0.2999999999999998,-5.478693967902604
WI,2014-08-05,5.2,237.46,82.5,3.416,1.7150983482969062,-0.2999999999999998,-5.478693967902604
WI,2014-08-06,5.2,237.46,82.5,3.416,1.7150983482969062,-0.2999999999999998,-5.478693967902604
WI,2014-08-07,5.2,237.46,82.5,3.416,1.7150983482969062,-0.2999999999999998,-5.478693967902604
WI,2014-08-08,5.2,237.46,82.5,3.416,1.7150983482969062,-0.2999999999999998,-5.478693967902604
WI,2014-08-09,5.2,237.46,82.5,3.416,1.7150983482969062,-0.2999999999999998,-5.478693967902604
WI,2014-08-10,5.2,237.46,82.5,3.416,1.7150983482969062,-0.2999999999999998,-5.478693967902604
WI,2014-08-11,5.2,237.46,82.5,3.451,1.7150983482969062,-0.2999999999999998,-2.4865781294150957
WI,2014-08-12,5.2,237.46,82.5,3.451,1.7150983482969062,-0.2999999999999998,-2.4865781294150957
WI,2014-08-13,5.2,237.46,82.5,3.451,1.7150983482969062,-0.2999999999999998,-2.4865781294150957
WI,2014-08-14,5.2,237.46,82.5,3.451,1.7150983482969062,-0.2999999999999998,-2.4865781294150957
WI,2014-08-15,5.2,237.46,82.5,3.451,1.7150983482969062,-0.2999999999999998,-2.4865781294150957
WI,2014-08-16,5.2,237.46,82.5,3.451,1.7150983482969062,-0.2999999999999998,-2.4865781294150957
WI,2014-08-17,5.2,237.46,82.5,3.451,1.7150983482969062,-0.2999999999999998,-2.4865781294150957
WI,2014-08-18,5.2,237.46,82.5,3.395,1.7150983482969062,-0.2999999999999998,-2.916785816414069
WI,2014-08-19,5.2,237.46,82.5,3.395,1.7150983482969062,-0.2999999999999998,-2.916785816414069
WI,2014-08-20,5.2,237.46,82.5,3.395,1.7150983482969062,-0.2999999999999998,-2.916785816414069
WI,2014-08-21,5.2,237.46,82.5,3.395,1.7150983482969062,-0.2999999999999998,-2.916785816414069
WI,2014-08-22,5.2,237.46,82.5,3.395,1.7150983482969062,-0.2999999999999998,-2.916785816414069
WI,2014-08-23,5.2,237.46,82.5,3.395,1.7150983482969062,-0.2999999999999998,-2.916785816414069
WI,2014-08-24,5.2,237.46,82.5,3.395,1.7150983482969062,-0.2999999999999998,-2.916785816414069
WI,2014-08-25,5.2,237.46,82.5,3.397,1.7150983482969062,-0.2999999999999998,-0.3520093869169849
WI,2014-08-26,5.2,237.46,82.5,3.397,1.7150983482969062,-0.2999999999999998,-0.3520093869169849
WI,2014-08-27,5.2,237.46,82.5,3.397,1.7150983482969062,-0.2999999999999998,-0.3520093869169849
WI,2014-08-28,5.2,237.46,82.5,3.397,1.7150983482969062,-0.2999999999999998,-0.3520093869169849
WI,2014-08-29,5.2,237.46,82.5,3.397,1.7150983482969062,-0.2999999999999998,-0.3520093869169849
WI,2014-08-30,5.2,237.46,82.5,3.397,1.7150983482969062,-0.20000000000000018,-0.3520093869169849
WI,2014-08-31,5.2,237.46,82.5,3.397,1.7150983482969062,-0.20000000000000018,-0.3520093869169849
WI,2014-09-01,5.1,237.477,84.6,3.432,1.6840509711232077,-0.3000000000000007,0.4683840749414525
WI,2014-09-02,5.1,237.477,84.6,3.432,1.6840509711232077,-0.3000000000000007,0.4683840749414525
WI,2014-09-03,5.1,237.477,84.6,3.432,1.6840509711232077,-0.3000000000000007,0.4683840749414525
WI,2014-09-04,5.1,237.477,84.6,3.432,1.6840509711232077,-0.3000000000000007,0.4683840749414525
WI,2014-09-05,5.1,237.477,84.6,3.432,1.6840509711232077,-0.3000000000000007,0.4683840749414525
WI,2014-09-06,5.1,237.477,84.6,3.432,1.6840509711232077,-0.3000000000000007,0.4683840749414525
WI,2014-09-07,5.1,237.477,84.6,3.432,1.6840509711232077,-0.3000000000000007,0.4683840749414525
WI,2014-09-08,5.1,237.477,84.6,3.438,1.6840509711232077,-0.3000000000000007,-0.3767024050999712
WI,2014-09-09,5.1,237.477,84.6,3.438,1.6840509711232077,-0.3000000000000007,-0.3767024050999712
WI,2014-09-10,5.1,237.477,84.6,3.438,1.6840509711232077,-0.3000000000000007,-0.3767024050999712
WI,2014-09-11,5.1,237.477,84.6,3.438,1.6840509711232077,-0.3000000000000007,-0.3767024050999712
WI,2014-09-12,5.1,237.477,84.6,3.438,1.6840509711232077,-0.3000000000000007,-0.3767024050999712
WI,2014-09-13,5.1,237.477,84.6,3.438,1.6840509711232077,-0.3000000000000007,-0.3767024050999712
WI,2014-09-14,5.1,237.477,84.6,3.438,1.6840509711232077,-0.3000000000000007,-0.3767024050999712
WI,2014-09-15,5.1,237.477,84.6,3.357,1.6840509711232077,-0.3000000000000007,-1.1192930780559607
WI,2014-09-16,5.1,237.477,84.6,3.357,1.6840509711232077,-0.3000000000000007,-1.1192930780559607
WI,2014-09-17,5.1,237.477,84.6,3.357,1.6840509711232077,-0.3000000000000007,-1.1192930780559607
WI,2014-09-18,5.1,237.477,84.6,3.357,1.6840509711232077,-0.3000000000000007,-1.1192930780559607
WI,2014-09-19,5.1,237.477,84.6,3.357,1.6840509711232077,-0.3000000000000007,-1.1192930780559607
WI,2014-09-20,5.1,237.477,84.6,3.357,1.6840509711232077,-0.3000000000000007,-1.1192930780559607
WI,2014-09-21,5.1,237.477,84.6,3.357,1.6840509711232077,-0.3000000000000007,-1.1192930780559607
WI,2014-09-22,5.1,237.477,84.6,3.275,1.6840509711232077,-0.3000000000000007,-3.5914041801589636
WI,2014-09-23,5.1,237.477,84.6,3.275,1.6840509711232077,-0.3000000000000007,-3.5914041801589636
WI,2014-09-24,5.1,237.477,84.6,3.275,1.6840509711232077,-0.3000000000000007,-3.5914041801589636
WI,2014-09-25,5.1,237.477,84.6,3.275,1.6840509711232077,-0.3000000000000007,-3.5914041801589636
WI,2014-09-26,5.1,237.477,84.6,3.275,1.6840509711232077,-0.3000000000000007,-3.5914041801589636
WI,2014-09-27,5.1,237.477,84.6,3.275,1.6840509711232077,-0.3000000000000007,-3.5914041801589636
WI,2014-09-28,5.1,237.477,84.6,3.275,1.6840509711232077,-0.3000000000000007,-3.5914041801589636
WI,2014-09-29,5.1,237.477,84.6,3.299,1.6840509711232077,-0.20000000000000018,-3.8752913752913787
WI,2014-09-30,5.1,237.477,84.6,3.299,1.6840509711232077,-0.20000000000000018,-3.8752913752913787
WI,2014-10-01,5.0,237.43,86.9,3.299,1.6095417021513292,-0.2999999999999998,-3.8752913752913787
WI,2014-10-02,5.0,237.43,86.9,3.299,1.6095417021513292,-0.2999999999999998,-3.8752913752913787
WI,2014-10-03,5.0,237.43,86.9,3.299,1.6095417021513292,-0.2999999999999998,-3.8752913752913787
WI,2014-10-04,5.0,237.43,86.9,3.299,1.6095417021513292,-0.2999999999999998,-3.8752913752913787
WI,2014-10-05,5.0,237.43,86.9,3.299,1.6095417021513292,-0.2999999999999998,-3.8752913752913787
WI,2014-10-06,5.0,237.43,86.9,3.195,1.6095417021513292,-0.2999999999999998,-7.068062827225141
WI,2014-10-07,5.0,237.43,86.9,3.195,1.6095417021513292,-0.2999999999999998,-7.068062827225141
WI,2014-10-08,5.0,237.43,86.9,3.195,1.6095417021513292,-0.2999999999999998,-7.068062827225141
WI,2014-10-09,5.0,237.43,86.9,3.195,1.6095417021513292,-0.2999999999999998,-7.068062827225141
WI,2014-10-10,5.0,237.43,86.9,3.195,1.6095417021513292,-0.2999999999999998,-7.068062827225141
WI,2014-10-11,5.0,237.43,86.9,3.195,1.6095417021513292,-0.2999999999999998,-7.068062827225141
WI,2014-10-12,5.0,237.43,86.9,3.195,1.6095417021513292,-0.2999999999999998,-7.068062827225141
WI,2014-10-13,5.0,237.43,86.9,3.084,1.6095417021513292,-0.2999999999999998,-8.13226094727435
WI,2014-10-14,5.0,237.43,86.9,3.084,1.6095417021513292,-0.2999999999999998,-8.13226094727435
WI,2014-10-15,5.0,237.43,86.9,3.084,1.6095417021513292,-0.2999999999999998,-8.13226094727435
WI,2014-10-16,5.0,237.43,86.9,3.084,1.6095417021513292,-0.2999999999999998,-8.13226094727435
WI,2014-10-17,5.0,237.43,86.9,3.084,1.6095417021513292,-0.2999999999999998,-8.13226094727435
WI,2014-10-18,5.0,237.43,86.9,3.084,1.6095417021513292,-0.2999999999999998,-8.13226094727435
WI,2014-10-19,5.0,237.43,86.9,3.084,1.6095417021513292,-0.2999999999999998,-8.13226094727435
WI,2014-10-20,5.0,237.43,86.9,3.028,1.6095417021513292,-0.2999999999999998,-7.5419847328244245
WI,2014-10-21,5.0,237.43,86.9,3.028,1.6095417021513292,-0.2999999999999998,-7.5419847328244245
WI,2014-10-22,5.0,237.43,86.9,3.028,1.6095417021513292,-0.2999999999999998,-7.5419847328244245
WI,2014-10-23,5.0,237.43,86.9,3.028,1.6095417021513292,-0.2999999999999998,-7.5419847328244245
WI,2014-10-24,5.0,237.43,86.9,3.028,1.6095417021513292,-0.2999999999999998,-7.5419847328244245
WI,2014-10-25,5.0,237.43,86.9,3.028,1.6095417021513292,-0.2999999999999998,-7.5419847328244245
WI,2014-10-26,5.0,237.43,86.9,3.028,1.6095417021513292,-0.2999999999999998,-7.5419847328244245
WI,2014-10-27,5.0,237.43,86.9,3.017,1.6095417021513292,-0.2999999999999998,-8.548044862079418
WI,2014-10-28,5.0,237.43,86.9,3.017,1.6095417021513292,-0.2999999999999998,-8.548044862079418
WI,2014-10-29,5.0,237.43,86.9,3.017,1.6095417021513292,-0.2999999999999998,-8.548044862079418
WI,2014-10-30,5.0,237.43,86.9,3.017,1.6095417021513292,-0.20000000000000018,-8.548044862079418
WI,2014-10-31,5.0,237.43,86.9,3.017,1.6095417021513292,-0.20000000000000018,-8.548044862079418
WI,2014-11-01,4.9,236.983,88.8,3.017,1.231524989320798,-0.2999999999999998,-8.548044862079418
WI,2014-11-02,4.9,236.983,88.8,3.017,1.231524989320798,-0.2999999999999998,-8.548044862079418
WI,2014-11-03,4.9,236.983,88.8,2.959,1.231524989320798,-0.2999999999999998,-7.386541471048503
WI,2014-11-04,4.9,236.983,88.8,2.959,1.231524989320798,-0.2999999999999998,-7.386541471048503
WI,2014-11-05,4.9,236.983,88.8,2.959,1.231524989320798,-0.2999999999999998,-7.386541471048503
WI,2014-11-06,4.9,236.983,88.8,2.959,1.231524989320798,-0.2999999999999998,-7.386541471048503
WI,2014-11-07,4.9,236.983,88.8,2.959,1.231524989320798,-0.2999999999999998,-7.386541471048503
WI,2014-11-08,4.9,236.983,88.8,2.959,1.231524989320798,-0.2999999999999998,-7.386541471048503
WI,2014-11-09,4.9,236.983,88.8,2.959,1.231524989320798,-0.2999999999999998,-7.386541471048503
WI,2014-11-10,4.9,236.983,88.8,2.906,1.231524989320798,-0.2999999999999998,-5.771725032425423
WI,2014-11-11,4.9,236.983,88.8,2.906,1.231524989320798,-0.2999999999999998,-5.771725032425423
WI,2014-11-12,4.9,236.983,88.8,2.906,1.231524989320798,-0.2999999999999998,-5.771725032425423
WI,2014-11-13,4.9,236.983,88.8,2.906,1.231524989320798,-0.2999999999999998,-5.771725032425423
WI,2014-11-14,4.9,236.983,88.8,2.906,1.231524989320798,-0.2999999999999998,-5.771725032425423
WI,2014-11-15,4.9,236.983,88.8,2.906,1.231524989320798,-0.2999999999999998,-5.771725032425423
WI,2014-11-16,4.9,236.983,88.8,2.906,1.231524989320798,-0.2999999999999998,-5.771725032425423
WI,2014-11-17,4.9,236.983,88.8,2.856,1.231524989320798,-0.2999999999999998,-5.680317040951133
WI,2014-11-18,4.9,236.983,88.8,2.856,1.231524989320798,-0.2999999999999998,-5.680317040951133
WI,2014-11-19,4.9,236.983,88.8,2.856,1.231524989320798,-0.2999999999999998,-5.680317040951133
WI,2014-11-20,4.9,236.983,88.8,2.856,1.231524989320798,-0.2999999999999998,-5.680317040951133
WI,2014-11-21,4.9,236.983,88.8,2.856,1.231524989320798,-0.2999999999999998,-5.680317040951133
WI,2014-11-22,4.9,236.983,88.8,2.856,1.231524989320798,-0.2999999999999998,-5.680317040951133
WI,2014-11-23,4.9,236.983,88.8,2.856,1.231524989320798,-0.2999999999999998,-5.680317040951133
WI,2014-11-24,4.9,236.983,88.8,2.762,1.231524989320798,-0.2999999999999998,-8.452104739807753
WI,2014-11-25,4.9,236.983,88.8,2.762,1.231524989320798,-0.2999999999999998,-8.452104739807753
WI,2014-11-26,4.9,236.983,88.8,2.762,1.231524989320798,-0.2999999999999998,-8.452104739807753
WI,2014-11-27,4.9,236.983,88.8,2.762,1.231524989320798,-0.2999999999999998,-8.452104739807753
WI,2014-11-28,4.9,236.983,88.8,2.762,1.231524989320798,-0.2999999999999998,-8.452104739807753
WI,2014-11-29,4.9,236.983,88.8,2.762,1.231524989320798,-0.2999999999999998,-8.452104739807753
WI,2014-11-30,4.9,236.983,88.8,2.762,1.231524989320798,-0.1999999999999993,-8.452104739807753
WI,2014-12-01,4.8,236.252,93.6,2.715,0.6531213919623191,-0.2999999999999998,-8.246029063872939
WI,2014-12-02,4.8,236.252,93.6,2.715,0.6531213919623191,-0.2999999999999998,-8.246029063872939
WI,2014-12-03,4.8,236.252,93.6,2.715,0.6531213919623191,-0.2999999999999998,-8.246029063872939
WI,2014-12-04,4.8,236.252,93.6,2.715,0.6531213919623191,-0.2999999999999998,-8.246029063872939
WI,2014-12-05,4.8,236.252,93.6,2.715,0.6531213919623191,-0.2999999999999998,-8.246029063872939
WI,2014-12-06,4.8,236.252,93.6,2.715,0.6531213919623191,-0.2999999999999998,-8.246029063872939
WI,2014-12-07,4.8,236.252,93.6,2.715,0.6531213919623191,-0.2999999999999998,-8.246029063872939
WI,2014-12-08,4.8,236.252,93.6,2.586,0.6531213919623191,-0.2999999999999998,-11.011699931176889
WI,2014-12-09,4.8,236.252,93.6,2.586,0.6531213919623191,-0.2999999999999998,-11.011699931176889
WI,2014-12-10,4.8,236.252,93.6,2.586,0.6531213919623191,-0.2999999999999998,-11.011699931176889
WI,2014-12-11,4.8,236.252,93.6,2.586,0.6531213919623191,-0.2999999999999998,-11.011699931176889
WI,2014-12-12,4.8,236.252,93.6,2.586,0.6531213919623191,-0.2999999999999998,-11.011699931176889
WI,2014-12-13,4.8,236.252,93.6,2.586,0.6531213919623191,-0.2999999999999998,-11.011699931176889
WI,2014-12-14,4.8,236.252,93.6,2.586,0.6531213919623191,-0.2999999999999998,-11.011699931176889
WI,2014-12-15,4.8,236.252,93.6,2.417,0.6531213919623191,-0.2999999999999998,-15.371148459383754
WI,2014-12-16,4.8,236.252,93.6,2.417,0.6531213919623191,-0.2999999999999998,-15.371148459383754
WI,2014-12-17,4.8,236.252,93.6,2.417,0.6531213919623191,-0.2999999999999998,-15.371148459383754
WI,2014-12-18,4.8,236.252,93.6,2.417,0.6531213919623191,-0.2999999999999998,-15.371148459383754
WI,2014-12-19,4.8,236.252,93.6,2.417,0.6531213919623191,-0.2999999999999998,-15.371148459383754
WI,2014-12-20,4.8,236.252,93.6,2.417,0.6531213919623191,-0.2999999999999998,-15.371148459383754
WI,2014-12-21,4.8,236.252,93.6,2.417,0.6531213919623191,-0.2999999999999998,-15.371148459383754
WI,2014-12-22,4.8,236.252,93.6,2.224,0.6531213919623191,-0.2999999999999998,-19.478638667632143
WI,2014-12-23,4.8,236.252,93.6,2.224,0.6531213919623191,-0.2999999999999998,-19.478638667632143
WI,2014-12-24,4.8,236.252,93.6,2.224,0.6531213919623191,-0.2999999999999998,-19.478638667632143
WI,2014-12-25,4.8,236.252,93.6,2.224,0.6531213919623191,-0.2999999999999998,-19.478638667632143
WI,2014-12-26,4.8,236.252,93.6,2.224,0.6531213919623191,-0.2999999999999998,-19.478638667632143
WI,2014-12-27,4.8,236.252,93.6,2.224,0.6531213919623191,-0.2999999999999998,-19.478638667632143
WI,2014-12-28,4.8,236.252,93.6,2.224,0.6531213919623191,-0.2999999999999998,-19.478638667632143
WI,2014-12-29,4.8,236.252,93.6,2.088,0.6531213919623191,-0.2999999999999998,-23.093922651933696
WI,2014-12-30,4.8,236.252,93.6,2.088,0.6531213919623191,-0.20000000000000018,-23.093922651933696
WI,2014-12-31,4.8,236.252,93.6,2.088,0.6531213919623191,-0.20000000000000018,-23.093922651933696
WI,2015-01-01,4.7,234.747,98.1,2.088,-0.22993097820542818,-0.2999999999999998,-23.093922651933696
WI,2015-01-02,4.7,234.747,98.1,2.088,-0.22993097820542818,-0.2999999999999998,-23.093922651933696
WI,2015-01-03,4.7,234.747,98.1,2.088,-0.22993097820542818,-0.2999999999999998,-23.093922651933696
WI,2015-01-04,4.7,234.747,98.1,2.088,-0.22993097820542818,-0.2999999999999998,-23.093922651933696
WI,2015-01-05,4.7,234.747,98.1,1.974,-0.22993097820542818,-0.2999999999999998,-23.665893271461712
WI,2015-01-06,4.7,234.747,98.1,1.974,-0.22993097820542818,-0.2999999999999998,-23.665893271461712
WI,2015-01-07,4.7,234.747,98.1,1.974,-0.22993097820542818,-0.2999999999999998,-23.665893271461712
WI,2015-01-08,4.7,234.747,98.1,1.974,-0.22993097820542818,-0.2999999999999998,-23.665893271461712
WI,2015-01-09,4.7,234.747,98.1,1.974,-0.22993097820542818,-0.2999999999999998,-23.665893271461712
WI,2015-01-10,4.7,234.747,98.1,1.974,-0.22993097820542818,-0.2999999999999998,-23.665893271461712
WI,2015-01-11,4.7,234.747,98.1,1.974,-0.22993097820542818,-0.2999999999999998,-23.665893271461712
WI,2015-01-12,4.7,234.747,98.1,1.95,-0.22993097820542818,-0.2999999999999998,-19.321472900289617
WI,2015-01-13,4.7,234.747,98.1,1.95,-0.22993097820542818,-0.2999999999999998,-19.321472900289617
WI,2015-01-14,4.7,234.747,98.1,1.95,-0.22993097820542818,-0.2999999999999998,-19.321472900289617
WI,2015-01-15,4.7,234.747,98.1,1.95,-0.22993097820542818,-0.2999999999999998,-19.321472900289617
WI,2015-01-16,4.7,234.747,98.1,1.95,-0.22993097820542818,-0.2999999999999998,-19.321472900289617
WI,2015-01-17,4.7,234.747,98.1,1.95,-0.22993097820542818,-0.2999999999999998,-19.321472900289617
WI,2015-01-18,4.7,234.747,98.1,1.95,-0.22993097820542818,-0.2999999999999998,-19.321472900289617
WI,2015-01-19,4.7,234.747,98.1,1.918,-0.22993097820542818,-0.2999999999999998,-13.75899280575541
WI,2015-01-20,4.7,234.747,98.1,1.918,-0.22993097820542818,-0.2999999999999998,-13.75899280575541
WI,2015-01-21,4.7,234.747,98.1,1.918,-0.22993097820542818,-0.2999999999999998,-13.75899280575541
WI,2015-01-22,4.7,234.747,98.1,1.918,-0.22993097820542818,-0.2999999999999998,-13.75899280575541
WI,2015-01-23,4.7,234.747,98.1,1.918,-0.22993097820542818,-0.2999999999999998,-13.75899280575541
WI,2015-01-24,4.7,234.747,98.1,1.918,-0.22993097820542818,-0.2999999999999998,-13.75899280575541
WI,2015-01-25,4.7,234.747,98.1,1.918,-0.22993097820542818,-0.2999999999999998,-13.75899280575541
WI,2015-01-26,4.7,234.747,98.1,1.936,-0.22993097820542818,-0.2999999999999998,-7.279693486590045
WI,2015-01-27,4.7,234.747,98.1,1.936,-0.22993097820542818,-0.2999999999999998,-7.279693486590045
WI,2015-01-28,4.7,234.747,98.1,1.936,-0.22993097820542818,-0.2999999999999998,-7.279693486590045
WI,2015-01-29,4.7,234.747,98.1,1.936,-0.22993097820542818,-0.2999999999999998,-7.279693486590045
WI,2015-01-30,4.7,234.747,98.1,1.936,-0.22993097820542818,-0.20000000000000018,-7.279693486590045
WI,2015-01-31,4.7,234.747,98.1,1.936,-0.22993097820542818,-0.20000000000000018,-7.279693486590045
WI,2015-02-01,4.7,235.342,95.4,1.936,-0.08703146293520536,-0.20000000000000018,-7.279693486590045
WI,2015-02-02,4.7,235.342,95.4,2.029,-0.08703146293520536,-0.20000000000000018,2.7862208713272496
WI,2015-02-03,4.7,235.342,95.4,2.029,-0.08703146293520536,-0.20000000000000018,2.7862208713272496
WI,2015-02-04,4.7,235.342,95.4,2.029,-0.08703146293520536,-0.20000000000000018,2.7862208713272496
WI,2015-02-05,4.7,235.342,95.4,2.029,-0.08703146293520536,-0.20000000000000018,2.7862208713272496
WI,2015-02-06,4.7,235.342,95.4,2.029,-0.08703146293520536,-0.20000000000000018,2.7862208713272496
WI,2015-02-07,4.7,235.342,95.4,2.029,-0.08703146293520536,-0.20000000000000018,2.7862208713272496
WI,2015-02-08,4.7,235.342,95.4,2.029,-0.08703146293520536,-0.20000000000000018,2.7862208713272496
WI,2015-02-09,4.7,235.342,95.4,2.166,-0.08703146293520536,-0.20000000000000018,11.076923076923073
WI,2015-02-10,4.7,235.342,95.4,2.166,-0.08703146293520536,-0.20000000000000018,11.076923076923073
WI,2015-02-11,4.7,235.342,95.4,2.166,-0.08703146293520536,-0.20000000000000018,11.076923076923073
WI,2015-02-12,4.7,235.342,95.4,2.166,-0.08703146293520536,-0.20000000000000018,11.076923076923073
WI,2015-02-13,4.7,235.342,95.4,2.166,-0.08703146293520536,-0.20000000000000018,11.076923076923073
WI,2015-02-14,4.7,235.342,95.4,2.166,-0.08703146293520536,-0.20000000000000018,11.076923076923073
WI,2015-02-15,4.7,235.342,95.4,2.166,-0.08703146293520536,-0.20000000000000018,11.076923076923073
WI,2015-02-16,4.7,235.342,95.4,2.237,-0.08703146293520536,-0.20000000000000018,16.631908237747673
WI,2015-02-17,4.7,235.342,95.4,2.237,-0.08703146293520536,-0.20000000000000018,16.631908237747673
WI,2015-02-18,4.7,235.342,95.4,2.237,-0.08703146293520536,-0.20000000000000018,16.631908237747673
WI,2015-02-19,4.7,235.342,95.4,2.237,-0.08703146293520536,-0.20000000000000018,16.631908237747673
WI,2015-02-20,4.7,235.342,95.4,2.237,-0.08703146293520536,-0.20000000000000018,16.631908237747673
WI,2015-02-21,4.7,235.342,95.4,2.237,-0.08703146293520536,-0.20000000000000018,16.631908237747673
WI,2015-02-22,4.7,235.342,95.4,2.237,-0.08703146293520536,-0.20000000000000018,16.631908237747673
WI,2015-02-23,4.7,235.342,95.4,2.274,-0.08703146293520536,-0.20000000000000018,17.45867768595042
WI,2015-02-24,4.7,235.342,95.4,2.274,-0.08703146293520536,-0.20000000000000018,17.45867768595042
WI,2015-02-25,4.7,235.342,95.4,2.274,-0.08703146293520536,-0.20000000000000018,17.45867768595042
WI,2015-02-26,4.7,235.342,95.4,2.274,-0.08703146293520536,-0.20000000000000018,17.45867768595042
WI,2015-02-27,4.7,235.342,95.4,2.274,-0.08703146293520536,-0.20000000000000018,17.45867768595042
WI,2015-02-28,4.7,235.342,95.4,2.274,-0.08703146293520536,-0.20000000000000018,17.45867768595042
WI,2015-03-01,4.6,235.976,93.0,2.274,-0.022031284423873476,-0.20000000000000018,17.45867768595042
WI,2015-03-02,4.6,235.976,93.0,2.378,-0.022031284423873476,-0.20000000000000018,17.200591424346978
WI,2015-03-03,4.6,235.976,93.0,2.378,-0.022031284423873476,-0.20000000000000018,17.200591424346978
WI,2015-03-04,4.6,235.976,93.0,2.378,-0.022031284423873476,-0.20000000000000018,17.200591424346978
WI,2015-03-05,4.6,235.976,93.0,2.378,-0.022031284423873476,-0.20000000000000018,17.200591424346978
WI,2015-03-06,4.6,235.976,93.0,2.378,-0.022031284423873476,-0.20000000000000018,17.200591424346978
WI,2015-03-07,4.6,235.976,93.0,2.378,-0.022031284423873476,-0.20000000000000018,17.200591424346978
WI,2015-03-08,4.6,235.976,93.0,2.378,-0.022031284423873476,-0.20000000000000018,17.200591424346978
WI,2015-03-09,4.6,235.976,93.0,2.339,-0.022031284423873476,-0.20000000000000018,7.9870729455217
WI,2015-03-10,4.6,235.976,93.0,2.339,-0.022031284423873476,-0.20000000000000018,7.9870729455217
WI,2015-03-11,4.6,235.976,93.0,2.339,-0.022031284423873476,-0.20000000000000018,7.9870729455217
WI,2015-03-12,4.6,235.976,93.0,2.339,-0.022031284423873476,-0.20000000000000018,7.9870729455217
WI,2015-03-13,4.6,235.976,93.0,2.339,-0.022031284423873476,-0.20000000000000018,7.9870729455217
WI,2015-03-14,4.6,235.976,93.0,2.339,-0.022031284423873476,-0.20000000000000018,7.9870729455217
WI,2015-03-15,4.6,235.976,93.0,2.339,-0.022031284423873476,-0.20000000000000018,7.9870729455217
WI,2015-03-16,4.6,235.976,93.0,2.285,-0.022031284423873476,-0.20000000000000018,2.145730889584274
WI,2015-03-17,4.6,235.976,93.0,2.285,-0.022031284423873476,-0.20000000000000018,2.145730889584274
WI,2015-03-18,4.6,235.976,93.0,2.285,-0.022031284423873476,-0.20000000000000018,2.145730889584274
WI,2015-03-19,4.6,235.976,93.0,2.285,-0.022031284423873476,-0.20000000000000018,2.145730889584274
WI,2015-03-20,4.6,235.976,93.0,2.285,-0.022031284423873476,-0.20000000000000018,2.145730889584274
WI,2015-03-21,4.6,235.976,93.0,2.285,-0.022031284423873476,-0.20000000000000018,2.145730889584274
WI,2015-03-22,4.6,235.976,93.0,2.285,-0.022031284423873476,-0.20000000000000018,2.145730889584274
WI,2015-03-23,4.6,235.976,93.0,2.391,-0.022031284423873476,-0.20000000000000018,5.145118733509224
WI,2015-03-24,4.6,235.976,93.0,2.391,-0.022031284423873476,-0.20000000000000018,5.145118733509224
WI,2015-03-25,4.6,235.976,93.0,2.391,-0.022031284423873476,-0.20000000000000018,5.145118733509224
WI,2015-03-26,4.6,235.976,93.0,2.391,-0.022031284423873476,-0.20000000000000018,5.145118733509224
WI,2015-03-27,4.6,235.976,93.0,2.391,-0.022031284423873476,-0.20000000000000018,5.145118733509224
WI,2015-03-28,4.6,235.976,93.0,2.391,-0.022031284423873476,-0.20000000000000018,5.145118733509224
WI,2015-03-29,4.6,235.976,93.0,2.391,-0.022031284423873476,-0.20000000000000018,5.145118733509224
WI,2015-03-30,4.6,235.976,93.0,2.378,-0.022031284423873476,-0.20000000000000018,0.0
WI,2015-03-31,4.6,235.976,93.0,2.378,-0.022031284423873476,-0.20000000000000018,0.0
WI,2015-04-01,4.6,236.222,95.9,2.378,-0.10403098939391064,-0.10000000000000053,0.0
WI,2015-04-02,4.6,236.222,95.9,2.378,-0.10403098939391064,-0.10000000000000053,0.0
WI,2015-04-03,4.6,236.222,95.9,2.378,-0.10403098939391064,-0.10000000000000053,0.0
WI,2015-04-04,4.6,236.222,95.9,2.378,-0.10403098939391064,-0.10000000000000053,0.0
WI,2015-04-05,4.6,236.222,95.9,2.378,-0.10403098939391064,-0.10000000000000053,0.0
WI,2015-04-06,4.6,236.222,95.9,2.312,-0.10403098939391064,-0.10000000000000053,-1.1543394613082625
WI,2015-04-07,4.6,236.222,95.9,2.312,-0.10403098939391064,-0.10000000000000053,-1.1543394613082625
WI,2015-04-08,4.6,236.222,95.9,2.312,-0.10403098939391064,-0.10000000000000053,-1.1543394613082625
WI,2015-04-09,4.6,236.222,95.9,2.312,-0.10403098939391064,-0.10000000000000053,-1.1543394613082625
WI,2015-04-10,4.6,236.222,95.9,2.312,-0.10403098939391064,-0.10000000000000053,-1.1543394613082625
WI,2015-04-11,4.6,236.222,95.9,2.312,-0.10403098939391064,-0.10000000000000053,-1.1543394613082625
WI,2015-04-12,4.6,236.222,95.9,2.312,-0.10403098939391064,-0.10000000000000053,-1.1543394613082625
WI,2015-04-13,4.6,236.222,95.9,2.303,-0.10403098939391064,-0.10000000000000053,0.7877461706783384
WI,2015-04-14,4.6,236.222,95.9,2.303,-0.10403098939391064,-0.10000000000000053,0.7877461706783384
WI,2015-04-15,4.6,236.222,95.9,2.303,-0.10403098939391064,-0.10000000000000053,0.7877461706783384
WI,2015-04-16,4.6,236.222,95.9,2.303,-0.10403098939391064,-0.10000000000000053,0.7877461706783384
WI,2015-04-17,4.6,236.222,95.9,2.303,-0.10403098939391064,-0.10000000000000053,0.7877461706783384
WI,2015-04-18,4.6,236.222,95.9,2.303,-0.10403098939391064,-0.10000000000000053,0.7877461706783384
WI,2015-04-19,4.6,236.222,95.9,2.303,-0.10403098939391064,-0.10000000000000053,0.7877461706783384
WI,2015-04-20,4.6,236.222,95.9,2.397,-0.10403098939391064,-0.10000000000000053,0.25094102885820924
WI,2015-04-21,4.6,236.222,95.9,2.397,-0.10403098939391064,-0.10000000000000053,0.25094102885820924
WI,2015-04-22,4.6,236.222,95.9,2.397,-0.10403098939391064,-0.10000000000000053,0.25094102885820924
WI,2015-04-23,4.6,236.222,95.9,2.397,-0.10403098939391064,-0.10000000000000053,0.25094102885820924
WI,2015-04-24,4.6,236.222,95.9,2.397,-0.10403098939391064,-0.10000000000000053,0.25094102885820924
WI,2015-04-25,4.6,236.222,95.9,2.397,-0.10403098939391064,-0.10000000000000053,0.25094102885820924
WI,2015-04-26,4.6,236.222,95.9,2.397,-0.10403098939391064,-0.10000000000000053,0.25094102885820924
WI,2015-04-27,4.6,236.222,95.9,2.439,-0.10403098939391064,-0.10000000000000053,2.5651808242220353
WI,2015-04-28,4.6,236.222,95.9,2.439,-0.10403098939391064,-0.10000000000000053,2.5651808242220353
WI,2015-04-29,4.6,236.222,95.9,2.439,-0.10403098939391064,-0.10000000000000053,2.5651808242220353
WI,2015-04-30,4.6,236.222,95.9,2.439,-0.10403098939391064,-0.10000000000000053,2.5651808242220353
WI,2015-05-01,4.5,237.001,90.7,2.439,0.03503321824429584,-0.20000000000000018,2.5651808242220353
WI,2015-05-02,4.5,237.001,90.7,2.439,0.03503321824429584,-0.20000000000000018,2.5651808242220353
WI,2015-05-03,4.5,237.001,90.7,2.439,0.03503321824429584,-0.20000000000000018,2.5651808242220353
WI,2015-05-04,4.5,237.001,90.7,2.499,0.03503321824429584,-0.20000000000000018,8.088235294117663
WI,2015-05-05,4.5,237.001,90.7,2.499,0.03503321824429584,-0.20000000000000018,8.088235294117663
WI,2015-05-06,4.5,237.001,90.7,2.499,0.03503321824429584,-0.20000000000000018,8.088235294117663
WI,2015-05-07,4.5,237.001,90.7,2.499,0.03503321824429584,-0.20000000000000018,8.088235294117663
WI,2015-05-08,4.5,237.001,90.7,2.499,0.03503321824429584,-0.20000000000000018,8.088235294117663
WI,2015-05-09,4.5,237.001,90.7,2.499,0.03503321824429584,-0.20000000000000018,8.088235294117663
WI,2015-05-10,4.5,237.001,90.7,2.499,0.03503321824429584,-0.20000000000000018,8.088235294117663
WI,2015-05-11,4.5,237.001,90.7,2.508,0.03503321824429584,-0.20000000000000018,8.901432913590979
WI,2015-05-12,4.5,237.001,90.7,2.508,0.03503321824429584,-0.20000000000000018,8.901432913590979
WI,2015-05-13,4.5,237.001,90.7,2.508,0.03503321824429584,-0.20000000000000018,8.901432913590979
WI,2015-05-14,4.5,237.001,90.7,2.508,0.03503321824429584,-0.20000000000000018,8.901432913590979
WI,2015-05-15,4.5,237.001,90.7,2.508,0.03503321824429584,-0.20000000000000018,8.901432913590979
WI,2015-05-16,4.5,237.001,90.7,2.508,0.03503321824429584,-0.20000000000000018,8.901432913590979
WI,2015-05-17,4.5,237.001,90.7,2.508,0.03503321824429584,-0.20000000000000018,8.901432913590979
WI,2015-05-18,4.5,237.001,90.7,2.597,0.03503321824429584,-0.20000000000000018,8.343763037129758
WI,2015-05-19,4.5,237.001,90.7,2.597,0.03503321824429584,-0.20000000000000018,8.343763037129758
WI,2015-05-20,4.5,237.001,90.7,2.597,0.03503321824429584,-0.20000000000000018,8.343763037129758
WI,2015-05-21,4.5,237.001,90.7,2.597,0.03503321824429584,-0.20000000000000018,8.343763037129758
WI,2015-05-22,4.5,237.001,90.7,2.597,0.03503321824429584,-0.20000000000000018,8.343763037129758
WI,2015-05-23,4.5,237.001,90.7,2.597,0.03503321824429584,-0.20000000000000018,8.343763037129758
WI,2015-05-24,4.5,237.001,90.7,2.597,0.03503321824429584,-0.20000000000000018,8.343763037129758
WI,2015-05-25,4.5,237.001,90.7,2.655,0.03503321824429584,-0.20000000000000018,8.856088560885599
WI,2015-05-26,4.5,237.001,90.7,2.655,0.03503321824429584,-0.20000000000000018,8.856088560885599
WI,2015-05-27,4.5,237.001,90.7,2.655,0.03503321824429584,-0.20000000000000018,8.856088560885599
WI,2015-05-28,4.5,237.001,90.7,2.655,0.03503321824429584,-0.20000000000000018,8.856088560885599
WI,2015-05-29,4.5,237.001,90.7,2.655,0.03503321824429584,-0.20000000000000018,8.856088560885599
WI,2015-05-30,4.5,237.001,90.7,2.655,0.03503321824429584,-0.09999999999999964,8.856088560885599
WI,2015-05-31,4.5,237.001,90.7,2.655,0.03503321824429584,-0.09999999999999964,8.856088560885599
WI,2015-06-01,4.4,237.657,96.1,2.694,0.1795718097550525,-0.1999999999999993,7.803121248499401
WI,2015-06-02,4.4,237.657,96.1,2.694,0.1795718097550525,-0.1999999999999993,7.803121248499401
WI,2015-06-03,4.4,237.657,96.1,2.694,0.1795718097550525,-0.1999999999999993,7.803121248499401
WI,2015-06-04,4.4,237.657,96.1,2.694,0.1795718097550525,-0.1999999999999993,7.803121248499401
WI,2015-06-05,4.4,237.657,96.1,2.694,0.1795718097550525,-0.1999999999999993,7.803121248499401
WI,2015-06-06,4.4,237.657,96.1,2.694,0.1795718097550525,-0.1999999999999993,7.803121248499401
WI,2015-06-07,4.4,237.657,96.1,2.694,0.1795718097550525,-0.1999999999999993,7.803121248499401
WI,2015-06-08,4.4,237.657,96.1,2.677,0.1795718097550525,-0.1999999999999993,6.738437001594888
WI,2015-06-09,4.4,237.657,96.1,2.677,0.1795718097550525,-0.1999999999999993,6.738437001594888
WI,2015-06-10,4.4,237.657,96.1,2.677,0.1795718097550525,-0.1999999999999993,6.738437001594888
WI,2015-06-11,4.4,237.657,96.1,2.677,0.1795718097550525,-0.1999999999999993,6.738437001594888
WI,2015-06-12,4.4,237.657,96.1,2.677,0.1795718097550525,-0.1999999999999993,6.738437001594888
WI,2015-06-13,4.4,237.657,96.1,2.677,0.1795718097550525,-0.1999999999999993,6.738437001594888
WI,2015-06-14,4.4,237.657,96.1,2.677,0.1795718097550525,-0.1999999999999993,6.738437001594888
WI,2015-06-15,4.4,237.657,96.1,2.794,0.1795718097550525,-0.1999999999999993,7.585675779745871
WI,2015-06-16,4.4,237.657,96.1,2.794,0.1795718097550525,-0.1999999999999993,7.585675779745871
WI,2015-06-17,4.4,237.657,96.1,2.794,0.1795718097550525,-0.1999999999999993,7.585675779745871
WI,2015-06-18,4.4,237.657,96.1,2.794,0.1795718097550525,-0.1999999999999993,7.585675779745871
WI,2015-06-19,4.4,237.657,96.1,2.794,0.1795718097550525,-0.1999999999999993,7.585675779745871
WI,2015-06-20,4.4,237.657,96.1,2.794,0.1795718097550525,-0.1999999999999993,7.585675779745871
WI,2015-06-21,4.4,237.657,96.1,2.794,0.1795718097550525,-0.1999999999999993,7.585675779745871
WI,2015-06-22,4.4,237.657,96.1,2.743,0.1795718097550525,-0.1999999999999993,3.3145009416195803
WI,2015-06-23,4.4,237.657,96.1,2.743,0.1795718097550525,-0.1999999999999993,3.3145009416195803
WI,2015-06-24,4.4,237.657,96.1,2.743,0.1795718097550525,-0.1999999999999993,3.3145009416195803
WI,2015-06-25,4.4,237.657,96.1,2.743,0.1795718097550525,-0.1999999999999993,3.3145009416195803
WI,2015-06-26,4.4,237.657,96.1,2.743,0.1795718097550525,-0.1999999999999993,3.3145009416195803
WI,2015-06-27,4.4,237.657,96.1,2.743,0.1795718097550525,-0.1999999999999993,3.3145009416195803
WI,2015-06-28,4.4,237.657,96.1,2.743,0.1795718097550525,-0.1999999999999993,3.3145009416195803
WI,2015-06-29,4.4,237.657,96.1,2.736,0.1795718097550525,-0.1999999999999993,1.5590200445434466
WI,2015-06-30,4.4,237.657,96.1,2.736,0.1795718097550525,-0.1999999999999993,1.5590200445434466
WI,2015-07-01,4.3,238.034,93.1,2.736,0.22568611104094582,-0.2999999999999998,1.5590200445434466
WI,2015-07-02,4.3,238.034,93.1,2.736,0.22568611104094582,-0.2999999999999998,1.5590200445434466
WI,2015-07-03,4.3,238.034,93.1,2.736,0.22568611104094582,-0.2999999999999998,1.5590200445434466
WI,2015-07-04,4.3,238.034,93.1,2.736,0.22568611104094582,-0.2999999999999998,1.5590200445434466
WI,2015-07-05,4.3,238.034,93.1,2.736,0.22568611104094582,-0.2999999999999998,1.5590200445434466
WI,2015-07-06,4.3,238.034,93.1,2.736,0.22568611104094582,-0.2999999999999998,2.203959656331711
WI,2015-07-07,4.3,238.034,93.1,2.736,0.22568611104094582,-0.2999999999999998,2.203959656331711
WI,2015-07-08,4.3,238.034,93.1,2.736,0.22568611104094582,-0.2999999999999998,2.203959656331711
WI,2015-07-09,4.3,238.034,93.1,2.736,0.22568611104094582,-0.2999999999999998,2.203959656331711
WI,2015-07-10,4.3,238.034,93.1,2.736,0.22568611104094582,-0.2999999999999998,2.203959656331711
WI,2015-07-11,4.3,238.034,93.1,2.736,0.22568611104094582,-0.2999999999999998,2.203959656331711
WI,2015-07-12,4.3,238.034,93.1,2.736,0.22568611104094582,-0.2999999999999998,2.203959656331711
WI,2015-07-13,4.3,238.034,93.1,2.721,0.22568611104094582,-0.2999999999999998,-2.6127415891195382
WI,2015-07-14,4.3,238.034,93.1,2.721,0.22568611104094582,-0.2999999999999998,-2.6127415891195382
WI,2015-07-15,4.3,238.034,93.1,2.721,0.22568611104094582,-0.2999999999999998,-2.6127415891195382
WI,2015-07-16,4.3,238.034,93.1,2.721,0.22568611104094582,-0.2999999999999998,-2.6127415891195382
WI,2015-07-17,4.3,238.034,93.1,2.721,0.22568611104094582,-0.2999999999999998,-2.6127415891195382
WI,2015-07-18,4.3,238.034,93.1,2.721,0.22568611104094582,-0.2999999999999998,-2.6127415891195382
WI,2015-07-19,4.3,238.034,93.1,2.721,0.22568611104094582,-0.2999999999999998,-2.6127415891195382
WI,2015-07-20,4.3,238.034,93.1,2.671,0.22568611104094582,-0.2999999999999998,-2.624863288370405
WI,2015-07-21,4.3,238.034,93.1,2.671,0.22568611104094582,-0.2999999999999998,-2.624863288370405
WI,2015-07-22,4.3,238.034,93.1,2.671,0.22568611104094582,-0.2999999999999998,-2.624863288370405
WI,2015-07-23,4.3,238.034,93.1,2.671,0.22568611104094582,-0.2999999999999998,-2.624863288370405
WI,2015-07-24,4.3,238.034,93.1,2.671,0.22568611104094582,-0.2999999999999998,-2.624863288370405
WI,2015-07-25,4.3,238.034,93.1,2.671,0.22568611104094582,-0.2999999999999998,-2.624863288370405
WI,2015-07-26,4.3,238.034,93.1,2.671,0.22568611104094582,-0.2999999999999998,-2.624863288370405
WI,2015-07-27,4.3,238.034,93.1,2.583,0.22568611104094582,-0.2999999999999998,-5.592105263157898
WI,2015-07-28,4.3,238.034,93.1,2.583,0.22568611104094582,-0.2999999999999998,-5.592105263157898
WI,2015-07-29,4.3,238.034,93.1,2.583,0.22568611104094582,-0.2999999999999998,-5.592105263157898
WI,2015-07-30,4.3,238.034,93.1,2.583,0.22568611104094582,-0.20000000000000018,-5.592105263157898
WI,2015-07-31,4.3,238.034,93.1,2.583,0.22568611104094582,-0.20000000000000018,-5.592105263157898
WI,2015-08-01,4.3,238.033,91.9,2.583,0.2413037985344868,-0.20000000000000018,-5.592105263157898
WI,2015-08-02,4.3,238.033,91.9,2.583,0.2413037985344868,-0.20000000000000018,-5.592105263157898
WI,2015-08-03,4.3,238.033,91.9,2.518,0.2413037985344868,-0.20000000000000018,-7.967836257309957
WI,2015-08-04,4.3,238.033,91.9,2.518,0.2413037985344868,-0.20000000000000018,-7.967836257309957
WI,2015-08-05,4.3,238.033,91.9,2.518,0.2413037985344868,-0.20000000000000018,-7.967836257309957
WI,2015-08-06,4.3,238.033,91.9,2.518,0.2413037985344868,-0.20000000000000018,-7.967836257309957
WI,2015-08-07,4.3,238.033,91.9,2.518,0.2413037985344868,-0.20000000000000018,-7.967836257309957
WI,2015-08-08,4.3,238.033,91.9,2.518,0.2413037985344868,-0.20000000000000018,-7.967836257309957
WI,2015-08-09,4.3,238.033,91.9,2.518,0.2413037985344868,-0.20000000000000018,-7.967836257309957
WI,2015-08-10,4.3,238.033,91.9,2.474,0.2413037985344868,-0.20000000000000018,-9.077545020213151
WI,2015-08-11,4.3,238.033,91.9,2.474,0.2413037985344868,-0.20000000000000018,-9.077545020213151
WI,2015-08-12,4.3,238.033,91.9,2.474,0.2413037985344868,-0.20000000000000018,-9.077545020213151
WI,2015-08-13,4.3,238.033,91.9,2.474,0.2413037985344868,-0.20000000000000018,-9.077545020213151
WI,2015-08-14,4.3,238.033,91.9,2.474,0.2413037985344868,-0.20000000000000018,-9.077545020213151
WI,2015-08-15,4.3,238.033,91.9,2.474,0.2413037985344868,-0.20000000000000018,-9.077545020213151
WI,2015-08-16,4.3,238.033,91.9,2.474,0.2413037985344868,-0.20000000000000018,-9.077545020213151
WI,2015-08-17,4.3,238.033,91.9,2.79,0.2413037985344868,-0.20000000000000018,4.455260202171485
WI,2015-08-18,4.3,238.033,91.9,2.79,0.2413037985344868,-0.20000000000000018,4.455260202171485
WI,2015-08-19,4.3,238.033,91.9,2.79,0.2413037985344868,-0.20000000000000018,4.455260202171485
WI,2015-08-20,4.3,238.033,91.9,2.79,0.2413037985344868,-0.20000000000000018,4.455260202171485
WI,2015-08-21,4.3,238.033,91.9,2.79,0.2413037985344868,-0.20000000000000018,4.455260202171485
WI,2015-08-22,4.3,238.033,91.9,2.79,0.2413037985344868,-0.20000000000000018,4.455260202171485
WI,2015-08-23,4.3,238.033,91.9,2.79,0.2413037985344868,-0.20000000000000018,4.455260202171485
WI,2015-08-24,4.3,238.033,91.9,2.669,0.2413037985344868,-0.20000000000000018,3.329461866047234
WI,2015-08-25,4.3,238.033,91.9,2.669,0.2413037985344868,-0.20000000000000018,3.329461866047234
WI,2015-08-26,4.3,238.033,91.9,2.669,0.2413037985344868,-0.20000000000000018,3.329461866047234
WI,2015-08-27,4.3,238.033,91.9,2.669,0.2413037985344868,-0.20000000000000018,3.329461866047234
WI,2015-08-28,4.3,238.033,91.9,2.669,0.2413037985344868,-0.20000000000000018,3.329461866047234
WI,2015-08-29,4.3,238.033,91.9,2.669,0.2413037985344868,-0.20000000000000018,3.329461866047234
WI,2015-08-30,4.3,238.033,91.9,2.669,0.2413037985344868,-0.10000000000000053,3.329461866047234
WI,2015-08-31,4.3,238.033,91.9,2.468,0.2413037985344868,-0.10000000000000053,-1.985702938840339
WI,2015-09-01,4.3,237.498,87.2,2.468,0.008842961634170088,-0.10000000000000053,-1.985702938840339
WI,2015-09-02,4.3,237.498,87.2,2.468,0.008842961634170088,-0.10000000000000053,-1.985702938840339
WI,2015-09-03,4.3,237.498,87.2,2.468,0.008842961634170088,-0.10000000000000053,-1.985702938840339
WI,2015-09-04,4.3,237.498,87.2,2.468,0.008842961634170088,-0.10000000000000053,-1.985702938840339
WI,2015-09-05,4.3,237.498,87.2,2.468,0.008842961634170088,-0.10000000000000053,-1.985702938840339
WI,2015-09-06,4.3,237.498,87.2,2.468,0.008842961634170088,-0.10000000000000053,-1.985702938840339
WI,2015-09-07,4.3,237.498,87.2,2.345,0.008842961634170088,-0.10000000000000053,-5.214227970897333
WI,2015-09-08,4.3,237.498,87.2,2.345,0.008842961634170088,-0.10000000000000053,-5.214227970897333
WI,2015-09-09,4.3,237.498,87.2,2.345,0.008842961634170088,-0.10000000000000053,-5.214227970897333
WI,2015-09-10,4.3,237.498,87.2,2.345,0.008842961634170088,-0.10000000000000053,-5.214227970897333
WI,2015-09-11,4.3,237.498,87.2,2.345,0.008842961634170088,-0.10000000000000053,-5.214227970897333
WI,2015-09-12,4.3,237.498,87.2,2.345,0.008842961634170088,-0.10000000000000053,-5.214227970897333
WI,2015-09-13,4.3,237.498,87.2,2.345,0.008842961634170088,-0.10000000000000053,-5.214227970897333
WI,2015-09-14,4.3,237.498,87.2,2.28,0.008842961634170088,-0.10000000000000053,-18.279569892473123
WI,2015-09-15,4.3,237.498,87.2,2.28,0.008842961634170088,-0.10000000000000053,-18.279569892473123
WI,2015-09-16,4.3,237.498,87.2,2.28,0.008842961634170088,-0.10000000000000053,-18.279569892473123
WI,2015-09-17,4.3,237.498,87.2,2.28,0.008842961634170088,-0.10000000000000053,-18.279569892473123
WI,2015-09-18,4.3,237.498,87.2,2.28,0.008842961634170088,-0.10000000000000053,-18.279569892473123
WI,2015-09-19,4.3,237.498,87.2,2.28,0.008842961634170088,-0.10000000000000053,-18.279569892473123
WI,2015-09-20,4.3,237.498,87.2,2.28,0.008842961634170088,-0.10000000000000053,-18.279569892473123
WI,2015-09-21,4.3,237.498,87.2,2.271,0.008842961634170088,-0.10000000000000053,-14.911952041963284
WI,2015-09-22,4.3,237.498,87.2,2.271,0.008842961634170088,-0.10000000000000053,-14.911952041963284
WI,2015-09-23,4.3,237.498,87.2,2.271,0.008842961634170088,-0.10000000000000053,-14.911952041963284
WI,2015-09-24,4.3,237.498,87.2,2.271,0.008842961634170088,-0.10000000000000053,-14.911952041963284
WI,2015-09-25,4.3,237.498,87.2,2.271,0.008842961634170088,-0.10000000000000053,-14.911952041963284
WI,2015-09-26,4.3,237.498,87.2,2.271,0.008842961634170088,-0.10000000000000053,-14.911952041963284
WI,2015-09-27,4.3,237.498,87.2,2.271,0.008842961634170088,-0.10000000000000053,-14.911952041963284
WI,2015-09-28,4.3,237.498,87.2,2.325,0.008842961634170088,-0.10000000000000053,-5.794165316045374
WI,2015-09-29,4.3,237.498,87.2,2.325,0.008842961634170088,0.0,-5.794165316045374
WI,2015-09-30,4.3,237.498,87.2,2.325,0.008842961634170088,0.0,-5.794165316045374
WI,2015-10-01,4.2,237.733,90.0,2.325,0.12761656067050708,-0.09999999999999964,-5.794165316045374
WI,2015-10-02,4.2,237.733,90.0,2.325,0.12761656067050708,-0.09999999999999964,-5.794165316045374
WI,2015-10-03,4.2,237.733,90.0,2.325,0.12761656067050708,-0.09999999999999964,-5.794165316045374
WI,2015-10-04,4.2,237.733,90.0,2.325,0.12761656067050708,-0.09999999999999964,-5.794165316045374
WI,2015-10-05,4.2,237.733,90.0,2.352,0.12761656067050708,-0.09999999999999964,0.29850746268655914
WI,2015-10-06,4.2,237.733,90.0,2.352,0.12761656067050708,-0.09999999999999964,0.29850746268655914
WI,2015-10-07,4.2,237.733,90.0,2.352,0.12761656067050708,-0.09999999999999964,0.29850746268655914
WI,2015-10-08,4.2,237.733,90.0,2.352,0.12761656067050708,-0.09999999999999964,0.29850746268655914
WI,2015-10-09,4.2,237.733,90.0,2.352,0.12761656067050708,-0.09999999999999964,0.29850746268655914
WI,2015-10-10,4.2,237.733,90.0,2.352,0.12761656067050708,-0.09999999999999964,0.29850746268655914
WI,2015-10-11,4.2,237.733,90.0,2.352,0.12761656067050708,-0.09999999999999964,0.29850746268655914
WI,2015-10-12,4.2,237.733,90.0,2.405,0.12761656067050708,-0.09999999999999964,5.482456140350878
WI,2015-10-13,4.2,237.733,90.0,2.405,0.12761656067050708,-0.09999999999999964,5.482456140350878
WI,2015-10-14,4.2,237.733,90.0,2.405,0.12761656067050708,-0.09999999999999964,5.482456140350878
WI,2015-10-15,4.2,237.733,90.0,2.405,0.12761656067050708,-0.09999999999999964,5.482456140350878
WI,2015-10-16,4.2,237.733,90.0,2.405,0.12761656067050708,-0.09999999999999964,5.482456140350878
WI,2015-10-17,4.2,237.733,90.0,2.405,0.12761656067050708,-0.09999999999999964,5.482456140350878
WI,2015-10-18,4.2,237.733,90.0,2.405,0.12761656067050708,-0.09999999999999964,5.482456140350878
WI,2015-10-19,4.2,237.733,90.0,2.3,0.12761656067050708,-0.09999999999999964,1.276970497578156
WI,2015-10-20,4.2,237.733,90.0,2.3,0.12761656067050708,-0.09999999999999964,1.276970497578156
WI,2015-10-21,4.2,237.733,90.0,2.3,0.12761656067050708,-0.09999999999999964,1.276970497578156
WI,2015-10-22,4.2,237.733,90.0,2.3,0.12761656067050708,-0.09999999999999964,1.276970497578156
WI,2015-10-23,4.2,237.733,90.0,2.3,0.12761656067050708,-0.09999999999999964,1.276970497578156
WI,2015-10-24,4.2,237.733,90.0,2.3,0.12761656067050708,-0.09999999999999964,1.276970497578156
WI,2015-10-25,4.2,237.733,90.0,2.3,0.12761656067050708,-0.09999999999999964,1.276970497578156
WI,2015-10-26,4.2,237.733,90.0,2.228,0.12761656067050708,-0.09999999999999964,-4.172043010752691
WI,2015-10-27,4.2,237.733,90.0,2.228,0.12761656067050708,-0.09999999999999964,-4.172043010752691
WI,2015-10-28,4.2,237.733,90.0,2.228,0.12761656067050708,-0.09999999999999964,-4.172043010752691
WI,2015-10-29,4.2,237.733,90.0,2.228,0.12761656067050708,-0.09999999999999964,-4.172043010752691
WI,2015-10-30,4.2,237.733,90.0,2.228,0.12761656067050708,-0.09999999999999964,-4.172043010752691
WI,2015-10-31,4.2,237.733,90.0,2.228,0.12761656067050708,-0.09999999999999964,-4.172043010752691
WI,2015-11-01,4.2,238.017,91.3,2.228,0.4363182169185187,-0.09999999999999964,-4.172043010752691
WI,2015-11-02,4.2,238.017,91.3,2.268,0.4363182169185187,-0.09999999999999964,-3.57142857142857
WI,2015-11-03,4.2,238.017,91.3,2.268,0.4363182169185187,-0.09999999999999964,-3.57142857142857
WI,2015-11-04,4.2,238.017,91.3,2.268,0.4363182169185187,-0.09999999999999964,-3.57142857142857
WI,2015-11-05,4.2,238.017,91.3,2.268,0.4363182169185187,-0.09999999999999964,-3.57142857142857
WI,2015-11-06,4.2,238.017,91.3,2.268,0.4363182169185187,-0.09999999999999964,-3.57142857142857
WI,2015-11-07,4.2,238.017,91.3,2.268,0.4363182169185187,-0.09999999999999964,-3.57142857142857
WI,2015-11-08,4.2,238.017,91.3,2.268,0.4363182169185187,-0.09999999999999964,-3.57142857142857
WI,2015-11-09,4.2,238.017,91.3,2.215,0.4363182169185187,-0.09999999999999964,-7.900207900207901
WI,2015-11-10,4.2,238.017,91.3,2.215,0.4363182169185187,-0.09999999999999964,-7.900207900207901
WI,2015-11-11,4.2,238.017,91.3,2.215,0.4363182169185187,-0.09999999999999964,-7.900207900207901
WI,2015-11-12,4.2,238.017,91.3,2.215,0.4363182169185187,-0.09999999999999964,-7.900207900207901
WI,2015-11-13,4.2,238.017,91.3,2.215,0.4363182169185187,-0.09999999999999964,-7.900207900207901
WI,2015-11-14,4.2,238.017,91.3,2.215,0.4363182169185187,-0.09999999999999964,-7.900207900207901
WI,2015-11-15,4.2,238.017,91.3,2.215,0.4363182169185187,-0.09999999999999964,-7.900207900207901
WI,2015-11-16,4.2,238.017,91.3,2.085,0.4363182169185187,-0.09999999999999964,-9.347826086956513
WI,2015-11-17,4.2,238.017,91.3,2.085,0.4363182169185187,-0.09999999999999964,-9.347826086956513
WI,2015-11-18,4.2,238.017,91.3,2.085,0.4363182169185187,-0.09999999999999964,-9.347826086956513
WI,2015-11-19,4.2,238.017,91.3,2.085,0.4363182169185187,-0.09999999999999964,-9.347826086956513
WI,2015-11-20,4.2,238.017,91.3,2.085,0.4363182169185187,-0.09999999999999964,-9.347826086956513
WI,2015-11-21,4.2,238.017,91.3,2.085,0.4363182169185187,-0.09999999999999964,-9.347826086956513
WI,2015-11-22,4.2,238.017,91.3,2.085,0.4363182169185187,-0.09999999999999964,-9.347826086956513
WI,2015-11-23,4.2,238.017,91.3,1.935,0.4363182169185187,-0.09999999999999964,-13.150807899461403
WI,2015-11-24,4.2,238.017,91.3,1.935,0.4363182169185187,-0.09999999999999964,-13.150807899461403
WI,2015-11-25,4.2,238.017,91.3,1.935,0.4363182169185187,-0.09999999999999964,-13.150807899461403
WI,2015-11-26,4.2,238.017,91.3,1.935,0.4363182169185187,-0.09999999999999964,-13.150807899461403
WI,2015-11-27,4.2,238.017,91.3,1.935,0.4363182169185187,-0.09999999999999964,-13.150807899461403
WI,2015-11-28,4.2,238.017,91.3,1.935,0.4363182169185187,-0.09999999999999964,-13.150807899461403
WI,2015-11-29,4.2,238.017,91.3,1.935,0.4363182169185187,-0.09999999999999964,-13.150807899461403
WI,2015-11-30,4.2,238.017,91.3,1.877,0.4363182169185187,-0.09999999999999964,-17.239858906525562
WI,2015-12-01,4.2,237.761,92.6,1.877,0.6387247515364791,-0.09999999999999964,-17.239858906525562
WI,2015-12-02,4.2,237.761,92.6,1.877,0.6387247515364791,-0.09999999999999964,-17.239858906525562
WI,2015-12-03,4.2,237.761,92.6,1.877,0.6387247515364791,-0.09999999999999964,-17.239858906525562
WI,2015-12-04,4.2,237.761,92.6,1.877,0.6387247515364791,-0.09999999999999964,-17.239858906525562
WI,2015-12-05,4.2,237.761,92.6,1.877,0.6387247515364791,-0.09999999999999964,-17.239858906525562
WI,2015-12-06,4.2,237.761,92.6,1.877,0.6387247515364791,-0.09999999999999964,-17.239858906525562
WI,2015-12-07,4.2,237.761,92.6,1.89,0.6387247515364791,-0.09999999999999964,-14.67268623024831
WI,2015-12-08,4.2,237.761,92.6,1.89,0.6387247515364791,-0.09999999999999964,-14.67268623024831
WI,2015-12-09,4.2,237.761,92.6,1.89,0.6387247515364791,-0.09999999999999964,-14.67268623024831
WI,2015-12-10,4.2,237.761,92.6,1.89,0.6387247515364791,-0.09999999999999964,-14.67268623024831
WI,2015-12-11,4.2,237.761,92.6,1.89,0.6387247515364791,-0.09999999999999964,-14.67268623024831
WI,2015-12-12,4.2,237.761,92.6,1.89,0.6387247515364791,-0.09999999999999964,-14.67268623024831
WI,2015-12-13,4.2,237.761,92.6,1.89,0.6387247515364791,-0.09999999999999964,-14.67268623024831
WI,2015-12-14,4.2,237.761,92.6,1.901,0.6387247515364791,-0.09999999999999964,-8.824940047961627
WI,2015-12-15,4.2,237.761,92.6,1.901,0.6387247515364791,-0.09999999999999964,-8.824940047961627
WI,2015-12-16,4.2,237.761,92.6,1.901,0.6387247515364791,-0.09999999999999964,-8.824940047961627
WI,2015-12-17,4.2,237.761,92.6,1.901,0.6387247515364791,-0.09999999999999964,-8.824940047961627
WI,2015-12-18,4.2,237.761,92.6,1.901,0.6387247515364791,-0.09999999999999964,-8.824940047961627
WI,2015-12-19,4.2,237.761,92.6,1.901,0.6387247515364791,-0.09999999999999964,-8.824940047961627
WI,2015-12-20,4.2,237.761,92.6,1.901,0.6387247515364791,-0.09999999999999964,-8.824940047961627
WI,2015-12-21,4.2,237.761,92.6,1.846,0.6387247515364791,-0.09999999999999964,-4.599483204134369
WI,2015-12-22,4.2,237.761,92.6,1.846,0.6387247515364791,-0.09999999999999964,-4.599483204134369
WI,2015-12-23,4.2,237.761,92.6,1.846,0.6387247515364791,-0.09999999999999964,-4.599483204134369
WI,2015-12-24,4.2,237.761,92.6,1.846,0.6387247515364791,-0.09999999999999964,-4.599483204134369
WI,2015-12-25,4.2,237.761,92.6,1.846,0.6387247515364791,-0.09999999999999964,-4.599483204134369
WI,2015-12-26,4.2,237.761,92.6,1.846,0.6387247515364791,-0.09999999999999964,-4.599483204134369
WI,2015-12-27,4.2,237.761,92.6,1.846,0.6387247515364791,-0.09999999999999964,-4.599483204134369
WI,2015-12-28,4.2,237.761,92.6,1.873,0.6387247515364791,-0.09999999999999964,-0.21310602024506853
WI,2015-12-29,4.2,237.761,92.6,1.873,0.6387247515364791,-0.09999999999999964,-0.21310602024506853
WI,2015-12-30,4.2,237.761,92.6,1.873,0.6387247515364791,0.0,-0.21310602024506853
WI,2015-12-31,4.2,237.761,92.6,1.873,0.6387247515364791,0.0,-0.21310602024506853
WI,2016-01-01,4.2,237.652,92.0,1.873,1.2375025026943876,0.0,-0.21310602024506853
WI,2016-01-02,4.2,237.652,92.0,1.873,1.2375025026943876,0.0,-0.21310602024506853
WI,2016-01-03,4.2,237.652,92.0,1.873,1.2375025026943876,0.0,-0.21310602024506853
WI,2016-01-04,4.2,237.652,92.0,1.86,1.2375025026943876,0.0,-1.5873015873015817
WI,2016-01-05,4.2,237.652,92.0,1.86,1.2375025026943876,0.0,-1.5873015873015817
WI,2016-01-06,4.2,237.652,92.0,1.86,1.2375025026943876,0.0,-1.5873015873015817
WI,2016-01-07,4.2,237.652,92.0,1.86,1.2375025026943876,0.0,-1.5873015873015817
WI,2016-01-08,4.2,237.652,92.0,1.86,1.2375025026943876,0.0,-1.5873015873015817
WI,2016-01-09,4.2,237.652,92.0,1.86,1.2375025026943876,0.0,-1.5873015873015817
WI,2016-01-10,4.2,237.652,92.0,1.86,1.2375025026943876,0.0,-1.5873015873015817
WI,2016-01-11,4.2,237.652,92.0,1.821,1.2375025026943876,0.0,-4.208311415044719
WI,2016-01-12,4.2,237.652,92.0,1.821,1.2375025026943876,0.0,-4.208311415044719
WI,2016-01-13,4.2,237.652,92.0,1.821,1.2375025026943876,0.0,-4.208311415044719
WI,2016-01-14,4.2,237.652,92.0,1.821,1.2375025026943876,0.0,-4.208311415044719
WI,2016-01-15,4.2,237.652,92.0,1.821,1.2375025026943876,0.0,-4.208311415044719
WI,2016-01-16,4.2,237.652,92.0,1.821,1.2375025026943876,0.0,-4.208311415044719
WI,2016-01-17,4.2,237.652,92.0,1.821,1.2375025026943876,0.0,-4.208311415044719
WI,2016-01-18,4.2,237.652,92.0,1.712,1.2375025026943876,0.0,-7.258938244853741
WI,2016-01-19,4.2,237.652,92.0,1.712,1.2375025026943876,0.0,-7.258938244853741
WI,2016-01-20,4.2,237.652,92.0,1.712,1.2375025026943876,0.0,-7.258938244853741
WI,2016-01-21,4.2,237.652,92.0,1.712,1.2375025026943876,0.0,-7.258938244853741
WI,2016-01-22,4.2,237.652,92.0,1.712,1.2375025026943876,0.0,-7.258938244853741
WI,2016-01-23,4.2,237.652,92.0,1.712,1.2375025026943876,0.0,-7.258938244853741
WI,2016-01-24,4.2,237.652,92.0,1.712,1.2375025026943876,0.0,-7.258938244853741
WI,2016-01-25,4.2,237.652,92.0,1.63,1.2375025026943876,0.0,-12.973838761345435
WI,2016-01-26,4.2,237.652,92.0,1.63,1.2375025026943876,0.0,-12.973838761345435
WI,2016-01-27,4.2,237.652,92.0,1.63,1.2375025026943876,0.0,-12.973838761345435
WI,2016-01-28,4.2,237.652,92.0,1.63,1.2375025026943876,0.0,-12.973838761345435
WI,2016-01-29,4.2,237.652,92.0,1.63,1.2375025026943876,0.0,-12.973838761345435
WI,2016-01-30,4.2,237.652,92.0,1.63,1.2375025026943876,0.0,-12.973838761345435
WI,2016-01-31,4.2,237.652,92.0,1.63,1.2375025026943876,0.0,-12.973838761345435
WI,2016-02-01,4.1,237.336,91.7,1.622,0.8472775790126619,-0.10000000000000053,-12.79569892473118
WI,2016-02-02,4.1,237.336,91.7,1.622,0.8472775790126619,-0.10000000000000053,-12.79569892473118
WI,2016-02-03,4.1,237.336,91.7,1.622,0.8472775790126619,-0.10000000000000053,-12.79569892473118
WI,2016-02-04,4.1,237.336,91.7,1.622,0.8472775790126619,-0.10000000000000053,-12.79569892473118
WI,2016-02-05,4.1,237.336,91.7,1.622,0.8472775790126619,-0.10000000000000053,-12.79569892473118
WI,2016-02-06,4.1,237.336,91.7,1.622,0.8472775790126619,-0.10000000000000053,-12.79569892473118
WI,2016-02-07,4.1,237.336,91.7,1.622,0.8472775790126619,-0.10000000000000053,-12.79569892473118
WI,2016-02-08,4.1,237.336,91.7,1.518,0.8472775790126619,-0.10000000000000053,-16.639209225700156
WI,2016-02-09,4.1,237.336,91.7,1.518,0.8472775790126619,-0.10000000000000053,-16.639209225700156
WI,2016-02-10,4.1,237.336,91.7,1.518,0.8472775790126619,-0.10000000000000053,-16.639209225700156
WI,2016-02-11,4.1,237.336,91.7,1.518,0.8472775790126619,-0.10000000000000053,-16.639209225700156
WI,2016-02-12,4.1,237.336,91.7,1.518,0.8472775790126619,-0.10000000000000053,-16.639209225700156
WI,2016-02-13,4.1,237.336,91.7,1.518,0.8472775790126619,-0.10000000000000053,-16.639209225700156
WI,2016-02-14,4.1,237.336,91.7,1.518,0.8472775790126619,-0.10000000000000053,-16.639209225700156
WI,2016-02-15,4.1,237.336,91.7,1.522,0.8472775790126619,-0.10000000000000053,-11.09813084112149
WI,2016-02-16,4.1,237.336,91.7,1.522,0.8472775790126619,-0.10000000000000053,-11.09813084112149
WI,2016-02-17,4.1,237.336,91.7,1.522,0.8472775790126619,-0.10000000000000053,-11.09813084112149
WI,2016-02-18,4.1,237.336,91.7,1.522,0.8472775790126619,-0.10000000000000053,-11.09813084112149
WI,2016-02-19,4.1,237.336,91.7,1.522,0.8472775790126619,-0.10000000000000053,-11.09813084112149
WI,2016-02-20,4.1,237.336,91.7,1.522,0.8472775790126619,-0.10000000000000053,-11.09813084112149
WI,2016-02-21,4.1,237.336,91.7,1.522,0.8472775790126619,-0.10000000000000053,-11.09813084112149
WI,2016-02-22,4.1,237.336,91.7,1.609,0.8472775790126619,-0.10000000000000053,-1.2883435582822012
WI,2016-02-23,4.1,237.336,91.7,1.609,0.8472775790126619,-0.10000000000000053,-1.2883435582822012
WI,2016-02-24,4.1,237.336,91.7,1.609,0.8472775790126619,-0.10000000000000053,-1.2883435582822012
WI,2016-02-25,4.1,237.336,91.7,1.609,0.8472775790126619,-0.10000000000000053,-1.2883435582822012
WI,2016-02-26,4.1,237.336,91.7,1.609,0.8472775790126619,-0.10000000000000053,-1.2883435582822012
WI,2016-02-27,4.1,237.336,91.7,1.609,0.8472775790126619,-0.10000000000000053,-1.2883435582822012
WI,2016-02-28,4.1,237.336,91.7,1.609,0.8472775790126619,-0.10000000000000053,-1.2883435582822012
WI,2016-02-29,4.1,237.336,91.7,1.722,0.5763297962504632,-0.10000000000000053,6.16522811344018
WI,2016-03-01,4.1,238.08,91.0,1.722,0.8916160965521946,-0.10000000000000053,6.16522811344018
WI,2016-03-02,4.1,238.08,91.0,1.722,0.8916160965521946,-0.10000000000000053,6.16522811344018
WI,2016-03-03,4.1,238.08,91.0,1.722,0.8916160965521946,-0.10000000000000053,6.16522811344018
WI,2016-03-04,4.1,238.08,91.0,1.722,0.8916160965521946,-0.10000000000000053,6.16522811344018
WI,2016-03-05,4.1,238.08,91.0,1.722,0.8916160965521946,-0.10000000000000053,6.16522811344018
WI,2016-03-06,4.1,238.08,91.0,1.722,0.8916160965521946,-0.10000000000000053,6.16522811344018
WI,2016-03-07,4.1,238.08,91.0,1.815,0.8916160965521946,-0.10000000000000053,19.565217391304344
WI,2016-03-08,4.1,238.08,91.0,1.815,0.8916160965521946,-0.10000000000000053,19.565217391304344
WI,2016-03-09,4.1,238.08,91.0,1.815,0.8916160965521946,-0.10000000000000053,19.565217391304344
WI,2016-03-10,4.1,238.08,91.0,1.815,0.8916160965521946,-0.10000000000000053,19.565217391304344
WI,2016-03-11,4.1,238.08,91.0,1.815,0.8916160965521946,-0.10000000000000053,19.565217391304344
WI,2016-03-12,4.1,238.08,91.0,1.815,0.8916160965521946,-0.10000000000000053,19.565217391304344
WI,2016-03-13,4.1,238.08,91.0,1.815,0.8916160965521946,-0.10000000000000053,19.565217391304344
WI,2016-03-14,4.1,238.08,91.0,1.929,0.8916160965521946,-0.10000000000000053,26.74113009198422
WI,2016-03-15,4.1,238.08,91.0,1.929,0.8916160965521946,-0.10000000000000053,26.74113009198422
WI,2016-03-16,4.1,238.08,91.0,1.929,0.8916160965521946,-0.10000000000000053,26.74113009198422
WI,2016-03-17,4.1,238.08,91.0,1.929,0.8916160965521946,-0.10000000000000053,26.74113009198422
WI,2016-03-18,4.1,238.08,91.0,1.929,0.8916160965521946,-0.10000000000000053,26.74113009198422
WI,2016-03-19,4.1,238.08,91.0,1.929,0.8916160965521946,-0.10000000000000053,26.74113009198422
WI,2016-03-20,4.1,238.08,91.0,1.929,0.8916160965521946,-0.10000000000000053,26.74113009198422
WI,2016-03-21,4.1,238.08,91.0,1.939,0.8916160965521946,-0.10000000000000053,20.509633312616526
WI,2016-03-22,4.1,238.08,91.0,1.939,0.8916160965521946,-0.10000000000000053,20.509633312616526
WI,2016-03-23,4.1,238.08,91.0,1.939,0.8916160965521946,-0.10000000000000053,20.509633312616526
WI,2016-03-24,4.1,238.08,91.0,1.939,0.8916160965521946,-0.10000000000000053,20.509633312616526
WI,2016-03-25,4.1,238.08,91.0,1.939,0.8916160965521946,-0.10000000000000053,20.509633312616526
WI,2016-03-26,4.1,238.08,91.0,1.939,0.8916160965521946,-0.10000000000000053,20.509633312616526
WI,2016-03-27,4.1,238.08,91.0,1.939,0.8916160965521946,-0.10000000000000053,20.509633312616526
WI,2016-03-28,4.1,238.08,91.0,1.957,0.8916160965521946,-0.10000000000000053,13.64692218350756
WI,2016-03-29,4.1,238.08,91.0,1.957,0.8916160965521946,-0.10000000000000053,13.64692218350756
WI,2016-03-30,4.1,238.08,91.0,1.957,0.8916160965521946,-0.10000000000000053,13.64692218350756
WI,2016-03-31,4.1,238.08,91.0,1.957,0.7865482469880059,-0.10000000000000053,13.64692218350756
WI,2016-04-01,4.0,238.992,89.0,1.957,1.1726257503534843,-0.20000000000000018,13.64692218350756
WI,2016-04-02,4.0,238.992,89.0,1.957,1.1726257503534843,-0.20000000000000018,13.64692218350756
WI,2016-04-03,4.0,238.992,89.0,1.957,1.1726257503534843,-0.20000000000000018,13.64692218350756
WI,2016-04-04,4.0,238.992,89.0,1.988,1.1726257503534843,-0.20000000000000018,9.53168044077135
WI,2016-04-05,4.0,238.992,89.0,1.988,1.1726257503534843,-0.20000000000000018,9.53168044077135
WI,2016-04-06,4.0,238.992,89.0,1.988,1.1726257503534843,-0.20000000000000018,9.53168044077135
WI,2016-04-07,4.0,238.992,89.0,1.988,1.1726257503534843,-0.20000000000000018,9.53168044077135
WI,2016-04-08,4.0,238.992,89.0,1.988,1.1726257503534843,-0.20000000000000018,9.53168044077135
WI,2016-04-09,4.0,238.992,89.0,1.988,1.1726257503534843,-0.20000000000000018,9.53168044077135
WI,2016-04-10,4.0,238.992,89.0,1.988,1.1726257503534843,-0.20000000000000018,9.53168044077135
WI,2016-04-11,4.0,238.992,89.0,1.965,1.1726257503534843,-0.20000000000000018,1.8662519440124425
WI,2016-04-12,4.0,238.992,89.0,1.965,1.1726257503534843,-0.20000000000000018,1.8662519440124425
WI,2016-04-13,4.0,238.992,89.0,1.965,1.1726257503534843,-0.20000000000000018,1.8662519440124425
WI,2016-04-14,4.0,238.992,89.0,1.965,1.1726257503534843,-0.20000000000000018,1.8662519440124425
WI,2016-04-15,4.0,238.992,89.0,1.965,1.1726257503534843,-0.20000000000000018,1.8662519440124425
WI,2016-04-16,4.0,238.992,89.0,1.965,1.1726257503534843,-0.20000000000000018,1.8662519440124425
WI,2016-04-17,4.0,238.992,89.0,1.965,1.1726257503534843,-0.20000000000000018,1.8662519440124425
WI,2016-04-18,4.0,238.992,89.0,2.057,1.1726257503534843,-0.20000000000000018,6.085611139762759
WI,2016-04-19,4.0,238.992,89.0,2.057,1.1726257503534843,-0.20000000000000018,6.085611139762759
WI,2016-04-20,4.0,238.992,89.0,2.057,1.1726257503534843,-0.20000000000000018,6.085611139762759
WI,2016-04-21,4.0,238.992,89.0,2.057,1.1726257503534843,-0.20000000000000018,6.085611139762759
WI,2016-04-22,4.0,238.992,89.0,2.057,1.1726257503534843,-0.20000000000000018,6.085611139762759
WI,2016-04-23,4.0,238.992,89.0,2.057,1.1726257503534843,-0.20000000000000018,6.085611139762759
WI,2016-04-24,4.0,238.992,89.0,2.057,1.1726257503534843,-0.20000000000000018,6.085611139762759
WI,2016-04-25,4.0,238.992,89.0,2.097,1.1726257503534843,-0.20000000000000018,7.153806847215116
WI,2016-04-26,4.0,238.992,89.0,2.097,1.1726257503534843,-0.20000000000000018,7.153806847215116
WI,2016-04-27,4.0,238.992,89.0,2.097,1.1726257503534843,-0.20000000000000018,7.153806847215116
WI,2016-04-28,4.0,238.992,89.0,2.097,1.1726257503534843,-0.20000000000000018,7.153806847215116
WI,2016-04-29,4.0,238.992,89.0,2.097,1.1726257503534843,-0.20000000000000018,7.153806847215116
WI,2016-04-30,4.0,238.992,89.0,2.097,0.840080843540747,-0.20000000000000018,7.153806847215116
WI,2016-05-01,4.0,239.557,94.7,2.097,1.0784764621246223,-0.09999999999999964,7.153806847215116
WI,2016-05-02,4.0,239.557,94.7,2.183,1.0784764621246223,-0.09999999999999964,9.808853118712268
WI,2016-05-03,4.0,239.557,94.7,2.183,1.0784764621246223,-0.09999999999999964,9.808853118712268
WI,2016-05-04,4.0,239.557,94.7,2.183,1.0784764621246223,-0.09999999999999964,9.808853118712268
WI,2016-05-05,4.0,239.557,94.7,2.183,1.0784764621246223,-0.09999999999999964,9.808853118712268
WI,2016-05-06,4.0,239.557,94.7,2.183,1.0784764621246223,-0.09999999999999964,9.808853118712268
WI,2016-05-07,4.0,239.557,94.7,2.183,1.0784764621246223,-0.09999999999999964,9.808853118712268
WI,2016-05-08,4.0,239.557,94.7,2.183,1.0784764621246223,-0.09999999999999964,9.808853118712268
WI,2016-05-09,4.0,239.557,94.7,2.116,1.0784764621246223,-0.09999999999999964,7.68447837150128
WI,2016-05-10,4.0,239.557,94.7,2.116,1.0784764621246223,-0.09999999999999964,7.68447837150128
WI,2016-05-11,4.0,239.557,94.7,2.116,1.0784764621246223,-0.09999999999999964,7.68447837150128
WI,2016-05-12,4.0,239.557,94.7,2.116,1.0784764621246223,-0.09999999999999964,7.68447837150128
WI,2016-05-13,4.0,239.557,94.7,2.116,1.0784764621246223,-0.09999999999999964,7.68447837150128
WI,2016-05-14,4.0,239.557,94.7,2.116,1.0784764621246223,-0.09999999999999964,7.68447837150128
WI,2016-05-15,4.0,239.557,94.7,2.116,1.0784764621246223,-0.09999999999999964,7.68447837150128
WI,2016-05-16,4.0,239.557,94.7,2.178,1.0784764621246223,-0.09999999999999964,5.882352941176472
WI,2016-05-17,4.0,239.557,94.7,2.178,1.0784764621246223,-0.09999999999999964,5.882352941176472
WI,2016-05-18,4.0,239.557,94.7,2.178,1.0784764621246223,-0.09999999999999964,5.882352941176472
WI,2016-05-19,4.0,239.557,94.7,2.178,1.0784764621246223,-0.09999999999999964,5.882352941176472
WI,2016-05-20,4.0,239.557,94.7,2.178,1.0784764621246223,-0.09999999999999964,5.882352941176472
WI,2016-05-21,4.0,239.557,94.7,2.178,1.0784764621246223,-0.09999999999999964,5.882352941176472
WI,2016-05-22,4.0,239.557,94.7,2.178,1.0784764621246223,-0.09999999999999964,5.882352941176472
WI,2016-05-23,4.0,239.557,94.7,2.28,1.0784764621246223,-0.09999999999999964,8.72675250357653
WI,2016-05-24,4.0,239.557,94.7,2.28,1.0784764621246223,-0.09999999999999964,8.72675250357653
WI,2016-05-25,4.0,239.557,94.7,2.28,1.0784764621246223,-0.09999999999999964,8.72675250357653
WI,2016-05-26,4.0,239.557,94.7,2.28,1.0784764621246223,-0.09999999999999964,8.72675250357653
WI,2016-05-27,4.0,239.557,94.7,2.28,1.0784764621246223,-0.09999999999999964,8.72675250357653
WI,2016-05-28,4.0,239.557,94.7,2.28,1.0784764621246223,-0.09999999999999964,8.72675250357653
WI,2016-05-29,4.0,239.557,94.7,2.28,1.0784764621246223,-0.09999999999999964,8.72675250357653
WI,2016-05-30,4.0,239.557,94.7,2.34,1.0784764621246223,-0.09999999999999964,7.1919377004122875
WI,2016-05-31,4.0,239.557,94.7,2.34,0.7994715072562553,-0.09999999999999964,7.1919377004122875
WI,2016-06-01,3.9,240.222,93.5,2.34,1.0792865347959424,-0.19999999999999973,7.1919377004122875
WI,2016-06-02,3.9,240.222,93.5,2.34,1.0792865347959424,-0.19999999999999973,7.1919377004122875
WI,2016-06-03,3.9,240.222,93.5,2.34,1.0792865347959424,-0.19999999999999973,7.1919377004122875
WI,2016-06-04,3.9,240.222,93.5,2.34,1.0792865347959424,-0.19999999999999973,7.1919377004122875
WI,2016-06-05,3.9,240.222,93.5,2.34,1.0792865347959424,-0.19999999999999973,7.1919377004122875
WI,2016-06-06,3.9,240.222,93.5,2.34,1.0792865347959424,-0.19999999999999973,10.586011342155
WI,2016-06-07,3.9,240.222,93.5,2.34,1.0792865347959424,-0.19999999999999973,10.586011342155
WI,2016-06-08,3.9,240.222,93.5,2.34,1.0792865347959424,-0.19999999999999973,10.586011342155
WI,2016-06-09,3.9,240.222,93.5,2.34,1.0792865347959424,-0.19999999999999973,10.586011342155
WI,2016-06-10,3.9,240.222,93.5,2.34,1.0792865347959424,-0.19999999999999973,10.586011342155
WI,2016-06-11,3.9,240.222,93.5,2.34,1.0792865347959424,-0.19999999999999973,10.586011342155
WI,2016-06-12,3.9,240.222,93.5,2.34,1.0792865347959424,-0.19999999999999973,10.586011342155
WI,2016-06-13,3.9,240.222,93.5,2.34,1.0792865347959424,-0.19999999999999973,7.438016528925617
WI,2016-06-14,3.9,240.222,93.5,2.34,1.0792865347959424,-0.19999999999999973,7.438016528925617
WI,2016-06-15,3.9,240.222,93.5,2.34,1.0792865347959424,-0.19999999999999973,7.438016528925617
WI,2016-06-16,3.9,240.222,93.5,2.34,1.0792865347959424,-0.19999999999999973,7.438016528925617
WI,2016-06-17,3.9,240.222,93.5,2.34,1.0792865347959424,-0.19999999999999973,7.438016528925617
WI,2016-06-18,3.9,240.222,93.5,2.34,1.0792865347959424,-0.19999999999999973,7.438016528925617
WI,2016-06-19,3.9,240.222,93.5,2.34,1.0792865347959424,-0.19999999999999973,7.438016528925617
